	control	degron
up	"1    0.265302
2    0.386764
3    0.135563
4    0.127307
5    2.339181
6    0.396957
Name: 7, dtype: float64"	"1    0.417044
2    0.281030
3    0.249922
4    0.123153
5    0.735294
6    0.448878
Name: 7, dtype: float64"
down	"1    8.508622
2    5.156854
3    2.801627
4    0.827498
5    0.584795
6    7.310619
Name: 7, dtype: float64"	"1    6.926564
2    5.948478
3    2.874102
4    1.169951
5    1.102941
6    7.182045
Name: 7, dtype: float64"
