loop_id,label,p2ll
0,5,1.8263348822949477
1,3,2.1577438998501894
2,3,
3,0,
4,0,
5,0,
6,5,
7,3,1.6178483337547096
8,3,1.8824598666750663
9,1,1.690629627051184
10,5,2.098587670420953
11,3,1.185777045216275
12,3,
13,1,
14,5,2.414938365453281
15,3,1.8915524389214537
16,3,1.9972429830694907
17,0,1.5058507573224462
18,0,2.429241322835273
19,0,1.9478474139481885
20,0,2.429241322835273
21,0,1.337710139862122
22,0,0.9955432528361106
23,0,2.1168118810767784
24,0,1.9531945441009388
25,0,1.4719703263590398
26,1,1.706043483455519
27,0,2.0300760333256638
28,2,4.602767940787423
29,0,1.2018621686311612
30,0,1.305253344773086
31,1,1.528220308802759
32,0,1.3541305891194457
33,1,2.2191498769318336
34,0,1.6110265375092296
35,1,1.7268578951121993
36,0,1.6488937675760915
37,1,1.211390461656065
38,0,1.628823879041204
39,0,1.0231078921488581
40,0,1.9605232858265673
41,1,2.1184446362310223
42,1,1.9653250307320123
43,1,2.621903968388736
44,1,1.3573668327932658
45,1,2.8644862578348427
46,1,
47,1,1.718251750594012
48,1,1.3412394316164793
49,3,
50,3,
51,3,1.6948833739370344
52,3,
53,1,0.8536922555502203
54,2,
55,1,1.2752990448969088
56,1,1.2752990448969088
57,1,2.9283862665501785
58,1,1.6537484446557522
59,1,2.9283862665501785
60,1,1.6744695897830728
61,1,1.8183988944287799
62,4,2.313155441296289
63,4,2.056751420910038
64,3,0.7848507813118235
65,5,1.7442787085224027
66,3,1.8470340888910242
67,3,1.6850844726797733
68,3,1.6274480669887
69,1,1.3995918010625732
70,1,1.5493148251815927
71,0,1.1302081181148123
72,1,1.5455767172857133
73,1,1.4910694235153341
74,0,1.387914289550368
75,1,
76,0,
77,0,
78,0,
79,0,1.5894389928455372
80,1,1.4111738759689085
81,1,1.4979524817224692
82,5,2.0547477890507007
83,5,1.3820498247531945
84,3,1.2023370207469852
85,3,2.763940617164953
86,3,1.2104756836003518
87,0,2.104462912241637
88,1,1.4838872210449567
89,1,1.9175828588490202
90,0,2.2877949148059153
91,1,1.5202358106846985
92,0,1.535027556678368
93,0,1.5698358561482029
94,1,1.224054483805226
95,0,2.143523486859847
96,1,1.385818373318103
97,1,1.843853530237366
98,0,1.2452315159537064
99,1,1.3892622581110405
100,1,1.716287874679348
101,0,1.6944653961492753
102,1,1.1908013373717705
103,1,1.0910224251489684
104,1,1.3972081894031545
105,1,1.8886726514768912
106,0,2.1177441030183135
107,0,2.7373600788775865
108,0,4.129525069341645
109,0,4.129525069341645
110,4,1.5931648979514634
111,1,1.2550487528078298
112,1,1.31829369678006
113,0,1.7771947875940122
114,0,
115,1,
116,1,
117,0,
118,1,
119,2,
120,0,
121,1,1.4350335806717704
122,5,1.6620746926626544
123,1,1.2083398278246502
124,1,2.5066631453267965
125,3,2.0052284156989733
126,0,1.8514629733831272
127,1,1.3846077870716622
128,1,1.6646975073408252
129,1,1.736268268918066
130,1,1.8346367021882197
131,1,1.6166744030031759
132,4,1.3634605382326992
133,0,2.295513188525521
134,0,1.8436652735309684
135,1,2.8693403437461478
136,4,1.4567289908846033
137,0,1.2863893580576926
138,0,1.5809661154044778
139,1,0.9136450625669865
140,1,0.9821942106505742
141,0,1.470761063356169
142,0,1.1608753471562412
143,0,2.3335869722373226
144,0,2.2406125529144076
145,0,2.068797511092107
146,0,1.1892213295313787
147,1,2.2000968374326337
148,1,2.0636879442463454
149,0,1.5462886325692151
150,4,
151,1,
152,0,1.7882112932484857
153,1,
154,1,
155,0,
156,0,
157,0,
158,1,1.882156238005004
159,1,2.1555343381865346
160,1,1.9112638127338815
161,1,1.6024784972344646
162,0,2.0413197709604964
163,1,
164,1,
165,0,
166,0,
167,0,
168,1,2.1577245616555754
169,1,2.295098751175623
170,0,1.46240800306905
171,0,1.2878159414245292
172,0,2.0859060635532956
173,0,1.2015990108804528
174,0,2.0859060635532956
175,0,2.2972980830625884
176,0,2.097919597161766
177,0,2.097919597161766
178,0,1.9699129303486715
179,0,1.4348362469135851
180,0,1.647917858907777
181,2,1.9973215336194767
182,1,1.551528017391957
183,0,3.1214669620105524
184,0,2.5066253156370317
185,1,1.551528017391957
186,1,1.2276745902968882
187,5,1.1004960961912527
188,5,1.947625764491568
189,3,1.8185412859084322
190,5,2.2107566531061473
191,3,1.9809523644265892
192,3,1.5396704253893168
193,3,1.4179756261112404
194,1,1.340747502102849
195,1,1.13915294469569
196,0,1.8112808764475223
197,0,1.747308742177349
198,0,2.074835239532255
199,0,1.92471446268667
200,0,2.6786298425384207
201,0,1.021415536232236
202,1,1.446270789719451
203,1,1.3947090393801767
204,0,1.2504027616845463
205,1,1.3581813597310464
206,0,1.3710545192133539
207,0,1.7020384026542592
208,0,1.9197373921176164
209,0,1.6666364705929793
210,4,1.489441823994689
211,0,1.7689276866121524
212,0,1.7093129500171582
213,1,1.5042026700168567
214,0,1.0689441314552992
215,0,2.7937805011063306
216,5,1.7031288228096733
217,0,2.7937805011063306
218,1,1.5134848311605735
219,1,1.5221697218968566
220,5,2.4067279882249792
221,1,2.1716750822371567
222,3,
223,3,
224,3,
225,3,1.5553357800808862
226,3,
227,3,
228,3,
229,3,
230,2,1.5894655612326756
231,1,1.589518802911175
232,1,1.589518802911175
233,1,1.2219922064921638
234,0,1.2233666800710867
235,3,1.45163959041847
236,3,1.9380563640931303
237,3,1.4142507113679685
238,3,1.3418358548857239
239,3,1.7804238090367313
240,3,1.9333775358720746
241,3,2.036171209902908
242,1,1.064742865694188
243,5,2.010298488996454
244,3,1.4085019105011705
245,3,1.350054625885426
246,1,1.2508647139564977
247,0,1.1513167106702347
248,0,
249,1,2.1906359623243636
250,0,2.5651434962707813
251,0,1.9693921457820684
252,0,1.9948105074698474
253,0,2.184508248340928
254,4,
255,4,
256,1,1.5405046025277578
257,1,1.7197495659399118
258,1,1.3478799119196012
259,1,1.461069483364067
260,1,2.055448820677171
261,1,1.4926962954289953
262,1,2.0845854795232075
263,1,1.702350446994658
264,1,1.8411157080308886
265,4,2.3007031274014698
266,0,1.618612453461657
267,1,1.489908689733021
268,0,2.832068348990389
269,0,1.1537420393209645
270,1,1.290455033036834
271,1,2.1174089090981716
272,1,1.278176956447289
273,0,2.139105712725744
274,0,2.2380609065849777
275,1,1.0886025934763945
276,4,1.2931940895627618
277,2,1.4731857109196573
278,1,1.6458079110820225
279,1,1.6776983449668705
280,0,3.5165800862002543
281,0,3.5165800862002543
282,0,2.4007113749648092
283,0,2.4007113749648092
284,0,1.4454094582858825
285,0,2.1508272664557966
286,1,1.3405459049787674
287,0,1.8513606641273455
288,0,1.229987491226235
289,1,1.9623374256436399
290,1,1.8698694275589027
291,0,1.5133715484716554
292,0,1.7038573862169155
293,3,2.0951449662843187
294,3,2.1928505963798317
295,3,1.9634359991777302
296,3,1.9634359991777302
297,0,1.6694515626391868
298,0,1.3398799441650289
299,0,1.704905251075025
300,0,1.6248686353424167
301,1,1.8258362869789373
302,0,2.240195691317889
303,1,1.3379720681631062
304,1,2.5360217224581536
305,1,1.3021880196841902
306,1,1.1655686422781253
307,0,1.7812771405019985
308,1,1.6794559707786938
309,1,1.394014189986064
310,1,1.4196706366201033
311,0,1.8262445734041741
312,0,2.168957848130149
313,2,
314,5,
315,0,
316,3,
317,2,
318,0,1.7596829485500993
319,0,1.686226022927296
320,5,2.5434487769117413
321,1,1.3065311957988717
322,1,1.262581926074176
323,1,2.8236549542000344
324,1,2.635609563334271
325,1,1.53861925170782
326,3,1.2383873329233965
327,5,2.1819751926196584
328,5,1.6530140212551936
329,3,1.4259462572591706
330,5,2.0974323691187364
331,5,0.716275946208936
332,3,0.6709747193153414
333,5,1.0639467149533746
334,3,1.1768428254289824
335,3,1.0023717646797106
336,5,2.3907346787284323
337,2,1.5599498366730158
338,5,1.6437296963023582
339,2,1.2108223152208726
340,4,1.5067082024843184
341,2,1.2007515699082663
342,3,1.0649785693395226
343,3,1.0304106259211283
344,3,1.1113468429522906
345,3,2.0700204365799877
346,3,1.790021187106229
347,1,2.398670016662696
348,5,1.9053017240078982
349,2,1.5510600141587358
350,4,1.9025305175837357
351,4,2.1383849228166585
352,4,1.1123680825280522
353,4,1.4507139210826496
354,4,1.3672121486117328
355,1,1.6820669048819277
356,2,1.5939448862669676
357,4,1.4384439232520987
358,2,1.2827485582327345
359,1,1.5730307878790475
360,0,2.3536162827160862
361,1,1.890560466499073
362,1,1.5124592016649434
363,2,2.2672127792235854
364,2,1.4552251451221183
365,4,1.1220262445318612
366,4,1.2797008104847076
367,0,2.3773404361763535
368,4,1.7791585393945835
369,1,2.224374513728213
370,1,1.4921731627225194
371,1,1.6971231861134435
372,1,1.6066939912476637
373,1,2.002880447885594
374,0,3.075465137507851
375,1,2.441140181491027
376,1,2.196191799866494
377,1,2.097404122031318
378,0,1.2502115640958766
379,1,1.4042890047701146
380,4,1.1436248308432042
381,2,1.454579933676587
382,2,1.5855258243419514
383,2,3.7604955772861492
384,2,3.2020288685585667
385,4,1.7991780505495882
386,2,2.4605215353084904
387,4,1.280352563393205
388,2,2.8430708245834837
389,2,3.1856287572641016
390,2,1.451859769970923
391,2,2.0205295135367622
392,2,1.7478389268512573
393,4,1.2412120756648668
394,5,1.4225267776966104
395,5,2.1742541525388073
396,5,2.3231777399924005
397,1,1.3010003703973767
398,2,
399,2,1.8438944599820615
400,2,1.9701947335817425
401,1,1.1805314783599048
402,4,
403,4,
404,0,1.2556442046274388
405,4,
406,4,
407,3,0.9539996482872724
408,3,1.0544284453925186
409,5,1.4102553056107943
410,5,1.9429547043939603
411,3,1.8975784514285132
412,3,0.8208689263243708
413,3,1.2541694689690215
414,3,1.978165191363713
415,3,1.0697724536382704
416,3,1.092110190512497
417,5,1.555738378842276
418,5,2.0370403036268154
419,3,1.2557649411264682
420,5,1.5696360579468334
421,5,1.5218540025896024
422,2,1.8139031869696056
423,2,1.5489968626956085
424,4,1.777198917127919
425,2,1.82891905511534
426,4,2.18378164957055
427,4,2.2705853302511807
428,2,1.8982285124796816
429,4,1.837433397799527
430,2,2.4879385114631294
431,1,2.3947562169567567
432,1,1.871054851890421
433,1,2.2722363009265645
434,1,2.2358158004614497
435,4,1.3979549812423102
436,4,2.182035462055973
437,5,1.7659106733291714
438,2,1.3791852274002747
439,5,1.6931753787884023
440,3,1.2299614647950694
441,4,1.3819151967081753
442,4,1.7519792271981427
443,1,2.3807919858267494
444,1,2.3807919858267494
445,1,3.127950153912393
446,1,3.127950153912393
447,1,1.5109398895855695
448,1,2.8122544329579267
449,1,2.5515208856570766
450,1,1.7615114155319747
451,4,2.0684878775570112
452,2,1.8065519847163507
453,1,1.8658457319269484
454,2,1.4069184528182959
455,1,1.7831197072787242
456,1,1.2643909279974108
457,4,1.3005160269929739
458,2,1.2481415569311423
459,4,2.1623961486718017
460,2,2.999779262096422
461,2,2.6702697017150157
462,4,1.250632873330848
463,4,2.35248396654053
464,3,1.3917087743483458
465,5,3.19745823575073
466,5,1.5246643406586933
467,3,1.1396459509207628
468,5,0.8996391126309493
469,3,2.4243873941522347
470,3,1.471800194543912
471,3,1.471800194543912
472,5,0.871236152757243
473,5,1.1158374090809349
474,5,2.146255034180102
475,3,2.3651435502561946
476,3,2.6995712123158504
477,5,1.1562422214034482
478,1,2.4637728281448696
479,5,2.1224102935303577
480,1,2.4377546966912678
481,5,2.3231844083623674
482,3,1.3245717742666805
483,3,1.4985068898556058
484,1,1.4180216267533825
485,1,1.5420944975956388
486,4,2.7479460277286747
487,4,2.250121133147313
488,4,1.8258433372938692
489,2,2.8960415176565113
490,4,1.6349576640822945
491,4,1.1595925234337716
492,2,1.6945023987853143
493,1,1.7264828663865746
494,1,1.5120477805629493
495,4,2.2749728950677675
496,4,2.2749728950677675
497,1,1.8456251334589
498,1,1.8456251334589
499,1,2.0894516747389353
500,1,1.0512533633640502
501,2,1.785636209959907
502,2,1.4015683994427426
503,1,2.360414237022001
504,2,1.8213810748324522
505,1,2.9140732507516987
506,1,2.7279849297674064
507,5,1.213588438037063
508,0,1.5913583052909532
509,0,1.0665820275740396
510,0,1.6238844896630475
511,3,1.6972641667697361
512,3,1.3666924365557858
513,3,3.3003991923011817
514,3,2.892796198565281
515,3,1.0765280759334606
516,3,1.775509225674803
517,1,2.567538627820582
518,1,2.539824671580623
519,3,1.775509225674803
520,5,2.433800333530556
521,5,2.1848896010123307
522,5,1.691669054766573
523,3,1.4432365259186672
524,5,1.7406693028027997
525,5,2.005119892270618
526,1,2.60991620277726
527,3,2.356450149024367
528,3,1.6682727148552337
529,5,2.119789286940109
530,5,1.9184479281639593
531,3,1.9655231455967834
532,3,1.6970228730387118
533,3,0.796212139623142
534,5,
535,5,1.7231030866252095
536,2,1.7356614300203481
537,5,2.198765372846624
538,3,1.0680494824455848
539,5,2.4392004010179873
540,5,2.0482257092878564
541,5,2.4570789679609746
542,3,1.1951745853882545
543,3,2.8553446039629193
544,3,2.8553446039629193
545,2,0.7957909082826589
546,4,1.0036248878844594
547,4,0.9887793083716214
548,1,1.2644100394638829
549,5,1.1826917083091621
550,3,2.0772807335519925
551,3,2.183632703678446
552,5,1.2160123080332907
553,2,1.6772412856705896
554,2,1.6908890011419018
555,3,0.7185188039185397
556,5,2.325576835810399
557,3,0.737069436256795
558,5,2.6589630120266254
559,4,1.7024887803565003
560,2,1.0342507510110908
561,2,1.736013214478454
562,2,2.087072867256102
563,2,2.437999901385667
564,5,2.679481827596358
565,5,2.5887087890048055
566,5,1.2478725215776325
567,5,1.3268605289367326
568,2,1.342376749486475
569,3,1.3022625502887175
570,3,2.541187578307017
571,3,1.6856143599013678
572,3,1.1254913120843593
573,3,2.2916138111012216
574,3,0.8049055766787246
575,4,2.602672944856988
576,2,1.8476407318556485
577,4,2.628290566251523
578,2,1.857013214069217
579,5,
580,4,1.3182612227268675
581,2,1.6737515853336637
582,5,2.136533860131563
583,5,2.0812041947886497
584,2,1.9120420297410903
585,4,2.2725088314804016
586,1,2.4737564564009684
587,2,1.292393948016204
588,2,1.7573346973399842
589,4,2.320633769790023
590,5,2.1536085662460787
591,2,2.0945089357743596
592,1,1.205545382011935
593,1,1.6204641919342035
594,3,2.367995991156505
595,3,2.367995991156505
596,5,1.9900480263544416
597,1,1.154810848621575
598,2,1.8530941629243816
599,3,1.4903769079476852
600,3,1.1797084520459176
601,1,0.8670690136286733
602,0,1.555219120925264
603,0,2.2524571986266166
604,0,
605,0,2.5088072147611324
606,1,1.5627776411605543
607,1,
608,0,
609,0,2.2848287320344207
610,5,2.3780268967599087
611,0,2.085859497290708
612,0,
613,2,
614,5,
615,5,1.6151945300314559
616,0,2.1076148859548898
617,0,1.3605978784137855
618,0,1.5968468674964074
619,5,1.0616001645156878
620,1,0.9343677361317897
621,2,1.1297849275110603
622,4,1.661385938031902
623,2,1.079797308494754
624,1,1.3608122944927228
625,1,1.482954923027068
626,1,1.4604638467561872
627,2,1.861197327400571
628,4,1.284195493477516
629,4,1.228395240654851
630,1,1.1353343790871229
631,1,1.137072927950952
632,1,1.680139667726801
633,1,1.886792298508801
634,3,0.9791705677564287
635,5,2.258068602240424
636,5,1.90466204297039
637,3,2.044496713373997
638,3,2.0170652862505003
639,5,2.0019786713225742
640,3,2.103266373628397
641,4,2.414270446088122
642,2,1.1156618057282197
643,3,1.5926384703794887
644,5,2.1938624940784432
645,4,1.6784028112906628
646,2,1.0507541527327546
647,3,2.5020009709603785
648,3,2.549202967700743
649,3,1.2331829639703367
650,3,1.0734352018389424
651,3,1.2118900575917007
652,3,2.6692484382997828
653,5,1.6225160478819
654,2,1.699915658131823
655,1,1.7857388103388887
656,1,1.324687053503975
657,1,1.9541044046968365
658,1,1.172416626942116
659,3,1.111289789257162
660,5,2.5380049194091105
661,5,1.9098888942628083
662,5,1.08282387035972
663,3,0.9196674913570172
664,5,1.9012806377685656
665,3,2.2305718207687293
666,3,1.6275758917003682
667,5,1.757920014732866
668,4,0.9938972128075715
669,5,1.2224794852674625
670,5,3.180171679637243
671,5,1.0743736394320185
672,5,2.7366765536518556
673,2,2.1539184571455596
674,1,2.714426134450008
675,1,2.714426134450008
676,1,1.21050251763899
677,1,1.6578451804655006
678,1,1.7658381334600193
679,1,0.9846327617066039
680,2,1.157041894488224
681,4,2.1570057689364637
682,2,1.9474081782606087
683,2,1.7784894603050834
684,4,1.9151842381130817
685,4,0.908722604934112
686,4,1.3490657360780571
687,2,1.3792025549862592
688,0,2.16674027141554
689,4,1.1195573688579832
690,2,2.29610587031376
691,2,1.4851355971451026
692,0,1.7865963529054885
693,4,2.5555083100794014
694,1,3.2227471598499675
695,1,1.7974623576774025
696,0,1.5275568795109717
697,1,2.7515156139457013
698,1,1.1489313319365178
699,1,2.351758736331757
700,0,2.3377587575916055
701,0,2.2264462115335277
702,1,3.2331619632120088
703,0,2.122123496733658
704,0,2.34065973464011
705,1,1.9094328995826604
706,1,3.7586289202430767
707,1,3.8827061881688043
708,1,1.788090822092293
709,0,2.2554644769856953
710,0,0.8934348787589355
711,1,1.4855082632933647
712,0,0.5310483411029779
713,1,1.687541829264885
714,1,1.8399575196626512
715,0,3.4556330341516697
716,1,4.045527298466341
717,0,1.774306153402365
718,1,1.9452179778132808
719,0,1.383297568692139
720,1,2.844494350526272
721,0,1.5839890676774853
722,1,1.3705501018785775
723,5,1.239722711259831
724,3,0.8645510961249239
725,3,0.8935637707305584
726,5,0.9961356140047122
727,5,2.5422525093548884
728,5,2.5422525093548884
729,3,0.6937534961490999
730,5,1.028047552748307
731,5,1.5468851609138423
732,5,2.994532476588844
733,5,3.2712236841318614
734,5,3.136137690803038
735,5,2.3730724736919164
736,5,2.2404544467406176
737,3,2.050880733274684
738,4,1.1200883650601416
739,4,1.1407494815582249
740,4,0.9490469088317204
741,4,0.7202388776810211
742,5,0.9920569958060992
743,5,1.890097161377736
744,5,1.3559008815243438
745,3,1.9149020039856655
746,5,1.7263643397353172
747,5,1.4614072889241716
748,3,0.9785740607074158
749,4,1.0508036032293906
750,5,1.6926185664289677
751,4,1.2855096555250476
752,4,3.153749416809695
753,4,3.153749416809695
754,5,3.0355559213128473
755,4,1.4586753171592424
756,2,1.662116847241672
757,4,1.159956259193608
758,5,2.2565563044166206
759,5,1.664600784693261
760,3,1.2488182388096802
761,3,1.3243248617599366
762,3,1.8454510342628534
763,3,2.8005971326395542
764,3,2.007603396681692
765,5,1.270844546752038
766,3,1.1632289428919744
767,2,2.5139387091722467
768,2,1.8562726788022244
769,2,1.8535579612741313
770,2,1.938539276382577
771,4,0.670793887965868
772,2,1.9792200925910113
773,2,2.9559545773452753
774,5,1.4502120358226682
775,3,1.5228502059197206
776,3,2.8253696661779317
777,1,2.6852127220338766
778,4,1.2732272338252337
779,4,1.0704023172847983
780,4,1.3309650882212611
781,3,2.5777778299137712
782,3,0.8763920105316536
783,5,1.987124885175909
784,5,1.832876947181542
785,3,1.1441389046929333
786,5,
787,2,2.485123780129115
788,0,1.30517659099546
789,0,1.6025656029924316
790,0,1.4701229884523297
791,1,1.7368289372836614
792,0,2.033631710616395
793,0,2.1347212991652467
794,0,2.1201649700943532
795,0,
796,0,
797,0,
798,5,1.396273394432556
799,1,2.3636764896143827
800,3,3.0268230462674044
801,3,3.0268230462674044
802,3,1.6206501767996178
803,1,1.077901199214285
804,3,1.6750315232890494
805,3,1.6865225593435245
806,3,1.9404335450949242
807,3,1.400213944663929
808,3,1.0354555666156868
809,3,1.6965943330524724
810,1,1.6000349422792837
811,1,1.2977550954792734
812,1,1.801546995625632
813,1,1.3620311322323158
814,1,1.3022255157780114
815,3,
816,3,
817,1,1.802533396049401
818,0,2.9404796229727204
819,3,2.5432448525255826
820,5,2.384621943871676
821,5,2.384621943871676
822,1,1.5533595273513456
823,0,2.238018600203344
824,0,1.5587394191001664
825,1,1.111483839866957
826,1,2.055089612811913
827,1,2.055089612811913
828,1,1.9397681219542364
829,1,2.078554396728251
830,4,1.5444942750500117
831,4,1.4071768658897141
832,4,1.132907347248933
833,4,
834,4,1.3661105215895188
835,2,1.1538695245777257
836,4,
837,4,
838,2,1.6782394794286524
839,5,1.890351540384675
840,1,1.5156179049882008
841,1,1.4312446707107105
842,1,2.334126767922889
843,4,1.5689308443880616
844,2,2.029226411431983
845,2,2.023028596982411
846,5,1.7130449048460639
847,2,2.154648766536152
848,2,1.9604689055607398
849,1,0.8478634365877982
850,1,2.363516020771061
851,0,2.4640623061256917
852,1,2.363516020771061
853,1,1.4248263291927543
854,1,1.4248263291927543
855,2,1.989744049963702
856,1,1.8352141080617628
857,5,1.6715546925855824
858,1,1.7883793501302805
859,1,1.089638926665831
860,1,3.154340176063837
861,1,2.8328730226321914
862,3,1.6013055252823345
863,2,
864,2,
865,1,2.511872403791018
866,1,1.9458216056080755
867,5,1.8900275326688305
868,1,0.7847934524086074
869,1,2.2063407471727055
870,2,1.6714306494504652
871,1,2.295602402157256
872,1,1.352623149699764
873,1,1.2991765658910068
874,4,
875,1,1.7188368229819944
876,4,1.7897980276619734
877,4,1.5350082185706424
878,1,1.9834777511879182
879,1,2.083377072724622
880,1,1.0157957538597868
881,5,1.9638512434055446
882,3,1.0855845248693292
883,5,2.575066841849338
884,5,1.714251721781133
885,5,1.9357931663553738
886,5,1.7956908431152014
887,5,1.5063785774520462
888,5,1.8342821796136648
889,5,1.3490981241125182
890,2,1.3070876735922061
891,2,1.1397462311309003
892,4,1.4220300271129753
893,1,1.2915018286707292
894,1,1.3479354402556258
895,1,1.3479354402556258
896,1,1.4292129741614983
897,1,
898,1,
899,1,
900,2,
901,2,
902,2,2.083797984364003
903,1,2.0970555119254373
904,1,1.6344486988487719
905,1,
906,1,2.1308157526522646
907,1,2.171734269036633
908,0,1.5626415736717492
909,0,1.9474401364676157
910,1,2.3419929211054558
911,0,2.076285080342234
912,1,1.1410177438388864
913,1,1.2916877932602024
914,1,2.611146025362269
915,1,2.248405216856311
916,1,1.0790942806889883
917,0,1.5057359475593763
918,0,1.7295045843101748
919,0,0.9725521071254559
920,5,1.3304602726537655
921,5,
922,3,
923,3,2.2179272963492727
924,3,
925,3,
926,3,2.1603278264214043
927,3,1.998616490666395
928,3,2.0025433809668773
929,0,1.7519630475793417
930,0,1.6132025350914272
931,0,1.5134828020986737
932,0,1.6323431331028246
933,1,1.5544307530173884
934,1,1.4390603402380504
935,1,1.5020556902984334
936,1,1.7312432853765345
937,0,
938,0,
939,3,1.6696167429953446
940,3,1.6155451662422122
941,3,
942,3,
943,0,
944,1,1.6661280873960918
945,0,1.412300374684539
946,0,1.7347838608147543
947,1,1.4689881447468935
948,1,1.24188184652801
949,0,1.5250246766755045
950,0,1.2302717977329356
951,0,1.5996476278962182
952,0,1.335449403318628
953,3,1.3524134601988933
954,3,1.3494375993732952
955,3,2.695266244539188
956,3,2.5215580554895345
957,3,0.9960015450119623
958,3,1.160988063550391
959,3,2.941602491453877
960,5,1.5156357420243662
961,3,2.4000943312814313
962,3,1.274572806747881
963,3,1.359115983137888
964,3,2.0907652083920145
965,3,2.0907652083920145
966,3,1.787182994680938
967,3,1.787182994680938
968,3,
969,3,1.4281634405444745
970,3,0.6724082751861833
971,3,1.5100905915720164
972,3,
973,3,1.4281634405444745
974,3,
975,3,
976,3,1.470251401636212
977,3,1.2771130182449613
978,3,2.018436196173466
979,3,1.4899937669167884
980,3,2.1146230781317863
981,3,1.8790576944988369
982,3,1.2656056351559801
983,3,0.9944491838968113
984,3,2.1500443651176293
985,3,2.1912022464728844
986,1,1.5117882371764055
987,1,1.1060161576403087
988,1,2.1957943520922276
989,1,1.5458470887380735
990,1,2.6604156354669604
991,1,1.4032453762672772
992,1,1.3708944650392727
993,1,1.5586920333158578
994,1,1.4700322318611112
995,0,1.4131588551334457
996,1,1.416067419121263
997,1,1.6530339266675795
998,1,1.6530339266675795
999,0,
1000,1,1.7135219615892971
1001,1,2.4256867419717576
1002,2,1.7047755514433156
1003,0,2.1127062695973757
1004,2,1.8228405178473726
1005,2,
1006,1,1.9565919727749181
1007,0,2.538899107753899
1008,1,1.6207488166908082
1009,1,1.0033523485569238
1010,4,
1011,4,0.9231359887301877
1012,2,1.5362920876715698
1013,3,1.8858794828900174
1014,3,2.5046599009084636
1015,3,2.604514615804267
1016,3,1.8483803757864654
1017,3,2.5522721064661464
1018,2,1.577489908369697
1019,2,1.577489908369697
1020,4,0.6921347059614775
1021,3,0.7958262693349534
1022,5,2.2462633183538716
1023,5,1.9468935662077531
1024,5,1.6854644226269786
1025,5,2.1347607340642627
1026,5,2.546386783483471
1027,5,2.0723418401278373
1028,2,1.625250558785388
1029,2,1.6654891457487024
1030,2,2.78535023525039
1031,3,2.504699698290302
1032,2,1.82047293953467
1033,5,0.913455402611255
1034,3,1.429667048932363
1035,2,1.5740337068080108
1036,4,1.2040038225532812
1037,1,1.1680538754735807
1038,5,1.1899114095595755
1039,3,0.9347729555769476
1040,5,1.1122368002476413
1041,3,1.6137074602925223
1042,3,1.3544929684478364
1043,3,2.7013079779292974
1044,3,2.1332215296536714
1045,3,2.057357647949972
1046,1,1.9120141792202996
1047,1,1.9120141792202996
1048,5,1.076131201709761
1049,5,1.9859417809063544
1050,3,1.8848743036011095
1051,3,1.8848743036011095
1052,3,1.4571311428568694
1053,3,1.6900313133392382
1054,3,
1055,2,2.605172150415334
1056,5,1.3110271514410081
1057,1,1.924231511948666
1058,1,1.2887916780448627
1059,0,3.0845163650254612
1060,0,2.469703591406819
1061,1,1.3468736407248836
1062,1,1.0440085026895678
1063,2,1.0797807649175948
1064,1,1.227527500675059
1065,2,1.6567919531397464
1066,2,1.3371354290814053
1067,2,1.7654918096016963
1068,1,0.821068691190749
1069,4,1.7468566996923478
1070,2,12.7493567531967
1071,4,2.236867657394209
1072,2,2.251496288062824
1073,4,2.0836048239776774
1074,4,2.4363924763476748
1075,5,2.2290405660609784
1076,2,1.4809170091844892
1077,4,2.4363924763476748
1078,4,1.1981672739723992
1079,2,1.8060047225537696
1080,1,0.7816139270516183
1081,1,1.2716256902659184
1082,5,1.1370191515659216
1083,3,1.1347740784696665
1084,3,2.5782513570441923
1085,3,2.524781917402559
1086,3,0.7460070289004801
1087,5,1.4427314525296255
1088,5,1.8890384494340415
1089,5,1.6050983826786558
1090,5,1.5067037598791864
1091,5,1.133116131752392
1092,3,1.0065807685464228
1093,3,1.1029451212874173
1094,3,1.1788283656010026
1095,5,1.5066853347407911
1096,3,1.444610785512997
1097,3,0.9200008690618331
1098,3,1.3674608148503604
1099,3,1.3674608148503604
1100,4,
1101,2,
1102,1,2.629289757564152
1103,2,1.0663041863657927
1104,0,2.3340965069680863
1105,1,2.3071678369718454
1106,1,1.5048866110159476
1107,2,2.139616819170249
1108,2,1.8280724617322353
1109,1,2.0907254402427804
1110,1,1.8322004543091586
1111,1,2.9125154961836333
1112,1,1.2847791898995835
1113,1,1.100150034501064
1114,1,2.770101283792439
1115,1,1.2405266430613453
1116,4,2.2863145820756063
1117,4,2.2863145820756063
1118,2,1.1644850007925704
1119,2,1.978062246341007
1120,2,1.9368779213637628
1121,4,2.9287642698981884
1122,4,2.570401144146719
1123,2,3.185276794486109
1124,4,1.6736624313837694
1125,2,2.1049410378810847
1126,2,2.755556876433274
1127,4,1.8398970479018557
1128,4,2.189781852969804
1129,4,1.5814759666329188
1130,2,2.4019172702115337
1131,4,1.3778860004189437
1132,2,1.7499768904549784
1133,2,1.8888376915603955
1134,4,2.7601688586129205
1135,4,2.7601688586129205
1136,2,1.6387135977199234
1137,5,1.8468440467975549
1138,1,2.5159983411003095
1139,1,2.4358945386788307
1140,2,2.0696508628328405
1141,5,2.0944518825560543
1142,1,2.636266988909517
1143,1,2.411389715908271
1144,1,0.8374167919274554
1145,5,2.106928329219765
1146,2,2.289905386353216
1147,3,1.5517097570186416
1148,3,1.7222852983749868
1149,2,2.3810740491455102
1150,3,1.6011384221471645
1151,3,1.5080404986290186
1152,3,1.4830425955218944
1153,2,1.8795566441152707
1154,3,1.4491220690256623
1155,3,1.704407796756356
1156,3,1.781666894767281
1157,3,1.543833493056208
1158,3,1.0749801849641534
1159,3,1.7360594225251373
1160,3,1.9041534588867164
1161,3,2.035400222913221
1162,3,1.8405947620850331
1163,3,1.5530233797557578
1164,3,1.5530233797557578
1165,5,2.5879482228907835
1166,3,2.194933934688397
1167,3,1.7374024033480453
1168,5,1.421327454088313
1169,5,
1170,3,1.6494606615544951
1171,2,1.6434715008036123
1172,1,1.2922294815324329
1173,1,2.1663391759586883
1174,1,2.1663391759586883
1175,1,1.1661944222904745
1176,2,2.7673435583579007
1177,1,2.1471732255581646
1178,1,2.1471732255581646
1179,2,3.0252172986175387
1180,1,1.2403468614260522
1181,2,2.2615104267265647
1182,1,3.003214046291097
1183,0,1.2301615680475833
1184,1,1.9335763592081316
1185,1,1.9335763592081316
1186,1,3.003214046291097
1187,2,2.2841012119433737
1188,1,1.9073593125169395
1189,2,2.2905204873237945
1190,1,2.0666133091375736
1191,1,1.8764600981806134
1192,5,1.5517731074845615
1193,1,2.0723345124184913
1194,1,2.2948316458048965
1195,1,1.9359801496545341
1196,1,1.4924904015050235
1197,1,1.593859831887499
1198,4,1.8651762325087053
1199,3,2.6105315231208057
1200,5,1.442987241476512
1201,3,3.0147882379529687
1202,1,2.210887934400365
1203,1,2.5064581663102445
1204,1,2.397246374720236
1205,1,1.3012386873634278
1206,1,1.5036315284043957
1207,1,1.7357408102543745
1208,1,1.3393667090640464
1209,1,1.3196963389869922
1210,1,1.4950967791825123
1211,1,1.7001766908333162
1212,1,1.5705993497096384
1213,1,2.3889145123863
1214,5,1.9373704175275814
1215,0,2.8938343335049366
1216,0,2.8938343335049366
1217,1,3.298574193686466
1218,1,3.043057885145187
1219,4,1.5217924301438077
1220,1,2.8139974962902667
1221,1,2.8139974962902667
1222,0,1.179255634935194
1223,3,2.805941165913339
1224,3,1.611723796116263
1225,3,1.5475058977542426
1226,3,2.1647369411420616
1227,3,1.5342557965890402
1228,3,2.2697390135366566
1229,1,2.964505406060129
1230,0,1.8507842370030732
1231,5,1.7947560897701573
1232,1,2.269805973224731
1233,1,1.5228754377140523
1234,3,2.751370830733661
1235,3,2.3361486785727723
1236,1,1.382448507744957
1237,1,2.670166643765799
1238,1,1.5670933033837855
1239,1,1.5446141553983697
1240,2,1.729450514051116
1241,1,1.0996803567515916
1242,1,1.123220784479931
1243,1,1.1087902844776418
1244,1,1.7364663344487814
1245,1,1.0206907502331615
1246,1,1.4725172667237705
1247,1,1.1916629415121887
1248,1,2.4596813690319634
1249,2,1.8954972397678722
1250,2,1.6410588484966493
1251,1,1.9856068110671616
1252,1,1.4317658267695736
1253,2,1.3409853388718487
1254,2,2.006510245140902
1255,4,2.111465754288857
1256,4,1.4133975466655009
1257,4,1.0293500706225087
1258,4,1.2971629321718834
1259,4,1.3754023770053594
1260,1,2.3365845790893736
1261,4,2.4607440256596402
1262,2,2.3613448749745114
1263,2,1.8038969532905822
1264,4,1.6327388793113828
1265,4,1.5742358224482704
1266,2,1.9778179798332987
1267,4,2.0154193647479124
1268,4,2.03931784744318
1269,4,1.3199589522534456
1270,4,2.3242596271586264
1271,4,2.2050364575310484
1272,2,2.2729987460231986
1273,4,2.505005728442886
1274,4,1.0106381290870439
1275,2,2.158778063260802
1276,2,1.9865641195720252
1277,2,2.9985885383598725
1278,2,1.3089029223501443
1279,4,2.297655525943811
1280,4,0.771985367907881
1281,4,1.8328588695289394
1282,4,0.874476182919058
1283,4,0.8398225924169244
1284,2,1.4464712978030143
1285,2,1.4882948915086203
1286,2,2.14036594270233
1287,2,2.14036594270233
1288,5,2.115804568942914
1289,3,2.9626377253261413
1290,4,0.8836475249868148
1291,3,2.8143442083790093
1292,2,1.498044395513131
1293,2,1.5278004322721603
1294,4,2.2870978182044888
1295,4,2.2870978182044888
1296,4,1.0348903821432682
1297,4,1.0529269244063544
1298,4,1.0758218964181037
1299,2,1.845438566402042
1300,2,1.234075368887904
1301,4,0.7488254433928642
1302,4,2.7985036575943645
1303,2,1.0719687603993915
1304,2,
1305,2,
1306,2,
1307,2,
1308,2,
1309,2,1.3156067846804327
1310,4,1.172658127456086
1311,2,2.4621615142335105
1312,2,2.167830991178371
1313,4,1.9772701937746109
1314,4,1.9772701937746109
1315,2,1.8023296084824727
1316,2,2.4631883819869116
1317,4,2.3659761187026374
1318,4,0.8412830332940469
1319,2,1.7099343402542018
1320,1,2.690451695755024
1321,4,1.4605294201330945
1322,2,1.4531866183645699
1323,2,1.9954379075323672
1324,2,2.867078374481836
1325,4,1.6320118822702265
1326,4,1.5875435891918541
1327,2,3.0573661336283036
1328,4,1.079498922886813
1329,2,2.0342957389105516
1330,2,1.7133589054383405
1331,2,2.210964760703538
1332,4,1.7228999047628384
1333,4,1.6342568187002626
1334,4,1.2574357131490945
1335,2,2.0747874635868415
1336,4,1.797401643650086
1337,4,2.183217742418641
1338,4,2.3112977112880024
1339,4,2.1523615995124645
1340,4,1.1403077963766004
1341,4,1.4888428073502775
1342,2,2.620799625581771
1343,4,0.9954284807808712
1344,4,1.5517018523955546
1345,2,3.7618699116292573
1346,4,1.5414705648099243
1347,2,1.4779810523370813
1348,2,1.7061979737412938
1349,2,2.7524294709375394
1350,2,1.8577465923291412
1351,2,2.215902483499102
1352,2,2.155587835649573
1353,4,3.489089379466952
1354,4,2.0399493971546048
1355,4,3.6763326006409827
1356,1,2.3302807245344774
1357,1,2.162021533921741
1358,1,1.2905514652221606
1359,0,1.664581350800431
1360,1,1.2235440170563896
1361,0,1.3363960066431844
1362,0,1.9038226709788382
1363,1,1.7406755097854225
1364,0,1.8505456889258276
1365,1,1.9660430391273696
1366,0,1.2293371091642926
1367,3,1.0881259913668755
1368,1,2.1300127730170315
1369,1,2.1300127730170315
1370,1,2.3723454105726445
1371,0,3.2022559740713383
1372,0,3.698394764769917
1373,0,4.0196775413900845
1374,0,1.3129175300099178
1375,4,2.1310836288116164
1376,5,2.1793914895215836
1377,3,1.6431739852215934
1378,3,1.2452697928623913
1379,3,1.281526450419375
1380,1,1.55027794249793
1381,3,1.658821639825433
1382,3,1.1397525290288564
1383,3,1.9002452263566778
1384,3,1.3194215075771516
1385,3,1.306656766271486
1386,3,1.644138299083261
1387,3,1.2333197387734387
1388,5,1.6439374550701844
1389,1,2.2295912831492095
1390,1,2.538609156260626
1391,0,2.1610020461430217
1392,1,2.5690592354198274
1393,1,1.440262144078514
1394,1,2.714584893073802
1395,0,2.1134078275460046
1396,0,1.5424332722991374
1397,0,2.1655638079025694
1398,1,1.3738988737464324
1399,0,1.6802222527352098
1400,0,0.9869597479143969
1401,1,1.292438999096202
1402,1,1.5190473821458523
1403,1,1.687086264759103
1404,1,1.687086264759103
1405,5,1.6367677907257583
1406,3,2.1024802349890956
1407,3,2.820588173340025
1408,3,1.535010572913411
1409,0,1.0614219412679031
1410,3,1.3200628255156202
1411,1,1.7679173245954685
1412,3,1.4606482611991618
1413,0,1.2508446325213898
1414,0,1.1380208912552954
1415,0,1.333702575328352
1416,0,1.7130285822808575
1417,1,1.7778171693178728
1418,0,1.6954303161220803
1419,0,1.1839603991791656
1420,0,2.9617340288891625
1421,0,2.9617340288891625
1422,1,1.2820077751467076
1423,0,1.2738967251758802
1424,1,1.0467293698469
1425,4,1.3320570948924348
1426,1,1.8730870119216265
1427,1,1.8730870119216265
1428,1,1.4526886701960102
1429,3,2.93004546573084
1430,3,2.853828910782747
1431,3,1.5406209968185365
1432,3,1.604698979366153
1433,3,1.5860867044656248
1434,5,1.6537355722877725
1435,5,1.392577922294108
1436,5,1.4420332304448378
1437,3,1.0178234598356306
1438,3,1.7896623616953347
1439,3,0.9240674880570162
1440,3,0.9879800676290954
1441,3,1.8659497723783565
1442,1,1.093755600684452
1443,5,
1444,5,
1445,3,2.089193622965182
1446,3,1.3870106340156139
1447,3,0.9619413517654372
1448,3,2.3131114050192956
1449,3,1.8828497289071044
1450,3,2.1207970684554605
1451,5,2.568482418858706
1452,3,1.8942780481940709
1453,3,1.4441704378197224
1454,5,2.8989196555521026
1455,3,2.497560562920473
1456,3,1.0443325525519045
1457,1,1.2077275488358665
1458,0,2.2156821356347214
1459,1,1.172007697370834
1460,0,1.413663481125531
1461,0,1.7343656462646224
1462,0,2.565124707232415
1463,0,2.0408090741955642
1464,1,1.703657088872808
1465,1,1.8887307434174538
1466,1,2.2295192588102184
1467,1,2.38267756737942
1468,0,2.321907148207967
1469,0,1.9131252231897362
1470,1,1.976112111877306
1471,1,1.8107451450170502
1472,1,1.9534048851458186
1473,0,1.7418879813174886
1474,0,1.8029684544118525
1475,0,2.1252157915093273
1476,0,2.1252157915093273
1477,1,1.2205645470229296
1478,0,1.914332369552027
1479,3,1.946937123361973
1480,3,2.0178231132270437
1481,1,1.3856632268105333
1482,1,1.2449985338596115
1483,2,1.0457847583003157
1484,5,1.5448625032374057
1485,5,2.2834690454090527
1486,5,1.8502152517216715
1487,2,1.7317021526620835
1488,5,2.3329004982787573
1489,3,1.0170755052471694
1490,3,1.139985999674719
1491,5,1.6754783382765246
1492,5,1.4680182023033261
1493,5,1.241184698761565
1494,3,2.3055320358840055
1495,5,2.193913599917889
1496,3,1.0542905063671
1497,1,2.5778379279726997
1498,5,4.055819757736608
1499,5,3.3304095131321976
1500,1,2.6698218781891714
1501,1,1.4077677448736547
1502,5,2.409617928922255
1503,5,2.389693669413259
1504,3,1.4971225146691085
1505,5,1.3687632109320766
1506,5,1.0741977621520948
1507,5,2.0022378687167035
1508,2,2.184338082905767
1509,2,1.7689441993889354
1510,2,1.3238661511904652
1511,4,1.6661083275880058
1512,4,1.7571023116832156
1513,5,1.608622985879986
1514,5,2.3484822046237324
1515,3,1.1743424764361798
1516,0,3.8311158115632113
1517,2,1.6730134609369776
1518,0,2.5062739206815947
1519,2,1.903512447583436
1520,2,1.8974968391796634
1521,2,2.1408466670486015
1522,2,3.2208650953011144
1523,1,1.3315872948953882
1524,2,1.883400180781888
1525,1,1.387421825417616
1526,4,1.4847542896087893
1527,2,2.3587849330686783
1528,0,2.4004250630149198
1529,4,1.2368719985872991
1530,2,1.5923288119325893
1531,0,2.269344825655519
1532,4,1.3515442135358298
1533,0,2.386964256468894
1534,4,0.9749408724111552
1535,0,
1536,0,
1537,0,
1538,2,2.194598608529719
1539,2,2.840919375656804
1540,0,1.3317685798996042
1541,2,1.1930302658142555
1542,4,1.1803786938948655
1543,4,1.7081705293011658
1544,2,1.1312673904252892
1545,0,1.5645947298200757
1546,2,0.7286962213247093
1547,4,1.3217669207630356
1548,4,1.3224009779457835
1549,4,1.4819898053218266
1550,0,1.824053742178248
1551,4,2.089292210801231
1552,2,1.8563183218949786
1553,4,1.7839661264552122
1554,1,1.5652598771936077
1555,1,1.5652598771936077
1556,2,1.5171827834559872
1557,2,1.942500212822132
1558,4,2.0588501335404015
1559,4,2.225253218444863
1560,4,1.2148951251727147
1561,2,1.3904208985280202
1562,1,1.65449919670748
1563,1,1.6137890800149952
1564,1,0.9886632899698578
1565,2,1.3445058813761095
1566,2,
1567,2,
1568,2,
1569,1,
1570,0,2.5008814086297733
1571,1,
1572,1,
1573,0,
1574,4,
1575,0,
1576,0,
1577,0,1.6424803468720612
1578,0,
1579,1,2.0981393471567484
1580,1,1.7636910434326076
1581,4,1.8140854291970054
1582,4,1.4035615072910397
1583,1,1.4589123316001587
1584,1,1.5523490043807613
1585,4,2.532282075128298
1586,4,1.7334269841749685
1587,4,1.9095612056411653
1588,4,1.7334269841749685
1589,4,1.1470882129691597
1590,1,1.6181105505577045
1591,1,1.240350099591297
1592,1,1.1431146085694794
1593,4,0.6139287169588483
1594,2,1.2891324231097616
1595,1,2.255147941211748
1596,0,1.4354463358669904
1597,1,2.368321162813395
1598,1,2.255147941211748
1599,1,2.2854079310794098
1600,1,2.1589563742793283
1601,1,1.5126430147703789
1602,1,1.5485013527452227
1603,1,1.9903086628945217
1604,1,1.5298451965131512
1605,1,1.5298451965131512
1606,1,2.7476964327552795
1607,0,4.418450473032181
1608,0,4.418450473032181
1609,2,1.3121325042639145
1610,4,2.0840708558613525
1611,4,1.498238160139883
1612,0,
1613,1,
1614,1,
1615,4,
1616,0,
1617,1,
1618,1,
1619,0,
1620,0,
1621,0,
1622,4,
1623,4,
1624,1,
1625,1,
1626,4,1.848134950363958
1627,1,2.206904013797762
1628,1,1.167792091830815
1629,0,2.888850852639261
1630,1,1.6714963068746642
1631,2,2.6395955306721337
1632,1,1.7263685597112
1633,1,1.3167526516122985
1634,4,1.401940331618539
1635,1,1.6310366407060464
1636,5,2.3377743065029692
1637,1,1.332597515269132
1638,0,3.103296712004473
1639,0,2.7385349436384185
1640,0,2.239984083234537
1641,4,1.5437017046209043
1642,4,2.3677955911203887
1643,2,1.6678812839581365
1644,2,1.3055439644664535
1645,1,2.237422296795913
1646,2,2.3477536801093493
1647,4,1.098838214721601
1648,2,2.760850405935233
1649,2,1.3877120349266394
1650,2,1.6262306996010194
1651,4,1.098838214721601
1652,2,1.5358242206118986
1653,2,2.760850405935233
1654,4,1.1423534031549978
1655,5,1.763113408664063
1656,3,1.7452568912936326
1657,5,1.2274288094484742
1658,1,2.0255930930195314
1659,1,1.406016144700646
1660,1,2.60961226628118
1661,1,2.210262138857176
1662,1,1.8358656103207134
1663,3,2.6572324436083785
1664,3,1.7350647734397857
1665,3,1.2170862957110369
1666,3,1.0187883881260014
1667,3,1.2819710105218851
1668,3,1.2819710105218851
1669,3,1.583241273659597
1670,0,4.4902753311076165
1671,0,4.4902753311076165
1672,0,1.5415095352703538
1673,0,2.896180997746833
1674,0,2.1710396423677074
1675,0,2.1710396423677074
1676,0,3.046460715649816
1677,0,3.046460715649816
1678,0,1.179617221076674
1679,0,1.5654612982662828
1680,0,1.882924366203116
1681,1,2.2588435766460546
1682,4,1.19508644134688
1683,0,2.5614398992530285
1684,4,1.8281341427972435
1685,0,2.5614398992530285
1686,1,1.3700970181651455
1687,4,1.24275250188106
1688,2,2.3927478671522544
1689,2,2.895282756646741
1690,2,2.5751600747306926
1691,5,4.016844756842601
1692,5,4.1644038630000315
1693,1,1.5642699940915612
1694,4,1.3551490464546336
1695,0,3.3366598464020365
1696,1,1.9650044334618986
1697,4,1.0870778578828337
1698,1,1.3235875555087733
1699,4,2.055981908144501
1700,5,2.220164508834931
1701,1,1.4834957368167994
1702,5,2.2858290303008424
1703,5,2.355909938891401
1704,5,2.624492160964713
1705,3,1.4394010507424806
1706,5,1.474414494369496
1707,5,1.582045802217386
1708,2,0.9301260406949756
1709,2,2.0263245681850552
1710,2,1.9596906415871846
1711,2,2.096440908376721
1712,2,2.2567986528003185
1713,5,1.6607038543717318
1714,2,1.6764341516584522
1715,2,1.3259305938799841
1716,2,2.181114884841644
1717,2,1.9850460755389425
1718,1,1.1774864400869405
1719,5,1.6732642936510245
1720,1,1.2182390478578797
1721,3,1.5978460032702757
1722,5,1.4459353921424294
1723,1,0.8142676638500028
1724,4,2.4724920583682986
1725,1,1.4404060034072301
1726,2,1.6315971172220718
1727,0,1.4939009530911678
1728,2,1.71426723606177
1729,2,1.917360517549818
1730,4,0.71481786498464
1731,3,1.4021668854794558
1732,2,1.5177135494345142
1733,2,1.4757612826415647
1734,2,1.7673133128791907
1735,4,2.559947309010429
1736,4,2.559947309010429
1737,2,1.2475781707159195
1738,1,1.8021981132715947
1739,0,1.8803227551714228
1740,0,1.5299380494630286
1741,1,1.9646353956517988
1742,3,1.453696370093274
1743,3,1.3599511736872212
1744,3,0.6641360354328547
1745,3,
1746,5,3.3512422410948544
1747,5,2.6462398458056753
1748,3,0.4962034132638429
1749,2,
1750,2,2.015211532055827
1751,2,2.973426454819806
1752,2,2.973426454819806
1753,2,3.114515486629864
1754,2,1.767314507229891
1755,3,1.2398064278500647
1756,1,1.0414688264111591
1757,1,2.2278675953009577
1758,4,2.335615248547839
1759,1,2.2278675953009577
1760,1,2.080903789157107
1761,1,2.133156074304743
1762,2,2.292427615294073
1763,2,2.7148013645178937
1764,4,1.6102788030573196
1765,2,2.9380345724497166
1766,2,2.4603052565350354
1767,2,2.3247224200718857
1768,2,2.1275471198841034
1769,2,1.6565013774305866
1770,2,2.070646427049491
1771,2,1.306109248552473
1772,2,1.272773314625043
1773,2,1.3095862536790779
1774,4,1.335224961282147
1775,4,1.1776148054970101
1776,1,2.100764738786223
1777,3,1.9792755611919828
1778,2,
1779,2,
1780,3,
1781,4,1.3063221794532953
1782,5,
1783,5,
1784,5,1.7855487467606517
1785,2,
1786,5,
1787,3,
1788,4,0.9882694597938039
1789,3,
1790,3,2.48957799163971
1791,2,2.5887743221130153
1792,3,3.4722959113756593
1793,0,1.0150397164811973
1794,2,1.6399832906009937
1795,0,0.9276735388413886
1796,1,1.6400805809705794
1797,1,1.8414902044609982
1798,0,1.3204223009972378
1799,4,1.555051551561279
1800,4,1.8036463334557895
1801,1,3.081536457242374
1802,1,3.081536457242374
1803,4,1.6720109026408225
1804,4,
1805,4,1.7162769046408728
1806,1,1.5763594699950612
1807,1,1.5919432476314213
1808,4,1.1526662124079254
1809,2,0.8800570853373115
1810,4,0.5310454769122452
1811,1,2.0878808840246474
1812,0,2.2494024532607084
1813,1,1.4490360640947626
1814,2,1.0190070285407693
1815,5,
1816,3,
1817,3,
1818,1,
1819,3,0.6832116170995377
1820,3,2.3398895294716016
1821,3,2.2158798339954457
1822,5,2.0892375268787613
1823,5,1.6699689570648084
1824,5,2.306172001002371
1825,5,1.3952446410746102
1826,5,1.9616471825792727
1827,3,2.3024293765952275
1828,3,2.3045301158565574
1829,3,
1830,3,
1831,3,1.0439099034634598
1832,5,2.3311616644080377
1833,3,1.7042302323256187
1834,5,3.5332021712672406
1835,5,1.6565098247110734
1836,5,2.116153543314695
1837,5,1.1954463447403398
1838,2,3.3718987943599394
1839,2,3.055725589388034
1840,2,1.581788962909964
1841,2,1.9293502303436147
1842,5,1.4020953439883181
1843,5,2.74682201510864
1844,5,0.9848840344838083
1845,5,3.229984428506159
1846,5,2.4831536526845577
1847,5,2.415928319104447
1848,2,1.1332235700370052
1849,3,1.2454174592554748
1850,5,1.2927476127782191
1851,1,2.3087918673400574
1852,1,2.647455653670105
1853,1,0.9071241024396892
1854,1,2.531837624529094
1855,1,1.2901472592342977
1856,1,1.4318137846520869
1857,1,2.531837624529094
1858,1,2.3037124254005343
1859,1,2.583761474283215
1860,1,1.4238018625782456
1861,4,2.140318390761654
1862,4,2.005816598135191
1863,4,2.0612467830243637
1864,4,2.663232871973245
1865,4,2.3654125406794075
1866,2,
1867,2,
1868,4,
1869,4,
1870,4,
1871,1,1.1921129839221947
1872,1,1.2821975616641552
1873,1,1.2962537509626448
1874,5,2.1244243403487992
1875,5,2.1134567497214802
1876,3,2.1430073625214843
1877,3,1.2062081194947758
1878,5,1.5403599318027172
1879,2,1.4984895942512113
1880,5,1.4751703000108287
1881,3,1.1981398683993219
1882,1,1.4879061284158375
1883,1,1.1157648755359828
1884,1,1.0923249360785792
1885,3,2.1896966697069358
1886,3,1.5605774891421063
1887,5,3.07108027960883
1888,3,2.5062760145975544
1889,3,0.9498630150530413
1890,5,2.0257181610284594
1891,3,1.5756374101971442
1892,3,2.632178410456937
1893,3,1.4643046601094993
1894,3,1.6985062794494494
1895,3,1.9671445532702772
1896,3,0.6701103286463549
1897,2,1.9023480886411022
1898,3,2.3582112337810885
1899,3,2.6016568436395104
1900,2,2.616355617535218
1901,3,1.4490809829227733
1902,2,1.6546863374678653
1903,1,1.7396854979933398
1904,1,0.8286034250692583
1905,2,2.18772105027883
1906,4,1.3862625941439457
1907,2,1.9107254982002393
1908,2,1.7813928357678295
1909,2,1.4113279147965685
1910,4,1.2750823166144925
1911,4,2.136008179412864
1912,1,2.4065123755802063
1913,1,2.1786850467195586
1914,1,1.7501232953542198
1915,4,0.6553145866601778
1916,5,1.8335972935660414
1917,3,1.4307945462076084
1918,5,2.8111897363799048
1919,5,1.9960538772039969
1920,3,1.1424067694246762
1921,3,1.1207749650403536
1922,3,0.882642520930746
1923,4,1.2500218507866208
1924,2,2.196132702447242
1925,2,3.0460220761155066
1926,2,1.8536371036273818
1927,1,2.731010898991505
1928,2,1.6996609313669189
1929,0,2.4126812044876935
1930,2,2.5939945925258803
1931,0,1.7967623927189438
1932,0,2.974826487271328
1933,0,2.9933605297718717
1934,0,1.2928890807007398
1935,1,1.895363135746219
1936,4,2.4138745170526468
1937,4,2.4138745170526468
1938,1,1.6811574745059579
1939,4,1.3859745052990646
1940,4,1.197456847962957
1941,4,1.3582016281387834
1942,2,1.7990537824039963
1943,3,3.3045735223520083
1944,2,1.8114865047435467
1945,3,3.518897618873466
1946,2,1.935701877056789
1947,2,1.7494398141190364
1948,4,1.6629703142090848
1949,5,2.25392407701517
1950,3,2.3263790575602052
1951,5,1.4826767636155407
1952,3,2.1557758609011883
1953,3,1.9116669287082793
1954,3,2.3672463937162935
1955,5,1.9007893345224556
1956,3,2.4451377467012954
1957,3,2.1543261272403083
1958,5,2.0929284457010766
1959,3,0.9119675522155662
1960,1,2.4860422914549973
1961,2,2.2123602261805306
1962,2,3.363002236061052
1963,2,2.0218896335180987
1964,1,2.4860422914549973
1965,2,2.2123602261805306
1966,2,1.8512488129983273
1967,1,1.1314373664650177
1968,4,1.1718176171656736
1969,1,1.3120499578848797
1970,2,1.862517946476574
1971,2,2.1222830850583807
1972,4,1.6549743906357217
1973,4,1.4731903280940026
1974,4,2.2199664363202434
1975,4,1.7926431141642758
1976,4,1.4703331626530203
1977,4,1.39251803058743
1978,2,1.660132851156112
1979,2,1.7162955178135917
1980,4,1.3284415553233817
1981,4,0.6256312339761674
1982,4,2.3160495333942306
1983,4,1.854178949622038
1984,2,2.2653991172766808
1985,4,1.4677366323346268
1986,4,2.186865976858223
1987,4,1.5358018734839143
1988,4,0.9268400057260147
1989,2,2.0301205792142847
1990,2,3.226997337912657
1991,2,2.8177543854800287
1992,1,2.4348135342821724
1993,2,1.591455811830149
1994,2,1.4615265307102492
1995,4,1.9076251858661502
1996,1,1.4599055703969936
1997,2,1.8063941477946435
1998,1,1.5197955720441219
1999,4,2.1807493930989312
2000,4,2.4729518767586685
2001,4,1.6122194051612315
2002,4,1.6257636813671592
2003,2,1.397634707409484
2004,2,1.1873415526504925
2005,2,1.7155848658666553
2006,4,2.2456298500944705
2007,2,1.6353403015005326
2008,2,1.908818569742224
2009,2,1.520946805841105
2010,2,0.9817199186654914
2011,2,1.1635104757687058
2012,4,1.5667938577160498
2013,1,1.5838818312263219
2014,4,1.5773720471933004
2015,4,1.5479813709554935
2016,1,2.589579717895622
2017,4,1.8709923164323776
2018,4,2.7804695871422282
2019,1,2.437660619263483
2020,1,3.1660799502546353
2021,1,2.437660619263483
2022,1,1.2062702720570486
2023,2,1.3899697119489525
2024,5,2.414604537619975
2025,1,1.4831351715591257
2026,1,1.639311010009271
2027,1,1.576584703791565
2028,1,1.5446712396720865
2029,1,1.3127971927756927
2030,1,1.4220136198136195
2031,2,2.187013678970973
2032,3,
2033,2,2.3416236837561635
2034,3,
2035,5,
2036,3,
2037,3,0.5078345249186007
2038,2,1.2644622682186675
2039,4,1.4452291444930034
2040,4,1.7235641816970775
2041,4,2.3184967196140818
2042,4,2.3184967196140818
2043,4,1.2185218358037773
2044,1,0.819267547327521
2045,1,0.8532651127925349
2046,1,0.9538091000512862
2047,2,1.2957125983660152
2048,2,1.6696355550890951
2049,1,2.963666987459386
2050,1,0.9496399709714439
2051,2,2.4543607686993085
2052,2,2.9851864151034966
2053,2,2.0917629576082444
2054,2,1.078096786271976
2055,2,1.907950326581538
2056,1,2.3127051576758815
2057,1,1.1231069105155653
2058,2,2.4968829351972146
2059,1,1.243750266076269
2060,1,2.0435830624202094
2061,4,2.0040384178337507
2062,2,1.9055784981639143
2063,5,1.8906872243374901
2064,2,2.270677759660203
2065,4,1.47974361347814
2066,2,1.9661480887968785
2067,4,1.6439777145432253
2068,2,2.2512249933482624
2069,1,
2070,2,2.5977994322424447
2071,3,1.3727113386995426
2072,3,3.276800753895261
2073,3,2.427419473335995
2074,5,1.7515373259183287
2075,2,1.5359753077792755
2076,4,2.0278956737327696
2077,4,2.0986222850133327
2078,2,2.5416916758418497
2079,4,2.0986222850133327
2080,4,2.341985624674624
2081,2,
2082,2,
2083,4,1.3514536684041414
2084,4,1.6601017742290096
2085,4,
2086,4,0.7275179672654813
2087,4,0.6355788826576626
2088,1,1.6499162164659875
2089,1,1.9007636193129966
2090,1,2.06001552610557
2091,1,2.06001552610557
2092,2,2.022493247154495
2093,2,3.0909444746650823
2094,2,2.5277027104703707
2095,3,1.642579504730442
2096,3,1.6492586053655038
2097,2,1.3860883569894134
2098,4,2.098358651427191
2099,4,1.5681448083794058
2100,4,1.187034908143406
2101,2,
2102,2,
2103,4,1.2213650808987013
2104,4,
2105,2,
2106,0,
2107,1,2.251807197002194
2108,1,1.2403818282596073
2109,3,1.648107528202963
2110,5,2.5354927643056993
2111,5,2.5354927643056993
2112,5,1.8908547980179198
2113,3,1.7610743630868186
2114,1,1.2801912470123984
2115,2,2.556825878463835
2116,2,2.556825878463835
2117,3,
2118,3,1.1160784169428692
2119,5,
2120,0,1.5829797870886686
2121,5,2.2733124251719072
2122,5,2.1679273799804815
2123,5,2.0050588779309484
2124,5,2.6875352898989053
2125,3,2.0603743086642585
2126,3,1.5556216893189163
2127,5,2.366024022382288
2128,3,1.472031548777801
2129,5,2.191102892303237
2130,3,1.4258707994419733
2131,3,1.4678379849692207
2132,4,0.9771639365472764
2133,4,1.7081588806155175
2134,4,1.6279028536308442
2135,2,1.4688882989504684
2136,1,1.6453526141682377
2137,4,1.790826696635062
2138,1,1.6769453624616202
2139,4,0.6752663650966342
2140,2,1.433042147803814
2141,2,1.3040286342431555
2142,2,1.8666628660402322
2143,2,1.60374715642769
2144,2,1.4687306546955512
2145,2,1.3488036803833432
2146,2,2.082827739731846
2147,4,1.6259095729690405
2148,4,1.6259095729690405
2149,2,1.469280029963079
2150,4,1.0272951465349291
2151,2,1.9202497769210671
2152,2,1.5736020801826556
2153,2,1.749210536951442
2154,4,1.4758819060121908
2155,2,2.4259137058976146
2156,4,1.4867271321590216
2157,2,2.27606639593179
2158,2,1.7255135298474447
2159,2,1.5119634659377836
2160,2,1.7646354481096367
2161,4,0.8290903736754031
2162,4,0.5369170296751726
2163,2,0.9690911740959914
2164,4,0.7180789768498913
2165,2,0.977455265771269
2166,2,2.3486523493983373
2167,4,1.080516541242713
2168,2,1.9735625065403548
2169,4,2.407050880963374
2170,4,3.3065936307541555
2171,4,2.543841969434172
2172,4,1.7035576281685492
2173,2,3.317124424849791
2174,2,1.6145357460979946
2175,4,1.7035576281685492
2176,2,3.317124424849791
2177,4,1.2260216425809518
2178,2,2.693086992858239
2179,2,1.5060089429758912
2180,2,1.5060089429758912
2181,2,1.9571953720902866
2182,4,1.773461206220791
2183,4,2.0894575912618603
2184,4,1.9593822442458881
2185,2,1.6642725442789807
2186,4,1.1520790910449321
2187,4,1.2815692804381467
2188,4,1.5938696398197862
2189,4,1.3893711694933342
2190,2,1.5718172791715102
2191,2,1.3914551625669949
2192,4,1.4229246800253967
2193,2,2.193493259315115
2194,4,2.132971895639235
2195,4,2.1860611865766577
2196,4,1.1132952964023992
2197,2,1.5249533461811007
2198,4,1.0839174759237276
2199,4,2.79398343587197
2200,2,2.3665980937425286
2201,4,1.8521835247022023
2202,5,2.6961704585542536
2203,1,1.146592531035726
2204,1,0.8084449921614721
2205,4,1.1475857544231753
2206,2,1.6585964873123868
2207,4,1.0037347619344787
2208,2,1.5739658137662582
2209,4,1.6917563147461678
2210,2,1.7425033014170586
2211,1,1.501164444829079
2212,1,1.6658343347513742
2213,3,1.1629410329835077
2214,3,1.8099112895850613
2215,2,2.8879653282448112
2216,2,0.9873339119901855
2217,1,1.5878297852465362
2218,4,1.2634489297496792
2219,4,3.0757537089903897
2220,4,3.0757537089903897
2221,1,1.7651361787688569
2222,1,1.4856417968393012
2223,1,1.4128218528579113
2224,1,1.5659132935761177
2225,4,2.444170925960237
2226,2,1.8445520223407184
2227,4,2.849063684874384
2228,2,1.8589747849219898
2229,4,1.3101543452563633
2230,4,1.3646247255702137
2231,4,2.3137816490822165
2232,4,2.7492190562839736
2233,4,2.3137816490822165
2234,4,2.7492190562839736
2235,4,2.1034492595762297
2236,1,1.2269537509700883
2237,4,1.3365862911264161
2238,2,1.74119508686384
2239,2,1.8719932826626047
2240,2,1.7935240583206937
2241,2,1.1843379197229913
2242,2,1.6157821943383874
2243,2,1.5864298186943653
2244,2,1.4584445525571814
2245,2,1.6087032760680169
2246,4,0.9565274087708945
2247,2,2.1102345627426775
2248,4,1.0513226222151506
2249,4,2.258641220666356
2250,4,2.258641220666356
2251,1,2.1134795372263953
2252,1,2.165561231860892
2253,1,1.0436055827524857
2254,4,1.232273438766989
2255,1,0.8843733383158525
2256,5,1.3333401409497319
2257,5,1.5649036864241117
2258,2,1.187262730109238
2259,5,1.7808742225798606
2260,3,2.3383755790894716
2261,2,1.880766812881871
2262,3,1.4917368841987118
2263,5,2.041554761425777
2264,3,2.3383755790894716
2265,3,1.8934736706219997
2266,3,1.7418946844902472
2267,1,2.337048165256419
2268,4,1.757744633985691
2269,1,2.4737545795299747
2270,1,1.27877106343176
2271,1,2.3644199744715673
2272,1,1.033159040691442
2273,1,1.3676426555353294
2274,1,1.231434807736403
2275,5,1.1586131317958266
2276,5,1.2693229693251298
2277,5,2.087315259429156
2278,5,2.23450972861535
2279,5,3.268439891096078
2280,3,1.6295542809106087
2281,3,1.7362597121349337
2282,5,3.3062713418592975
2283,3,1.1129482773341743
2284,5,1.8887764149961468
2285,2,2.3080432567751696
2286,4,0.7184040697977899
2287,2,2.7009059415274033
2288,4,1.0015494173114143
2289,2,1.2732866465675585
2290,5,1.8249695333419844
2291,2,1.0989469083152732
2292,5,1.2710807594800906
2293,3,0.9292977817780944
2294,5,1.0338335743232414
2295,3,1.828305485673594
2296,2,1.3996144119512848
2297,1,2.782223261195947
2298,1,2.62529365508348
2299,1,1.7986646837482705
2300,4,1.4136999440439224
2301,2,1.9225204028580956
2302,2,2.4597218209502696
2303,2,1.8039244347321617
2304,4,1.9390964551441559
2305,0,1.6650635078601903
2306,1,2.511069728745632
2307,0,1.954824892035013
2308,0,2.4161852014788106
2309,3,1.4478858293494439
2310,3,1.3892567528312572
2311,1,1.5386359967939458
2312,1,1.5386359967939458
2313,0,2.5441928581196183
2314,0,1.6975445009792018
2315,1,2.5285421911431993
2316,0,1.7793507222086913
2317,0,1.6606423816085443
2318,1,1.8490098182747852
2319,1,2.3114479406316604
2320,1,1.1749906467385038
2321,0,1.9229637439942737
2322,0,1.5239055260892915
2323,1,2.3393449775962787
2324,1,2.3393449775962787
2325,3,1.0554890280857756
2326,3,2.3062402017466224
2327,3,1.5638638056780405
2328,3,1.5277432552451986
2329,0,1.0930288552006249
2330,0,1.6919655396615114
2331,0,2.0800721729140275
2332,1,1.7665002211784018
2333,0,2.460085421435634
2334,0,1.1993454479081647
2335,0,1.9080974905315249
2336,0,1.4790178396994662
2337,0,2.404950432978031
2338,0,1.832728706979086
2339,0,2.02207958761537
2340,0,2.7731937210517104
2341,0,1.55342539554862
2342,0,1.7271793279450247
2343,0,1.5426320603429466
2344,0,1.9253060624190563
2345,0,2.7731937210517104
2346,0,1.6681768978816955
2347,0,2.3376704249765416
2348,1,1.1042143436595957
2349,4,1.743825477969264
2350,4,1.6416781881348128
2351,2,2.715908022093895
2352,0,1.777307060864812
2353,0,
2354,0,1.5336414419546622
2355,4,3.048956692957678
2356,4,2.2847003489572186
2357,4,3.307638319261886
2358,4,2.5773726186930777
2359,2,1.591796693263988
2360,4,1.176881814617292
2361,2,2.26651236697173
2362,5,2.2893216407460435
2363,2,2.5625590162521634
2364,2,2.5388540662698116
2365,2,2.489299259627361
2366,2,2.7298718455012057
2367,2,1.7198654704756382
2368,2,2.1749797963038593
2369,4,1.7325525333419058
2370,5,2.0994032366599473
2371,3,1.585048377511819
2372,1,3.0193063371602955
2373,1,1.1951632679195472
2374,1,1.261228512565964
2375,3,1.6003960512953932
2376,1,1.0682264364736338
2377,3,2.1930259369191423
2378,1,1.675694702630106
2379,5,1.8544306264054795
2380,4,1.5801813933736761
2381,4,1.102540370038837
2382,4,1.0345815847869406
2383,2,
2384,0,
2385,0,2.757329834749476
2386,4,1.7410752774024414
2387,4,1.695658910840034
2388,0,1.6374611304859468
2389,0,3.040975212125877
2390,0,2.7190962772222274
2391,5,
2392,5,
2393,3,
2394,3,
2395,3,
2396,0,
2397,2,
2398,1,0.8078198720822244
2399,2,1.0058356303216882
2400,2,1.8353756160890717
2401,1,1.1604875473294713
2402,0,1.7645725478237257
2403,0,2.4586992160074947
2404,2,1.177395348501574
2405,4,1.2696557260105603
2406,4,0.8889554866652387
2407,2,1.7366672060237542
2408,4,1.3633611084903148
2409,4,1.7082065167035339
2410,4,0.935389772971363
2411,2,1.3093989923081135
2412,4,0.81562640983135
2413,2,1.3502220442818647
2414,5,1.7442891959611744
2415,5,1.5436630270615737
2416,3,0.827974530262921
2417,5,
2418,3,
2419,1,
2420,1,
2421,1,2.0977553586808155
2422,1,1.7466678096567223
2423,4,1.0867342059002703
2424,1,1.1249114094309332
2425,4,0.9527905371223371
2426,5,2.0906790785240177
2427,2,1.7999947328346357
2428,5,1.488725953360982
2429,1,2.422484695416664
2430,1,2.4817689106754024
2431,1,2.048377064293559
2432,4,1.9993250314560989
2433,2,1.809073930950908
2434,4,2.975584904577345
2435,2,2.353162287800802
2436,4,1.4788728497712238
2437,4,3.002940677078082
2438,2,2.858018770370573
2439,2,1.5866488437499469
2440,4,1.3892329488796127
2441,4,1.8980953908689908
2442,4,1.804585368018226
2443,1,0.9090071041443659
2444,2,2.641609884041775
2445,0,2.2130010047443402
2446,1,1.750221793207755
2447,2,1.2796566525808117
2448,1,0.902126092143573
2449,4,2.622180587857813
2450,4,2.622180587857813
2451,2,1.5702895612079626
2452,2,2.229535870933601
2453,2,1.101032447934094
2454,5,1.7982774698309876
2455,4,0.9883795260772136
2456,2,1.7909118801070034
2457,4,0.9093638420492915
2458,4,1.5937338615838317
2459,4,1.259309882615107
2460,5,1.825157006683063
2461,1,2.153032627622317
2462,1,2.811371581981887
2463,1,1.6822339080458464
2464,1,1.847028585221191
2465,1,1.7395826331408033
2466,2,
2467,5,
2468,5,
2469,2,
2470,4,
2471,3,1.214179445017265
2472,2,1.6575522848259832
2473,1,
2474,4,
2475,1,
2476,2,
2477,2,2.1365683662361072
2478,1,1.8386692898626031
2479,2,2.37697052706907
2480,2,1.5564158537450556
2481,4,2.7033668607534787
2482,4,1.4350864688418556
2483,4,2.7033668607534787
2484,2,1.3922764939371883
2485,4,1.1678715408121818
2486,0,1.2594373619066064
2487,4,1.139515810249317
2488,4,1.6633734721633573
2489,0,1.8580831963862652
2490,4,1.734408865223883
2491,1,1.0549668952369173
2492,0,1.7798779414402648
2493,1,1.9254973793496322
2494,1,1.1094732724258447
2495,1,1.8285242891201665
2496,0,2.306777130603709
2497,0,1.0751289739580023
2498,0,1.8961819585007182
2499,4,2.065773552661166
2500,4,1.9080223602773414
2501,4,2.3017202812150894
2502,4,1.6720626422357003
2503,2,2.3686613069454476
2504,3,
2505,3,1.7427672480813683
2506,3,1.7427672480813683
2507,5,1.6408578509731822
2508,1,1.7097055962874503
2509,1,1.6910765064718274
2510,1,1.4254189138126525
2511,4,0.6667592156739074
2512,5,1.3639358372532553
2513,1,1.9125430780706094
2514,1,1.9324637613627085
2515,1,2.0776779154797764
2516,1,1.6710441006245504
2517,1,1.7042648143757735
2518,3,1.9246365041506794
2519,3,1.2839484725830859
2520,3,1.6190316061150372
2521,3,2.2880692693329245
2522,3,1.4401243658767051
2523,3,2.2880692693329245
2524,5,1.5654379400446456
2525,5,1.8582694622296643
2526,3,1.724382484206449
2527,4,1.5663116192288533
2528,5,1.8275684327930168
2529,4,0.9667707165537927
2530,0,1.743667586839518
2531,0,1.0997172147810206
2532,1,1.3851387085416875
2533,1,1.4786151049731613
2534,0,0.7206656750634762
2535,1,1.0072943180805813
2536,5,1.5010380889886175
2537,3,1.3614985537298334
2538,1,1.4558388806152254
2539,5,1.7750228490982856
2540,3,1.4724559538617306
2541,3,1.440230433654472
2542,3,2.3405102567758846
2543,3,1.218728035260914
2544,3,2.186162112172466
2545,3,
2546,3,1.9020591364882642
2547,3,1.3617910677209384
2548,3,0.9596497550507341
2549,3,0.8888926522196087
2550,3,0.781128920063157
2551,3,1.2624119995538112
2552,1,1.9057712354661425
2553,1,1.493400167803715
2554,0,1.6735275475786964
2555,5,2.7637573602348477
2556,0,1.9029517906592492
2557,3,2.0121638583328516
2558,3,2.0121638583328516
2559,3,2.2381988703469853
2560,5,1.7683238338216127
2561,3,1.697954493628639
2562,1,1.34017057179765
2563,1,1.3287990114120214
2564,1,1.9643561814460768
2565,1,1.720115258607924
2566,1,2.0527920023562736
2567,1,1.5159043592816537
2568,1,1.5395505074379876
2569,0,2.1789349413213155
2570,1,1.2665394999634552
2571,1,1.1498030841947255
2572,1,1.8070911943812773
2573,1,1.6876350000469098
2574,1,1.2049787317645806
2575,1,1.7832579659647694
2576,1,1.6208529671174965
2577,1,1.3927155018676205
2578,0,2.2927620823777652
2579,0,
2580,4,1.6084637836767632
2581,4,2.2136152287599447
2582,0,3.1250335090528094
2583,0,2.4981780854625963
2584,4,1.7779463514455962
2585,4,1.6066423976434518
2586,0,2.3782910913005564
2587,1,1.675992741590009
2588,0,3.6961849082922695
2589,0,3.6961849082922695
2590,1,1.6582086361972614
2591,1,1.2611773337967866
2592,1,1.304446597205664
2593,0,1.4746764531838714
2594,0,1.6246208041906367
2595,0,1.6394715762927192
2596,1,2.1394058271331184
2597,1,1.0505915825814074
2598,0,1.6109114176071906
2599,0,1.6109114176071906
2600,3,2.01871286784839
2601,0,1.993399557737307
2602,1,1.049373652347212
2603,1,1.984562272143489
2604,1,2.09414001971129
2605,5,1.5316118957502194
2606,5,1.2132577513193712
2607,3,1.8650196565397097
2608,3,1.0756010844966584
2609,3,0.9324463803304911
2610,5,2.9547454785360387
2611,5,2.177960795709768
2612,1,0.9721528728523773
2613,4,1.3312732047501532
2614,5,1.7751727896214133
2615,5,1.7604668381296626
2616,5,2.5528233720780373
2617,5,1.9972875578427356
2618,4,1.5050456880896468
2619,4,1.8877152881908643
2620,2,1.6879994121539128
2621,2,1.4874579939259007
2622,2,1.653746309225258
2623,4,0.993200677701391
2624,2,1.6435020635014825
2625,2,1.6417996506138632
2626,2,0.9115850815967932
2627,2,1.1232685165045746
2628,4,1.1873873313006311
2629,4,1.0639785905629768
2630,4,1.6689031021173828
2631,4,1.433518226887368
2632,2,1.6317162159594207
2633,2,1.5984332725064245
2634,1,1.812248934940561
2635,2,1.7437522265664247
2636,0,1.7242332933683906
2637,1,1.310873636937943
2638,1,1.9827946925003936
2639,1,1.5722456892441947
2640,1,1.4176159038159206
2641,1,1.1494403266163746
2642,5,1.6235132278512738
2643,5,
2644,1,1.4565476367815582
2645,1,1.3458719427510202
2646,3,1.3962120461931682
2647,3,1.4087859659498407
2648,3,
2649,3,1.2199520162462452
2650,3,1.293480811075024
2651,0,2.7154025727282947
2652,3,1.0721462312791499
2653,0,1.5482621556715823
2654,0,1.2492218261349937
2655,0,1.3596781960205153
2656,0,1.67910637745531
2657,0,2.487635473441832
2658,0,2.27823076784169
2659,0,2.865245906253088
2660,0,2.865245906253088
2661,0,1.83702701201812
2662,0,1.7151260206494785
2663,2,1.627705867841471
2664,4,1.905676625882093
2665,4,1.2247061488005302
2666,1,1.1092416356270691
2667,1,1.017215502637431
2668,0,1.3052714367079754
2669,4,0.97326187911954
2670,4,1.2597909857929641
2671,4,2.1886682570808316
2672,4,2.3882090498492694
2673,1,2.236116925884624
2674,1,2.7660059802347985
2675,2,1.919667461158747
2676,1,1.326540147209592
2677,1,1.3210709088040162
2678,0,1.4978848476594764
2679,0,2.2301596860712345
2680,5,2.990210615273745
2681,5,2.5340009115905358
2682,0,2.0917416979663286
2683,0,2.1239365063547364
2684,1,1.9178885022761423
2685,1,1.9463732505665354
2686,1,2.792660346376233
2687,1,2.7169663690228725
2688,5,2.93775072924553
2689,2,1.2763536918007943
2690,1,1.427165198788318
2691,3,1.7762735220241364
2692,3,1.3927876030083512
2693,3,1.3329830163859049
2694,3,1.7130826975507714
2695,5,1.307215512599565
2696,3,1.2646404301520076
2697,5,0.9303485438783684
2698,5,2.0692405000526435
2699,5,1.7031609643316759
2700,5,1.649978303641122
2701,3,2.64144248408296
2702,3,1.73080016759342
2703,3,1.411849340206221
2704,3,2.2424487619434412
2705,3,2.2424487619434412
2706,5,1.7771225481081003
2707,1,1.4095768337560803
2708,1,1.1285981228984296
2709,1,1.2929260524961979
2710,3,1.9594353451900504
2711,3,2.4665320522599736
2712,1,1.5319265983563357
2713,1,3.289111911379351
2714,1,2.373103876792128
2715,1,1.6775974292770728
2716,1,1.6775974292770728
2717,3,1.456319245832233
2718,5,1.9560111428814542
2719,2,1.4942110383078238
2720,5,1.5105781215651912
2721,4,3.9108720060043973
2722,4,3.9108720060043973
2723,2,1.2590735793570955
2724,4,1.7607028095176418
2725,4,2.202507031983797
2726,4,2.137582937398487
2727,3,0.819959022234631
2728,2,1.188274934126269
2729,2,2.0623863055571388
2730,1,1.448154127780305
2731,2,1.2923315023244877
2732,1,1.650147286581187
2733,2,1.596122236403276
2734,1,0.9502281653018216
2735,0,1.290091271509262
2736,1,1.340117585801732
2737,1,1.8562325023613309
2738,4,1.4281101110644365
2739,5,1.5754287895726469
2740,1,1.4768716265401898
2741,1,1.4768716265401898
2742,4,0.9508134978708713
2743,5,1.99462585836038
2744,5,
2745,3,1.4162324439910243
2746,4,2.3394687102235014
2747,4,1.9673479291210758
2748,2,3.5003716443455213
2749,2,1.740486321804794
2750,0,1.8162043172047517
2751,3,1.851653544583428
2752,3,1.851653544583428
2753,3,
2754,3,
2755,3,2.737780621612322
2756,3,2.288164713007008
2757,4,1.6412603754899233
2758,3,3.1654659028654457
2759,3,3.475397842024758
2760,3,1.5361725150582237
2761,1,2.5590065509660187
2762,1,1.3256923692009062
2763,1,1.15582125049156
2764,1,1.934105916617142
2765,1,1.934105916617142
2766,4,2.0052801839621144
2767,0,1.886273745995312
2768,1,1.2156969923527763
2769,3,2.7046356878734223
2770,5,2.0275570541138803
2771,3,1.516393724655403
2772,5,1.7480813107643214
2773,3,0.921523452107205
2774,3,0.9929487975367572
2775,5,2.0995860400887203
2776,3,1.6281055592946008
2777,3,1.7195800413064601
2778,3,2.0601674813382034
2779,3,1.648474006520661
2780,5,1.4494276578265528
2781,5,2.6729587662180565
2782,3,1.301084251883667
2783,3,
2784,3,
2785,3,
2786,3,
2787,0,
2788,0,
2789,0,
2790,5,
2791,0,2.060745640225191
2792,4,1.6548525788080604
2793,1,1.2742988803634256
2794,1,1.6069814536576539
2795,4,1.9447480712188614
2796,0,2.2118627247221836
2797,4,1.599189269150142
2798,1,1.4963992673040454
2799,1,1.1727932169352673
2800,0,0.8952925083582645
2801,0,0.7155251669336588
2802,0,2.8422619485825864
2803,0,3.3654218127470794
2804,0,2.285056801476948
2805,0,2.3581610506937425
2806,0,3.8573437888975786
2807,0,2.7537323864642116
2808,0,2.2500873913732438
2809,0,2.4227598452735024
2810,1,0.7630970141902241
2811,1,0.9640536009554783
2812,0,1.383444023477388
2813,3,1.4570223064539467
2814,0,1.6539122340749541
2815,5,1.9542345432287487
2816,1,3.151909080307824
2817,0,0.9374253970019306
2818,1,
2819,3,
2820,5,
2821,1,
2822,1,
2823,5,1.481302742913893
2824,5,1.845759689595291
2825,5,2.1175229654951884
2826,5,2.238464744279469
2827,5,2.93642244373851
2828,5,2.93642244373851
2829,1,1.6785779603857627
2830,1,3.3111434848356556
2831,1,1.6587464622972312
2832,1,3.3111434848356556
2833,1,1.0447824984166378
2834,5,0.8511065843412544
2835,3,1.5335517361843194
2836,3,1.7651876583688693
2837,3,1.7651876583688693
2838,3,1.86487412574343
2839,3,1.1717906980511792
2840,3,2.157013797149072
2841,3,1.9225366038539453
2842,3,1.9225366038539453
2843,3,2.3326079700016233
2844,5,1.493392708855374
2845,5,1.1996884189089208
2846,5,1.38423953852789
2847,3,1.308368834162453
2848,5,1.2379881118849714
2849,3,1.3751169284108862
2850,3,2.106659921245219
2851,3,2.0348938882774794
2852,3,2.041835936793367
2853,3,2.0348938882774794
2854,3,0.7083204309899122
2855,3,1.6451776642994131
2856,5,1.0621736444016394
2857,5,1.0084832146935006
2858,3,1.2079780487714578
2859,3,1.4148765577013485
2860,3,2.179492606782514
2861,5,2.0641773041181923
2862,3,1.539568952329668
2863,3,1.960442666468283
2864,3,1.2262666011828351
2865,1,1.3976568424896352
2866,3,1.015702630622215
2867,5,2.507499491813081
2868,5,1.0601038267485647
2869,3,1.6451486792641292
2870,3,3.894173275929627
2871,3,3.3758883728520055
2872,3,0.9795153075796436
2873,5,1.7782293159451892
2874,3,1.3062969124091461
2875,5,1.1371826067499722
2876,3,2.2156052854022494
2877,3,1.1286485275067224
2878,3,0.5308389370181653
2879,3,1.741322339991038
2880,3,2.8923933379822264
2881,3,3.01217289251804
2882,3,1.4230616602126063
2883,5,1.1331190762553067
2884,3,1.0111818185423238
2885,5,1.2898318683543462
2886,3,1.21713782041455
2887,0,1.0461935020449664
2888,0,1.6568672791080992
2889,0,1.3311050907786253
2890,0,2.638741487089655
2891,1,1.963824586580727
2892,0,1.6816877459070454
2893,1,1.5434887027581166
2894,0,1.269950650875241
2895,0,2.1755806813325678
2896,0,1.8386131375188912
2897,0,1.89631236922874
2898,4,2.143530467439561
2899,0,3.383433578276859
2900,0,2.764363006100113
2901,0,2.126267854065985
2902,0,1.6632224757560936
2903,0,2.143377389682881
2904,4,1.1486170123909774
2905,1,1.1939656755729564
2906,1,2.4885359961485807
2907,1,2.295520329120879
2908,1,1.838709330260319
2909,1,1.9357234914940495
2910,0,1.321385206420637
2911,0,2.21062568915868
2912,0,2.853624852725194
2913,1,3.5811491908123827
2914,1,3.4885202285180714
2915,0,1.5933085311256263
2916,3,2.830349284585714
2917,3,1.5865316686211373
2918,3,2.830349284585714
2919,0,2.206981877965309
2920,0,1.7624997964167262
2921,0,1.9542526793450796
2922,0,1.6586510398819887
2923,0,1.4542292991050985
2924,0,1.5155470971725362
2925,0,1.577118275660707
2926,0,1.0759875645083983
2927,0,0.7952705117612583
2928,0,2.029792804026163
2929,0,1.8951919263442636
2930,4,2.456348839813499
2931,1,1.4263506663061727
2932,4,2.3814376145729725
2933,4,2.4042906899097636
2934,4,1.9819352289120602
2935,4,1.8864725277011547
2936,1,1.9574230482834574
2937,1,1.2704344822078222
2938,1,1.1603439963171316
2939,2,1.5526066754816314
2940,4,1.0151803903814947
2941,1,
2942,3,
2943,2,
2944,3,
2945,2,
2946,1,
2947,3,1.7900756330835348
2948,3,2.901551473849114
2949,3,2.1844606167533924
2950,3,1.1625641024482927
2951,2,1.7019735265228921
2952,3,1.1168956129296996
2953,2,2.163662685320739
2954,2,1.8303149211133092
2955,2,1.8859376328863298
2956,2,1.8804748536218943
2957,2,1.8931078020712264
2958,4,1.353956641680862
2959,1,1.7390750289888313
2960,4,2.1350035692008555
2961,1,1.7108085979849736
2962,2,1.8242355963857488
2963,2,2.0334770977369145
2964,4,1.2221842394790143
2965,4,1.2221842394790143
2966,1,0.9771463675507839
2967,1,0.8127143694851536
2968,0,3.7958914406315234
2969,4,2.5631544158760717
2970,4,2.4487335987237153
2971,4,2.8357842026537887
2972,4,1.8700497325633665
2973,2,1.5948862590351514
2974,2,1.8456327403676172
2975,1,0.8733686895633852
2976,1,2.0798162409927796
2977,1,2.155764070925172
2978,1,2.1744605616082326
2979,1,0.976841955851849
2980,1,2.633023976862766
2981,3,1.890278622334103
2982,3,1.877951688828459
2983,3,1.877951688828459
2984,1,0.9629091134129955
2985,3,
2986,3,1.5095370357029623
2987,3,1.7422977029052407
2988,1,1.9090448650035214
2989,1,2.560258422370374
2990,1,2.560258422370374
2991,1,1.4890886940751382
2992,3,1.2259492243433108
2993,3,0.6393374137065323
2994,5,1.1415014785655067
2995,5,2.238207613913214
2996,5,2.1902988174519713
2997,1,1.2727690292382925
2998,1,1.3353007722444068
2999,3,3.081116455790317
3000,3,3.081116455790317
3001,5,2.2506569870070425
3002,1,1.2655524808724823
3003,3,1.3628890574906842
3004,5,1.532480442372463
3005,3,2.2347883237800596
3006,3,1.847181477677511
3007,5,1.6902490392881373
3008,3,2.4129052519084757
3009,3,2.861035864937126
3010,3,2.4129052519084757
3011,5,1.8452422209693768
3012,5,1.5137082703805234
3013,3,1.43418515686742
3014,3,1.329234451777585
3015,3,1.329234451777585
3016,3,1.9802470583418503
3017,1,1.867086832972799
3018,3,3.0776433414354405
3019,1,2.280769737806793
3020,2,2.8517986812053806
3021,1,2.042713643259125
3022,1,1.5168215167765917
3023,5,1.7883618372420609
3024,1,2.0300147499379952
3025,3,1.9068534523576102
3026,3,1.9068534523576102
3027,3,1.0477722249871626
3028,5,2.102302496542691
3029,5,2.4775544438217407
3030,3,1.1377115719150452
3031,2,1.5688518195429197
3032,4,0.994093421685575
3033,3,2.1578545318988986
3034,3,2.4199225756078153
3035,2,0.8828495764729816
3036,2,1.5351813751576884
3037,2,1.1177330473735567
3038,2,1.7414732745221178
3039,4,1.3369038723004485
3040,2,2.5274284471969137
3041,2,1.7073977471956345
3042,4,0.874682030679274
3043,2,1.4743216929477836
3044,4,1.9464083718438852
3045,4,1.9464083718438852
3046,2,1.211524459984295
3047,2,1.562958036227095
3048,2,1.3879619477763152
3049,2,
3050,2,1.1430067085400428
3051,4,0.9112522836694903
3052,4,1.1539072362333371
3053,4,1.118163063291928
3054,4,1.856588498708675
3055,2,2.950314633238245
3056,4,0.9712127735485998
3057,5,1.0875826203170316
3058,4,2.5969621686588966
3059,4,2.569640825400208
3060,5,2.29386347260666
3061,5,1.1380272898853478
3062,5,1.1972364673049556
3063,5,1.0951255371619866
3064,3,2.5352679538251284
3065,3,2.1022862385549135
3066,5,5.269037754209902
3067,3,0.9776805451582248
3068,5,1.7957216449036142
3069,1,3.4382621903914314
3070,1,3.713422497577002
3071,4,1.2056599156427235
3072,4,1.5648316384978345
3073,4,1.5648316384978345
3074,2,1.2465731085184892
3075,4,2.5682221944827544
3076,2,2.088731274676866
3077,2,2.4883867793575636
3078,2,5.437020855781733
3079,2,4.098394941763779
3080,2,3.4940159914622146
3081,4,2.7115982352423984
3082,2,2.088731274676866
3083,4,1.2583909023949684
3084,4,0.8419032834524055
3085,2,1.3118426095731268
3086,2,2.0348687240846814
3087,2,1.3062886570908925
3088,2,1.2434108256309415
3089,2,1.6531276582437011
3090,4,1.6583880063464174
3091,4,1.4140157920653031
3092,5,1.4770009607499772
3093,5,1.961986904493546
3094,5,2.318322397691178
3095,5,2.2777132957210164
3096,5,1.8163635613791334
3097,1,1.6032810020522954
3098,1,1.7840472592368717
3099,1,1.6405127990533073
3100,5,1.7897514131162766
3101,3,1.8751067704233255
3102,3,2.4403660558020355
3103,5,0.7956457854573696
3104,5,1.6446378744891255
3105,5,3.231659621779468
3106,5,1.8525758845915636
3107,5,1.8027690993001761
3108,5,3.3346143032248805
3109,5,1.9991333384273622
3110,5,2.118413062460657
3111,5,1.9071820277836005
3112,3,1.6314296026549004
3113,5,2.5123966191874523
3114,3,2.0426120961648686
3115,2,1.420937933666008
3116,2,1.040009219260968
3117,5,1.877539770898921
3118,4,1.7542853037787864
3119,2,1.9223110389687288
3120,5,1.495373262282841
3121,5,1.737565227888345
3122,2,1.596682221934597
3123,2,1.596682221934597
3124,3,1.5280388697411023
3125,3,1.1374560113593617
3126,2,1.2549134602511114
3127,2,
3128,4,1.871466193880133
3129,4,1.7847291180847293
3130,2,2.0319631787121883
3131,2,
3132,0,
3133,4,1.7655671305130576
3134,1,
3135,3,0.9607803089184681
3136,1,1.4130745411749284
3137,5,1.6809871735697675
3138,3,0.9611672470606
3139,3,
3140,3,2.3369697885184557
3141,3,1.6331864053272926
3142,3,2.3988021695671873
3143,0,3.374022857590469
3144,1,1.054726186999224
3145,2,1.909284144653109
3146,0,3.0094140627166515
3147,1,1.2417954311748216
3148,0,2.226820386869152
3149,0,2.6388189725143967
3150,0,2.4759197893718943
3151,0,1.018717096135828
3152,0,2.846066647967006
3153,1,2.4830839484890372
3154,1,2.3141306491214255
3155,0,2.261293611018581
3156,0,3.0638319189190772
3157,0,2.9204132699990537
3158,0,1.4084063253962649
3159,0,1.4206685690321967
3160,1,1.3760789374466849
3161,1,2.843875602433339
3162,4,1.4164372683273851
3163,2,1.934709828544141
3164,4,1.9039919833938928
3165,1,2.843875602433339
3166,1,2.1021459275748713
3167,4,1.3711189254556233
3168,1,2.42274957502793
3169,1,2.4132067206810093
3170,1,0.9970137890894706
3171,1,0.9623762954268623
3172,3,2.6197604658670914
3173,3,1.354395873526148
3174,0,1.2833315077725183
3175,2,1.8682978136180004
3176,0,4.077673018733802
3177,2,1.4938981786890217
3178,2,1.7448645015088362
3179,2,1.7935826489529703
3180,1,1.713366982533245
3181,0,3.353701351524052
3182,4,2.3184099047050237
3183,4,1.9618707816769663
3184,4,1.4270201103854998
3185,4,1.488036553341857
3186,4,1.5056802004541383
3187,4,1.5056802004541383
3188,1,2.7572604379784966
3189,1,2.6652949601652103
3190,3,1.4615686457443768
3191,2,1.8305600718215498
3192,2,2.176468823283714
3193,2,1.4972476249717102
3194,2,2.0010929900113115
3195,2,1.7238790841139584
3196,2,1.0014339601271334
3197,2,2.285042096216923
3198,2,1.918252227608892
3199,2,2.4128456146483166
3200,2,1.888302061520479
3201,2,1.5151916673694155
3202,2,1.3951084165222891
3203,4,1.2866782492300692
3204,4,1.1100938170874122
3205,4,1.5487837716140165
3206,2,4.173789624343673
3207,4,1.5615727846382643
3208,2,4.912771306406932
3209,2,3.854835123735435
3210,4,0.9630972358645371
3211,2,1.3382719285329348
3212,4,2.2321336920789223
3213,5,2.277237648420939
3214,4,1.4621086860624715
3215,4,0.7503497295274872
3216,2,1.5691637578746165
3217,3,1.8345189136115214
3218,3,2.0038053404300094
3219,2,1.1831706425763229
3220,5,1.076435614996645
3221,5,
3222,3,1.469198997131545
3223,3,1.3811745455884985
3224,1,1.2222756458789996
3225,1,1.304702014304343
3226,1,1.0716609493675335
3227,1,1.4552649854799549
3228,1,1.9801280767363092
3229,1,1.5843612055733582
3230,3,2.034450068856822
3231,1,1.185853731424356
3232,1,2.1758394199566187
3233,1,1.9225706041685804
3234,5,1.9585647040892804
3235,0,1.3441572931189523
3236,0,1.6168830586772673
3237,3,1.8649162318886214
3238,3,2.9711450742776417
3239,3,1.8589371867692805
3240,3,1.8589371867692805
3241,3,1.9958362712197133
3242,1,3.2179789334205693
3243,3,2.2147601678435866
3244,3,2.0868758865597274
3245,1,2.9427085219994193
3246,3,
3247,3,
3248,3,1.7093466270826516
3249,3,1.6368343046836662
3250,3,1.6820752177704739
3251,3,0.8502419086297647
3252,3,1.2676442004607396
3253,1,1.2164283320114657
3254,2,1.7227904063583428
3255,0,1.191079257642862
3256,1,1.882536930540105
3257,1,1.767118875977887
3258,0,1.718030658619573
3259,0,2.411851089381714
3260,1,2.478481171602079
3261,1,2.478481171602079
3262,1,1.9487980803133897
3263,1,1.704852648923424
3264,0,1.6519343199402008
3265,0,3.107699138403433
3266,0,2.5591882469764475
3267,0,1.1422884011072105
3268,4,2.0721569391983334
3269,4,1.2505673016902619
3270,1,2.008606000849567
3271,1,1.529345549221527
3272,2,
3273,3,
3274,5,
3275,2,1.0375634402473017
3276,5,
3277,4,
3278,2,
3279,2,
3280,5,
3281,5,
3282,4,
3283,2,1.1614292858341304
3284,4,
3285,2,1.8737602465966028
3286,4,
3287,4,0.9084117912591927
3288,4,0.9050571739799251
3289,3,1.4325603865613796
3290,5,2.7368991108453327
3291,5,2.5037450128551932
3292,3,1.3390140789205862
3293,5,1.6679541033023386
3294,3,1.5575598164963453
3295,3,1.59404564451047
3296,3,0.9903049262901615
3297,3,2.5709808954702837
3298,5,1.9835447015302967
3299,3,2.604186141539779
3300,5,2.572461541633972
3301,3,1.7186238245393644
3302,5,2.2375568607131258
3303,5,3.19636152622685
3304,5,2.7637823337367453
3305,0,1.071199415643179
3306,0,2.8017203458049496
3307,0,1.6016399329393236
3308,5,1.556567559154462
3309,5,1.6417370555272053
3310,5,1.948080528780634
3311,3,0.9624266851260035
3312,5,1.0208750527538908
3313,4,1.5668576618719536
3314,2,1.4919873537768558
3315,4,1.8774714432798996
3316,0,1.5762977906563571
3317,0,1.4105660233106458
3318,0,2.0663619304493666
3319,0,1.6004897235826145
3320,0,1.903679208830948
3321,3,1.0785024728354367
3322,3,0.9857489609918226
3323,2,1.53121316608559
3324,1,1.6628729503748978
3325,0,1.6640388018906809
3326,1,1.6628729503748978
3327,0,1.1167386858655053
3328,0,2.2719246716645407
3329,0,1.896814230560264
3330,4,1.8151187993346727
3331,3,2.109857306772435
3332,3,1.9961951466391428
3333,4,1.9238400359774603
3334,3,2.2411967009467406
3335,3,2.4768415062989417
3336,3,2.0880455705938417
3337,0,1.8144838710244442
3338,0,2.390976553700504
3339,0,2.994196779663101
3340,0,1.2393407788829192
3341,1,1.5778130176512255
3342,0,2.1418317352613405
3343,1,1.474246955901533
3344,1,2.094710811877718
3345,0,
3346,0,
3347,0,
3348,1,1.5749556687082928
3349,1,1.6775815095213258
3350,1,2.8725416552752274
3351,3,0.9879471572635311
3352,3,1.0473088572443854
3353,0,1.9298028413258956
3354,0,
3355,0,2.1867432085932283
3356,0,1.2124552868218392
3357,5,2.3441638286166624
3358,5,2.3414625952512873
3359,3,
3360,5,
3361,3,
3362,1,1.3750583325614218
3363,1,1.7894152366800147
3364,0,1.6679046260338768
3365,1,1.7231648446034475
3366,1,1.7231648446034475
3367,1,
3368,0,
3369,0,
3370,3,
3371,3,
3372,0,
3373,0,
3374,0,
3375,0,
3376,1,2.036643008505598
3377,0,
3378,0,1.0520723809530454
3379,1,
3380,0,
3381,0,
3382,0,1.7151707297996706
3383,0,3.8032116989047293
3384,0,2.0408978604621777
3385,0,1.2999251821194049
3386,0,1.3980792718645676
3387,0,2.583320142430409
3388,0,1.3823901835715606
3389,0,1.4855077437449609
3390,0,2.006552022262709
3391,0,2.042486597075227
3392,0,1.4261541325625997
3393,0,1.3278147477077284
3394,0,1.9487694027890479
3395,0,1.9487694027890479
3396,0,1.6704918916786882
3397,1,1.9288957549735777
3398,1,1.838873202101651
3399,5,
3400,3,
3401,3,1.2862179697643237
3402,1,1.6656702583226386
3403,1,1.9807853985140778
3404,0,1.1657380702130475
3405,0,1.846928599237531
3406,1,0.9473861705210808
3407,3,1.0856300667094143
3408,3,1.4718319067831136
3409,0,1.5521574007828183
3410,0,2.2742643579147908
3411,0,2.363891707596705
3412,0,1.9442354471757628
3413,1,1.2997959961221257
3414,0,1.767225087471899
3415,4,1.9891467899698656
3416,4,
3417,1,1.1436852896834748
3418,4,1.5086830877289379
3419,0,2.03867779645858
3420,2,1.8045393815940365
3421,1,1.2619387490730947
3422,4,0.6548817713125454
3423,1,
3424,1,
3425,4,1.6886452292400635
3426,0,1.663926571066344
3427,3,1.3276265292682838
3428,3,1.1942671596706826
3429,3,1.51119130035487
3430,3,1.4247801065877619
3431,3,1.4610251521389968
3432,1,0.7962082099689821
3433,0,1.6832402651939762
3434,1,1.4585209254967528
3435,2,2.0220188846526397
3436,4,2.6851902166763253
3437,2,1.844530171834351
3438,1,1.6240656868624226
3439,1,1.2271984155360984
3440,0,2.256523393833985
3441,0,2.585963386067067
3442,2,1.895276371842191
3443,0,2.235324233756062
3444,1,2.7783579893498676
3445,0,2.58263593217146
3446,0,1.850826767937079
3447,0,2.1175646195256865
3448,0,1.076281395460006
3449,0,0.7810509578425217
3450,0,1.2544036551020055
3451,1,1.488613258799358
3452,1,1.0075006020327952
3453,1,1.442092592975883
3454,1,3.0922668417042485
3455,2,1.5339388386994348
3456,4,
3457,2,1.240891385317786
3458,2,1.5657328287584786
3459,4,1.367102306438142
3460,4,2.9162464983668053
3461,4,2.9162464983668053
3462,1,1.346222225757399
3463,3,0.9332039392548195
3464,3,1.6864746197484024
3465,3,1.9451839131042044
3466,5,2.084946094070226
3467,5,2.7717202040751805
3468,3,1.709190344342287
3469,3,1.0976478278296844
3470,3,0.9542600535355787
3471,3,1.0221825290308557
3472,5,1.046745763381106
3473,2,2.1776951167427647
3474,5,1.9464763403982206
3475,2,1.9858145678878587
3476,2,2.7241104083464913
3477,2,2.2784683681925677
3478,2,1.349635425554078
3479,2,1.424886858768219
3480,5,4.245059702544892
3481,5,2.117214773866794
3482,5,4.245059702544892
3483,3,2.081822070462681
3484,3,1.6318330933632776
3485,3,1.29341766559037
3486,3,1.2782328745028773
3487,3,1.1514222216948768
3488,3,2.4991480086617015
3489,3,2.4991480086617015
3490,5,1.2809679998889396
3491,5,1.6490419665317901
3492,5,2.197576795344445
3493,1,1.1885011979296871
3494,1,1.1777904119283793
3495,1,1.4722853659905968
3496,5,2.5679913138374775
3497,1,1.459713548351075
3498,1,1.1811731538515144
3499,5,2.2720125694184126
3500,5,1.547046471408146
3501,5,1.6051369215549502
3502,3,1.357370842837571
3503,3,1.6478960274042567
3504,3,0.8429041317957553
3505,5,1.1110796410605956
3506,5,1.9523668351889198
3507,5,1.5421365587678657
3508,3,1.0248415382242377
3509,5,1.1530160214038931
3510,3,1.0402403481934572
3511,3,1.0402403481934572
3512,5,1.4537210534852196
3513,5,1.3564093880448371
3514,3,0.9615100440572806
3515,3,0.6019703169849216
3516,3,1.5079078088232312
3517,5,1.9900306166587642
3518,2,1.41634600560604
3519,5,1.3282878738468338
3520,3,1.4741216792513636
3521,1,1.5355288585965283
3522,1,2.9074833198600785
3523,1,2.3221333224542846
3524,4,1.7533853541192597
3525,1,0.647943850254462
3526,1,2.2222009610280975
3527,4,1.7638750481726704
3528,1,1.414726151944511
3529,1,1.3933539892352365
3530,2,1.3174859129035883
3531,0,1.3435218764205326
3532,2,1.5843171533222293
3533,4,0.6953294435192785
3534,0,2.662132958035078
3535,2,2.0215869689686823
3536,1,1.2498419782392278
3537,0,0.9194229799142362
3538,0,1.5362283316882495
3539,0,2.770599679710366
3540,4,2.022222409064139
3541,0,1.6384448660066242
3542,0,1.5546729127419137
3543,0,1.250905988720492
3544,2,1.552531785692953
3545,4,2.0675162076205793
3546,5,1.7040188050186813
3547,1,2.0377424096615475
3548,1,2.6006040809516975
3549,5,2.4909178643343934
3550,5,2.574410688207875
3551,5,1.8480951037622415
3552,3,2.412770876277247
3553,3,1.348521923389792
3554,3,1.2972036150886568
3555,5,1.3575460136847801
3556,2,1.1046185535592743
3557,5,2.145095187522405
3558,5,
3559,5,
3560,3,
3561,3,
3562,5,1.6819620163595133
3563,3,
3564,2,1.6396326633462732
3565,5,3.2886175472070254
3566,4,1.096576755762354
3567,2,1.6853788624931745
3568,4,
3569,4,0.6797793321272894
3570,3,
3571,3,
3572,3,1.3321990616249824
3573,3,2.027097894162045
3574,3,2.0809181557379417
3575,3,2.027097894162045
3576,3,
3577,4,2.448845972355422
3578,2,1.6158494695887193
3579,4,3.1625185256478003
3580,1,1.0919060389815738
3581,2,1.651144611023212
3582,1,1.2009023665288676
3583,1,1.5337029894280716
3584,1,2.8274854376273106
3585,1,2.6003355607028507
3586,4,2.1035830714753945
3587,2,1.354703472125659
3588,1,1.9110675143758709
3589,1,1.9110675143758709
3590,2,1.4991965145937516
3591,2,1.5190849069077332
3592,1,1.3371158882266914
3593,1,2.2421086404723676
3594,0,1.6907914748468602
3595,5,2.780848168104305
3596,0,1.093873903412042
3597,0,1.4563260157728442
3598,3,2.733584492897631
3599,1,1.5455334856156528
3600,3,3.072825296814958
3601,0,3.5991894972033873
3602,3,1.1836037887908526
3603,3,0.8295905623560901
3604,5,1.9051112786667523
3605,3,1.6222068797087488
3606,3,1.3833250960499717
3607,1,1.4309888385986003
3608,1,1.4114271012146167
3609,1,1.4758393632949798
3610,1,2.5160871300621612
3611,1,2.066234043702644
3612,1,1.991601405095451
3613,1,1.337901732237014
3614,4,1.5109193060015735
3615,4,1.2690721097954014
3616,1,2.0470240116420957
3617,1,1.182443181547495
3618,1,0.8855283923426489
3619,1,2.1248257334328726
3620,1,1.2696843553401147
3621,1,1.281950623778537
3622,1,1.284850662923221
3623,5,2.3365014661058514
3624,5,2.9877589107186684
3625,5,2.321821264819118
3626,3,1.099115594525005
3627,2,1.1087944590841534
3628,2,1.8212199062920988
3629,2,2.3333263755977556
3630,2,1.0257168273963353
3631,4,0.837205578991148
3632,2,1.856541478240372
3633,2,2.098166980437559
3634,3,0.9274128815741122
3635,5,1.3849289865095218
3636,3,1.29312031379781
3637,3,1.0973920871238112
3638,3,0.9634483807776575
3639,5,2.2592356701207255
3640,4,1.8750941867569426
3641,4,2.4599288555871808
3642,4,1.8750941867569426
3643,1,1.6078230094190815
3644,1,1.6195200751712706
3645,4,1.9745648155541573
3646,4,2.07570291165395
3647,2,0.9699477931234317
3648,3,2.1182325612747857
3649,5,1.8004479155079878
3650,3,2.2185239643425434
3651,1,1.3829266199452457
3652,0,1.9819182852862536
3653,5,1.5568851010416407
3654,2,1.4465533150523684
3655,4,1.8989739386562257
3656,0,0.9536483443224765
3657,4,1.3304916833225493
3658,1,1.1492836333588028
3659,0,1.8095182354906318
3660,0,1.9648608651461492
3661,0,1.5366051981086972
3662,1,1.0796310254207993
3663,1,
3664,1,
3665,1,
3666,1,
3667,1,
3668,1,2.729848809351514
3669,1,2.5062941925560733
3670,3,1.9676625616375818
3671,3,1.8890365207420639
3672,2,2.140463031316322
3673,2,1.4825732854553868
3674,4,1.4353860958423066
3675,2,2.7136779077597484
3676,2,1.6137682131686222
3677,4,1.2939857194382147
3678,2,2.4856262305916497
3679,2,1.5644372388840104
3680,4,1.1833878140915166
3681,4,1.1712785065352145
3682,2,1.441726069355125
3683,2,1.4816867559470002
3684,2,1.389772298568442
3685,2,2.1699680741630805
3686,4,1.8699335057951956
3687,2,2.1699680741630805
3688,2,1.6002348265636532
3689,4,1.37763509966521
3690,4,1.7327775080037
3691,4,1.0368418998786022
3692,4,1.8455662081228725
3693,4,0.7326876556281919
3694,2,1.9847232565335549
3695,3,1.430617678443477
3696,1,1.4817011546682193
3697,1,1.4817011546682193
3698,2,1.5229386357032073
3699,2,2.8679970253220954
3700,2,2.8679970253220954
3701,4,1.4689064990665586
3702,4,3.1743249976818486
3703,4,0.8079006854107422
3704,4,2.3172726860832142
3705,4,2.4768016486617572
3706,4,0.6459187883836665
3707,1,2.6739750944334317
3708,1,2.4112323617560727
3709,1,1.1473151582206687
3710,5,2.379741042691995
3711,5,2.379741042691995
3712,2,1.8529936077375475
3713,5,
3714,3,0.8029334303175433
3715,5,0.9870477111604021
3716,2,1.2820465324908237
3717,2,1.4473528056133524
3718,2,3.1962224627542413
3719,4,1.536444798968705
3720,4,1.536444798968705
3721,2,2.1677159609685615
3722,1,1.0809437955149102
3723,2,1.2226419872336811
3724,2,2.8208665669631543
3725,0,1.6837953454972825
3726,1,
3727,1,
3728,1,
3729,2,1.9382276555444864
3730,2,1.707538669501063
3731,4,2.671804574810139
3732,4,2.22159719413218
3733,1,2.003117841788086
3734,2,1.283883129636315
3735,1,1.3836790344038452
3736,1,1.02860691739957
3737,1,2.2104952959323336
3738,1,1.6816198461312395
3739,1,2.435353050241313
3740,0,1.7601746615357028
3741,0,1.8240489855896405
3742,1,1.1317774172607822
3743,0,1.4274007054834192
3744,0,1.3885147971913652
3745,5,1.5694076358761186
3746,5,0.8938209730738281
3747,3,2.0652503383959377
3748,3,1.1871552058625778
3749,3,2.17476000577377
3750,5,1.7331770817019445
3751,5,2.6139423434988216
3752,5,2.5876381527291374
3753,3,1.6923316980721448
3754,3,1.4561401774310812
3755,3,2.7198072721371043
3756,3,1.7379456149238537
3757,3,1.7186422086121473
3758,3,2.1354525684498595
3759,3,0.9246412139147219
3760,2,1.3072971836408849
3761,3,1.5735853627119203
3762,3,1.469637645511606
3763,3,1.697940747320162
3764,3,2.7946248405258034
3765,1,1.5612666874711834
3766,1,1.5612666874711834
3767,5,2.0291513588569687
3768,3,2.7430062121941896
3769,3,1.7852542895792358
3770,3,1.7852542895792358
3771,3,1.5073833110696475
3772,3,1.7637543885997387
3773,3,1.4396075650097249
3774,3,1.621925497999321
3775,1,2.042666483876541
3776,1,2.042666483876541
3777,1,1.809920184858186
3778,4,1.3668385460078067
3779,2,1.9038612758221298
3780,5,1.968207747590818
3781,3,1.2641385352352184
3782,5,1.52093455389401
3783,5,1.9698126386543988
3784,3,2.3335688020300145
3785,3,1.3676847118586548
3786,3,2.6248043365280855
3787,3,
3788,3,1.1446210652859197
3789,3,
3790,0,
3791,1,2.377150655300756
3792,1,2.1021870525455038
3793,1,1.471079494838073
3794,1,2.287960332974684
3795,3,1.0844664708949774
3796,3,2.2312582880628256
3797,3,2.272389409242367
3798,3,1.2425896701293706
3799,3,1.995833139431767
3800,3,2.6189337906054115
3801,1,2.528206305570034
3802,1,2.436422990368571
3803,1,0.879778075917191
3804,0,1.11993334336246
3805,0,2.087313175693201
3806,1,1.9686319069248086
3807,1,1.5335775334819917
3808,1,1.9686319069248086
3809,0,
3810,0,
3811,0,
3812,0,
3813,0,
3814,3,
3815,3,1.40008901935379
3816,3,1.5702802217223992
3817,3,
3818,1,1.3512285676409732
3819,1,1.3627070628687665
3820,3,1.906813239359081
3821,2,2.089055117841959
3822,1,1.6033367881944516
3823,1,1.750498830000274
3824,1,1.750498830000274
3825,3,2.0614281841214956
3826,3,1.7294895952447005
3827,3,1.3230656307154793
3828,3,1.4882204170462872
3829,3,1.5826511540492187
3830,3,1.487963673920609
3831,3,1.5826511540492187
3832,1,1.3221101028284012
3833,4,1.0990350993376645
3834,4,1.5668184120597204
3835,5,2.5892837083927236
3836,1,2.5144610191160113
3837,1,2.6963714213659338
3838,3,1.5216802781290295
3839,3,3.117425400686754
3840,3,3.117425400686754
3841,3,3.000084385282142
3842,3,1.329219577635283
3843,3,1.6557466843808726
3844,3,1.9663146809202143
3845,3,0.7886585241397659
3846,3,2.2666142935704743
3847,3,1.812108078219856
3848,3,1.4999953181861134
3849,1,1.9927171568299147
3850,0,
3851,0,4.496405868514468
3852,0,
3853,1,1.59600210047742
3854,5,2.470253099060253
3855,5,2.145328803626209
3856,3,1.3472520667006533
3857,3,0.9241901658656497
3858,3,1.780288291894784
3859,3,1.5149899636377733
3860,3,1.6355118986491335
3861,3,0.8047823723998965
3862,3,2.1681101590167366
3863,3,1.5742125689294986
3864,3,2.3977873478262777
3865,3,2.7784595023244005
3866,3,1.779763302353402
3867,5,2.3225052553429344
3868,3,1.1441730406324306
3869,3,1.4457605826205004
3870,5,2.1608728781909363
3871,3,2.0563297052348726
3872,3,3.0279116453682424
3873,3,3.0279116453682424
3874,1,2.2340327504463433
3875,1,0.8068729570857014
3876,1,2.2340327504463433
3877,3,1.32897217143794
3878,5,1.8112979430149245
3879,5,3.1939115560911713
3880,3,1.3564478694134723
3881,5,1.655093638585059
3882,5,2.063310591113596
3883,5,1.8442815161527675
3884,3,2.0023722471985628
3885,3,2.6259406588176644
3886,3,3.2567446579670802
3887,3,1.6560387759449002
3888,3,3.7367394900514883
3889,3,1.7931387358543482
3890,5,1.2661422318410143
3891,3,1.665959902529715
3892,3,2.028289849770475
3893,3,1.026490814773983
3894,3,0.9983034319651554
3895,0,2.3434531075535636
3896,0,2.0563134291494363
3897,0,1.6617687303429618
3898,2,2.1094343149742514
3899,1,2.4570793309110983
3900,1,1.3264467485100013
3901,1,2.530797856114535
3902,2,2.156097180195821
3903,1,1.71187668661642
3904,1,2.114336158411567
3905,1,1.3484757390150945
3906,1,2.038527955253902
3907,1,1.7554547605138164
3908,0,2.357743889698606
3909,0,2.2591182387600908
3910,1,2.1745359062352403
3911,1,2.1745359062352403
3912,0,1.330586545477106
3913,1,2.9856104016927616
3914,3,1.283034060904509
3915,1,2.6909418002962795
3916,5,1.8611957038975642
3917,5,1.7788236494634069
3918,3,1.2390860831184614
3919,3,1.146493152022051
3920,3,2.102278764184387
3921,3,2.166782664220548
3922,3,1.189693476489124
3923,3,1.3630855404948805
3924,3,1.6596433281410623
3925,5,2.612729498326174
3926,3,2.0718749191089914
3927,3,3.2236358890895698
3928,3,2.752534120815806
3929,3,1.398154380099505
3930,3,1.1067986486490886
3931,5,1.9072049273771627
3932,3,1.2233908071986699
3933,0,2.051728007787812
3934,0,1.9555235963669968
3935,1,1.7622865181382616
3936,1,1.5988694726100983
3937,1,1.4506739348534294
3938,0,2.3373774197182455
3939,0,2.65921506556628
3940,1,1.4084781374333426
3941,4,1.845430133364672
3942,5,2.009936403858587
3943,0,1.959774861994276
3944,1,2.1068301222035655
3945,1,2.100622733367408
3946,1,1.8205139767102854
3947,1,2.641325102682707
3948,1,2.0884498719626614
3949,3,3.2011198709606865
3950,3,3.2011198709606865
3951,1,1.7893052753616472
3952,3,
3953,3,
3954,3,1.3655627975848215
3955,3,1.636879231943185
3956,3,1.6489217940404628
3957,1,1.5576032934675368
3958,0,1.3225709666565746
3959,2,2.617286271045148
3960,0,1.9951474656581114
3961,0,1.6233741777211739
3962,0,2.858190244622388
3963,0,1.9951474656581114
3964,1,2.577370280767791
3965,3,
3966,3,1.969115018568737
3967,3,
3968,3,1.3044481385109532
3969,3,1.3044481385109532
3970,3,1.7137991220303437
3971,3,1.760964077759058
3972,1,1.2129026857345226
3973,3,1.5968808914235757
3974,3,2.1388205119702093
3975,3,2.1019217356529896
3976,3,1.804291329717992
3977,1,2.507111590627578
3978,1,2.3220136135542284
3979,0,
3980,0,
3981,0,2.8552607172966873
3982,0,
3983,0,
3984,0,1.673264675385128
3985,3,2.6403168348166197
3986,1,2.6047635998573915
3987,3,0.949318947764017
3988,1,2.6047635998573915
3989,2,1.6033115481876774
3990,3,1.4440490305205012
3991,3,1.3225872924326423
3992,3,1.286601171131051
3993,5,1.985144395570647
3994,3,1.9579833911652404
3995,1,2.861579023331037
3996,1,1.8049815625395313
3997,1,1.7454982108794996
3998,1,2.9599667551536823
3999,2,1.8656357581529248
4000,1,1.1067856436876062
4001,3,
4002,1,2.064340001742787
4003,0,1.959761009372043
4004,0,1.8473560129705522
4005,3,1.828631777705557
4006,2,2.001783207407256
4007,0,1.4156698449037015
4008,0,1.2830685970313818
4009,0,1.6562141321719703
4010,0,1.4842076908932398
4011,0,1.2715065974930446
4012,0,2.72590957942136
4013,0,1.6679714198154327
4014,1,
4015,1,2.0426586907802866
4016,0,1.7729701372036677
4017,1,1.469888691390568
4018,1,1.2346991388885278
4019,1,1.6076212152058713
4020,1,
4021,1,
4022,1,1.1253159104504968
4023,4,2.5961458265546944
4024,3,2.2354259630555227
4025,4,2.8967333115261535
4026,2,
4027,3,2.432745558536235
4028,5,1.5024302682309374
4029,1,1.6524956073232064
4030,2,2.2943005012750475
4031,1,1.6805456502015026
4032,2,2.78006079101833
4033,1,2.2066277938607284
4034,1,0.9153087583633802
4035,4,1.278571735324534
4036,0,2.638925645236913
4037,4,1.5595156584324352
4038,4,1.377026043368154
4039,0,1.8559599971397112
4040,0,1.5476375072954152
4041,1,1.3223423630987634
4042,0,2.6449268065023372
4043,1,2.2856996996654884
4044,1,2.0898544099035763
4045,0,2.5459609648520494
4046,1,1.963199746280281
4047,1,1.3480779287075966
4048,1,1.9626681367707326
4049,0,2.4695158883909762
4050,1,1.5289292358549103
4051,0,1.3119996787227353
4052,0,1.304236331720269
4053,0,2.1833674688353724
4054,0,2.1428207482937953
4055,0,2.07331334393295
4056,1,2.0906893255021415
4057,1,1.6855920599668492
4058,1,1.6524613457644526
4059,1,1.6304423123793979
4060,0,2.6554011836486433
4061,0,2.6554011836486433
4062,1,1.6304423123793979
4063,1,1.692465549852566
4064,4,1.8575836797598233
4065,4,
4066,2,1.2394183674388004
4067,4,1.1003116143983014
4068,2,1.6994405079311272
4069,4,1.1707346572431838
4070,1,0.9639359768709811
4071,4,1.1359029258893238
4072,4,1.2817570647586707
4073,4,1.2510970282766847
4074,1,1.9159087042331497
4075,1,1.6717692115721055
4076,4,1.3356282994217987
4077,1,0.7316800279734857
4078,4,1.2610025260437934
4079,2,1.0808205886105795
4080,2,1.6614312530998163
4081,4,1.9874813142504044
4082,5,2.390974967377859
4083,5,2.390974967377859
4084,5,2.5428923114461077
4085,1,1.0332695985779239
4086,5,2.052990736629838
4087,5,1.5276902711768747
4088,1,2.1604281787432313
4089,1,2.1604281787432313
4090,5,1.2619393742428187
4091,5,1.164546300494512
4092,3,1.3048749523734215
4093,5,3.297240468193116
4094,5,3.297240468193116
4095,3,0.7322491840743671
4096,3,1.9282994240920979
4097,3,1.7214240121405782
4098,1,2.3620260472632406
4099,1,1.0934548862874998
4100,1,1.2843672899622396
4101,1,2.5094005238508377
4102,2,1.227566721692554
4103,5,1.6595735405204748
4104,3,1.4113832616546247
4105,3,1.4508874173240744
4106,3,1.1249846555684069
4107,2,1.0513640223216694
4108,2,1.838419877077499
4109,2,1.0453554293129605
4110,4,0.9646051087132592
4111,4,0.822697527602277
4112,2,0.9638457530000683
4113,3,0.7610052920989127
4114,5,1.3534925772782886
4115,5,1.1524047405959716
4116,2,2.4404771788940205
4117,2,1.4787570071995373
4118,3,2.107767781770776
4119,2,1.9735501093391
4120,4,1.9137330362069045
4121,5,1.6691593933141085
4122,4,1.9135799486343306
4123,2,1.5353868325924216
4124,2,1.865714702638968
4125,2,1.8169502012509724
4126,2,1.2960130128642753
4127,4,1.178234903821913
4128,4,0.7202586391881818
4129,4,1.6472099144675938
4130,4,2.387722502170861
4131,4,1.5405011320943471
4132,4,2.544267119874866
4133,4,2.4802884170820687
4134,4,1.1080373344109629
4135,4,1.5288587724995575
4136,5,1.0350135268999188
4137,2,0.720896868750949
4138,2,1.6661316216831974
4139,1,0.5848747759645185
4140,2,0.9618032213319612
4141,2,1.5197568168073041
4142,2,2.181853791597441
4143,2,1.9524701398243083
4144,2,1.1072271683312724
4145,2,1.3822081167423566
4146,4,0.8717330052889407
4147,1,2.565287150434333
4148,1,1.5672593656524518
4149,1,
4150,1,
4151,2,
4152,5,1.0303711319132205
4153,5,1.6882304879624896
4154,3,1.202198392047269
4155,5,1.683851207003997
4156,5,2.525025387903083
4157,5,1.350049974767309
4158,5,1.5456917810519142
4159,2,1.9572942887816178
4160,2,1.9703256739233397
4161,2,1.9980932981760837
4162,2,1.9703256739233397
4163,4,1.10928762645752
4164,5,1.7698332967142651
4165,5,1.8299947252711304
4166,2,2.7635504857775213
4167,2,3.101381646451199
4168,2,1.426957017048219
4169,4,1.3024763724592427
4170,2,1.363552628711846
4171,1,1.5060867346353912
4172,1,1.4975606430471025
4173,2,1.7398528987213628
4174,4,2.1546663217725954
4175,4,2.8287180290048077
4176,4,1.2240758026985097
4177,4,2.0606343364140414
4178,4,2.0606343364140414
4179,4,1.8908225092227777
4180,4,1.2225085042203192
4181,4,1.6623472990641068
4182,5,11.215232257450445
4183,4,1.0484743898427071
4184,4,1.594613809526297
4185,4,1.51404894566524
4186,4,1.51404894566524
4187,4,1.782034207957381
4188,1,1.05827186136155
4189,4,1.2175503893653932
4190,2,1.2845659581929805
4191,2,2.1204306871980054
4192,0,6.025674558285967
4193,1,1.7576978086861452
4194,2,1.4057696687689678
4195,2,1.5755948682225467
4196,2,1.2613166114200818
4197,4,1.5423710096100682
4198,1,2.2155113744653976
4199,4,2.039886915824613
4200,4,1.033982619354548
4201,4,0.9834799614075863
4202,4,1.0627892663604168
4203,1,1.4581549759061208
4204,1,2.6631980497061387
4205,1,2.3960029327407604
4206,4,2.43535080972314
4207,2,2.329409764508868
4208,2,2.1389999559389983
4209,2,1.5826688988459794
4210,4,1.304262399738608
4211,2,1.4428758635065366
4212,4,0.8409655272033315
4213,4,1.9402115896798364
4214,4,2.3266538651773163
4215,5,1.5163681281611947
4216,5,0.9977622438354362
4217,2,2.1121862199060915
4218,5,1.3168064897153557
4219,5,1.7901678406973318
4220,3,3.33482191239874
4221,3,1.781269593212344
4222,3,1.7325653883449303
4223,5,1.6346553322092936
4224,5,1.6252422199057177
4225,5,1.6836339536125784
4226,5,1.590416966611772
4227,5,1.9978376319292734
4228,3,3.446596685797361
4229,2,1.103377432969491
4230,2,1.7891641127528075
4231,5,1.8698101503383635
4232,2,1.5693112954972968
4233,4,1.462721311486551
4234,1,1.151894194143776
4235,2,
4236,2,
4237,2,1.773295247579009
4238,0,
4239,4,2.1000951551343534
4240,4,0.850542276179666
4241,4,2.310344948878869
4242,4,1.5318654545825774
4243,1,2.199979405563593
4244,1,2.199979405563593
4245,4,0.6545892606200971
4246,2,3.006908578875402
4247,2,1.7849261496731919
4248,4,0.8265343573653544
4249,1,3.3251376740803162
4250,1,1.961544963292932
4251,4,1.269798745555447
4252,1,3.4127945880126456
4253,1,1.415354258489305
4254,1,2.0411912257050084
4255,1,1.9265410887068855
4256,1,1.4558523226044928
4257,1,2.5481482884697786
4258,2,1.4159509105351682
4259,1,2.5481482884697786
4260,2,1.2189380724318137
4261,2,1.2727519096925557
4262,1,1.6960516246008108
4263,2,1.1639866468148
4264,1,1.6476066598099006
4265,2,3.5109770214521188
4266,1,2.00179374324749
4267,2,4.418165743465317
4268,5,1.7627028744331523
4269,5,3.5255497886621185
4270,5,3.5255497886621185
4271,5,1.3651209331404692
4272,5,1.6046933592592523
4273,3,0.8401438768547818
4274,3,0.8158431069603638
4275,4,1.5612272218685783
4276,2,2.56630501641518
4277,4,2.1862877111137053
4278,4,1.5264450770457592
4279,4,3.7734226994694744
4280,4,1.3494095502297296
4281,4,3.7734226994694744
4282,4,1.6517402592734158
4283,2,2.491163198825415
4284,2,3.3748514635481306
4285,4,
4286,4,0.7675951678500289
4287,2,
4288,4,
4289,2,2.38176303234991
4290,2,2.87459668515977
4291,2,2.815833088578999
4292,2,1.9079668086551038
4293,4,1.0003154567841805
4294,4,0.8542241745499558
4295,4,1.4303226395087363
4296,2,1.2728122049569408
4297,4,1.3582308005908426
4298,2,1.3900007648198613
4299,4,0.5964303461380074
4300,2,1.938720280804951
4301,4,0.7246113929838747
4302,2,1.13013015679354
4303,4,1.4935571561698093
4304,2,1.1710768777988252
4305,2,2.544045795082084
4306,4,2.078530869960742
4307,2,3.3245225537785705
4308,3,1.0559466938928146
4309,2,1.945113610976081
4310,2,1.5797358045791143
4311,4,2.078530869960742
4312,2,3.3245225537785705
4313,2,1.4507766988594313
4314,2,
4315,2,
4316,2,
4317,2,
4318,4,1.326651746313685
4319,2,1.5061927038619383
4320,2,1.8389901188645215
4321,4,2.1737729196770648
4322,4,2.707069440478211
4323,2,1.1668283429434831
4324,4,1.6463510322107142
4325,4,1.7264858167277297
4326,4,1.5986336586289847
4327,2,0.9834088961680849
4328,4,1.6482505039664168
4329,4,1.5043968249499582
4330,2,1.0517460873637563
4331,5,1.5481302949466977
4332,2,1.290232149659782
4333,2,1.4485086459117609
4334,3,1.0553666182201173
4335,2,2.354830750946637
4336,3,1.2021640555938973
4337,5,1.3655607658519864
4338,5,3.0376430534814443
4339,3,0.8051086926479476
4340,5,1.308927290541004
4341,3,1.031216999665645
4342,3,1.0685747253568982
4343,3,0.7782978829369374
4344,3,1.18409535288353
4345,1,1.9989291846962438
4346,1,2.0151686534483217
4347,4,1.4041456066341875
4348,2,1.1794855290195958
4349,4,1.1846305398169354
4350,4,1.1618503193016787
4351,4,1.4909031368545533
4352,4,1.5379088159732073
4353,4,1.4653805741766888
4354,4,1.1868351359090168
4355,4,2.550567996585329
4356,3,2.459029731108634
4357,0,1.8926595332367637
4358,4,2.547149814331314
4359,4,2.455809256568343
4360,0,2.901624608106928
4361,0,1.8237413058021072
4362,1,2.392309800220908
4363,1,2.320695822577503
4364,4,1.0013216889931236
4365,1,1.235575451321264
4366,0,1.0465775710684462
4367,4,1.2894670896423863
4368,4,1.5199927881955606
4369,0,1.6636816289160432
4370,4,1.6811803639146434
4371,2,1.3090287640569398
4372,0,1.2270247142497592
4373,0,1.489973740787529
4374,0,2.125204971294722
4375,0,1.7680826457490932
4376,0,1.2743500473630427
4377,1,1.6765922222236262
4378,1,1.3897323086807578
4379,4,1.083991355205032
4380,4,0.9367766073028504
4381,0,2.1058026898034776
4382,0,2.188579257316915
4383,0,1.4260513413722204
4384,5,1.6361101640112052
4385,0,2.2234018751855884
4386,0,2.2234018751855884
4387,1,1.3909321755109676
4388,3,
4389,3,1.5364109251870286
4390,5,1.420922243268897
4391,1,0.8994740966858495
4392,0,1.3534227184087433
4393,0,2.0595718493030977
4394,0,
4395,1,1.8415428878386193
4396,0,2.0625396450781524
4397,0,1.46305040340114
4398,0,2.5419353805781557
4399,0,2.4690797740217807
4400,0,1.183893028567225
4401,0,1.555863101287555
4402,0,1.7966434053016587
4403,0,2.1240912112975634
4404,1,1.9884421108425057
4405,0,1.7883115760819115
4406,0,1.1383064573686892
4407,1,0.7957543046813773
4408,0,2.174854611160361
4409,1,1.202749592203495
4410,1,1.4782088398321045
4411,1,1.3353754787426018
4412,0,2.08392079362938
4413,1,1.2356991214311766
4414,1,1.3764102763203323
4415,4,1.3562898329803643
4416,1,2.3861987991457476
4417,4,
4418,0,1.2093965635201034
4419,0,1.2043710058468196
4420,0,4.866422577625418
4421,0,1.6144711929769395
4422,0,6.769704067874012
4423,0,
4424,0,1.3992878792843837
4425,0,
4426,0,
4427,0,
4428,0,1.9179859226976985
4429,0,0.8298296396764597
4430,0,2.3029828064108346
4431,1,1.1349483578909836
4432,0,
4433,0,2.484188682263366
4434,0,
4435,0,1.9303375184226708
4436,0,1.4678046949565096
4437,3,2.369629233980573
4438,3,1.6788508036354683
4439,3,0.9214795677107831
4440,3,1.8313645850648468
4441,3,1.8263384028543759
4442,3,1.9255267573662256
4443,3,2.07905865722703
4444,3,
4445,1,1.7818516256119756
4446,1,1.7818516256119756
4447,3,1.0598500101050086
4448,3,1.6165187266448555
4449,3,1.5378114608765996
4450,3,
4451,3,
4452,3,3.0608841904041655
4453,3,
4454,3,3.0608841904041655
4455,5,
4456,3,
4457,3,
4458,3,2.548512858032084
4459,3,2.6112444361878544
4460,3,
4461,3,0.905807882550248
4462,3,0.6710206091115991
4463,0,2.2211222951332443
4464,0,2.2211222951332443
4465,0,1.6784668393494409
4466,0,2.526715362548009
4467,0,2.526715362548009
4468,1,1.186224094467696
4469,0,
4470,1,2.0604403667187032
4471,1,2.2434743931130257
4472,1,1.4584616180562722
4473,1,1.5073068172476471
4474,0,
4475,1,2.0571892603135984
4476,1,1.5529186906161137
4477,0,2.1542755724169087
4478,2,2.156152101834746
4479,2,1.5196108369619719
4480,2,1.5196108369619719
4481,2,2.156152101834746
4482,5,1.8986105292226494
4483,2,1.2057339909217215
4484,2,1.9697804857254506
4485,2,2.269790458340589
4486,4,1.6818973358649032
4487,2,2.6454042601519725
4488,2,1.9016566322734778
4489,2,1.8509211711274454
4490,2,1.3459342560414524
4491,2,1.996655305298043
4492,2,1.4356439000035612
4493,5,2.633521283090994
4494,2,0.9901039903700893
4495,2,1.3647687823192187
4496,4,1.8555969119801075
4497,3,0.9536190558767468
4498,4,0.9243537492720171
4499,4,2.9484503352859446
4500,4,2.9484503352859446
4501,2,2.943943160289499
4502,2,3.3660260361149197
4503,4,0.8843007897183575
4504,1,1.6567345243576515
4505,1,1.6567345243576515
4506,2,1.83494275238553
4507,4,1.9736979459644295
4508,1,1.0412182413883362
4509,4,1.9736979459644295
4510,3,1.120830399546297
4511,5,
4512,5,
4513,5,
4514,1,3.7656040937488093
4515,0,2.5320882183446702
4516,1,3.2345993605659356
4517,1,2.534396134163984
4518,1,0.9285603808121115
4519,1,1.426234599159213
4520,2,
4521,0,
4522,0,
4523,1,2.131874494223835
4524,1,2.131874494223835
4525,4,2.9309904110030365
4526,1,2.531907279959008
4527,2,1.5115094395327047
4528,1,2.0122593087072214
4529,1,1.800285637590666
4530,2,1.5942429038734953
4531,4,1.8679652444047896
4532,2,1.1551987927276217
4533,2,1.866357029118852
4534,4,0.8456365854945495
4535,4,3.2133453025544907
4536,4,2.3797637803143594
4537,2,2.3213342652783373
4538,0,2.376778235320623
4539,2,3.1377496667010916
4540,2,2.9740828173569556
4541,4,3.1704954366475833
4542,1,1.5350379600444195
4543,4,2.5723185377040143
4544,4,1.263865428933134
4545,4,1.2853839641003217
4546,0,1.1986318337759754
4547,0,1.3235440463149328
4548,1,1.5223423743532136
4549,0,2.2726294523902903
4550,4,1.5212530228973842
4551,1,1.2376548175561788
4552,0,1.471381624712612
4553,3,1.507635798835409
4554,5,1.5555275403260298
4555,3,2.0457857720405874
4556,3,1.0681402103719426
4557,3,1.1152804313207398
4558,3,1.2070353279625243
4559,3,1.1254807782637628
4560,5,1.5049042538820927
4561,5,1.9247108180491195
4562,3,2.636029707522409
4563,3,1.367281325541236
4564,5,1.6550529139997618
4565,5,1.6999710031313946
4566,5,1.8049506251711231
4567,1,1.6176068242784356
4568,1,1.8790867018935475
4569,2,1.653238747505014
4570,2,21.209581369364372
4571,4,1.2940521003493262
4572,4,1.4476030781498583
4573,4,1.1818446592247969
4574,1,1.8697337367692652
4575,1,1.3678348740990807
4576,1,1.2379237296636874
4577,4,3.4090310683237286
4578,2,2.6032400808702896
4579,4,3.4796808798317853
4580,2,2.0438492115556888
4581,4,3.471131205801901
4582,4,1.7445605655507
4583,4,1.303138873439463
4584,2,1.4351538981920886
4585,4,1.5863686608250718
4586,4,1.2371386019725539
4587,2,1.9853906801614747
4588,2,1.9271777397613359
4589,4,2.6498203018675968
4590,4,2.0803198542492694
4591,2,1.6952098925303218
4592,2,1.5669999418965614
4593,2,2.4905067849226388
4594,2,1.544792002060497
4595,4,1.049450281261896
4596,4,1.860508319612495
4597,4,1.6443365644928623
4598,2,1.7843156837623873
4599,1,1.2272784995276818
4600,1,1.0737338163079053
4601,2,1.6656089048488438
4602,4,1.2040568194901873
4603,4,2.2081152587092423
4604,1,1.7921397984456744
4605,1,1.7921397984456744
4606,4,2.3753254009746305
4607,4,1.0925610436995452
4608,3,1.2718984209103443
4609,3,1.287579660280392
4610,5,1.5734511848677464
4611,5,2.572330775149984
4612,5,1.4521592557422
4613,4,0.7380853417286538
4614,2,1.369390694326492
4615,4,1.3447838101125122
4616,4,1.3649936848351747
4617,2,1.422732970771391
4618,4,1.3410907466286492
4619,2,1.2184517129123082
4620,4,1.4014792558409581
4621,4,1.565837942020186
4622,2,1.603740127362212
4623,4,1.3983587155133401
4624,4,1.9004051544668084
4625,4,2.0781550675742375
4626,2,1.3352981504807262
4627,2,0.6653626494820438
4628,2,1.770040680272154
4629,4,1.827285139003821
4630,2,1.4584050583245494
4631,0,3.536063784563754
4632,4,2.528229868544573
4633,1,1.1796985996864517
4634,1,1.4443293494157257
4635,2,2.6691281955583532
4636,0,2.5660569963167577
4637,0,1.580541136850694
4638,0,1.281360525978079
4639,0,1.5893860772562636
4640,0,1.5609669875118153
4641,1,1.2465755452858722
4642,1,1.0922664002338969
4643,2,1.5520537666697276
4644,0,1.341958152279085
4645,2,1.5526598385193515
4646,1,1.9206260983143577
4647,4,2.3222837093799416
4648,2,1.9587924303629598
4649,2,2.1913980885787456
4650,2,2.221465345307263
4651,1,2.081237483749451
4652,5,1.755560704851873
4653,2,2.394951523230551
4654,5,1.7406013508785663
4655,1,2.4565409685459003
4656,1,2.4565409685459003
4657,2,1.5476831153666177
4658,2,1.792463773993142
4659,5,1.2797777346479788
4660,2,1.4778477533010386
4661,5,1.5987981523076191
4662,5,1.2368147431166838
4663,2,2.2404035276622434
4664,2,2.177292142355612
4665,2,2.6808286405083694
4666,2,2.5452211577844874
4667,2,2.328128609231493
4668,1,2.625753735931996
4669,4,2.153050390132462
4670,2,2.3451803428206364
4671,1,1.2757429733315522
4672,2,2.2506998188998235
4673,1,1.2757429733315522
4674,2,1.8383477025014707
4675,2,1.2635711765528181
4676,2,1.361739546871716
4677,4,1.9219285420276226
4678,2,1.2828082676873485
4679,4,1.6752061752061895
4680,2,1.6651728822046354
4681,4,1.0375468926011393
4682,4,1.6841824526164384
4683,2,2.1108060926197862
4684,2,1.4314793025299042
4685,2,1.398490036333167
4686,4,1.298910806264233
4687,2,1.5672863349088877
4688,4,1.1067683790650555
4689,2,1.4533693779037133
4690,4,1.3816229251332621
4691,4,1.5010970927637255
4692,4,2.344372696199504
4693,2,1.356001511801029
4694,4,2.344372696199504
4695,2,1.4799872793382518
4696,4,0.5841914788741174
4697,2,1.9666177719931794
4698,2,2.615475693976508
4699,2,1.7415571218550947
4700,4,1.6208241350743422
4701,4,1.6208241350743422
4702,4,1.0575281822821028
4703,2,1.6532181507684525
4704,2,1.9319921571074343
4705,1,1.0725372842830116
4706,1,0.919308550487076
4707,4,0.8642332017001254
4708,1,2.935159923633343
4709,1,2.551502632735867
4710,4,2.3922825421947285
4711,2,2.1162543451316775
4712,2,1.9946299381505914
4713,2,1.4712982134127586
4714,2,1.4661388435782912
4715,4,0.7616339444822697
4716,4,0.7074361687825984
4717,2,0.7500696606938729
4718,2,1.2279367224125932
4719,4,2.387209784533947
4720,4,2.4154276025506696
4721,4,2.1338166851734277
4722,4,1.2077827811559123
4723,2,1.571527937001274
4724,2,0.9449387132902684
4725,4,1.199531212436205
4726,2,0.732631824927435
4727,4,2.081257386419296
4728,4,0.9292154408945656
4729,4,1.7479769883134828
4730,4,1.7479786770178711
4731,4,1.7479769883134828
4732,4,2.1845612538527
4733,4,1.266055947355437
4734,4,1.1959759530356446
4735,2,1.7203987056560295
4736,4,1.6887675983853094
4737,4,1.7797436142526648
4738,4,1.7797436142526648
4739,1,2.6748282951051117
4740,1,1.5245635385398808
4741,1,1.5245635385398808
4742,1,2.8913606757696675
4743,1,2.8618180790339673
4744,0,1.5698355873072232
4745,0,1.898166944284163
4746,1,3.8636139430263685
4747,1,1.2235501455392828
4748,4,1.2228411612387418
4749,0,0.7031136899762099
4750,2,1.4380125967207151
4751,4,1.9978384062596053
4752,4,1.9978384062596053
4753,2,2.659719198208099
4754,4,1.0785211251235434
4755,2,1.204559232160532
4756,2,1.774433154060034
4757,2,1.311946911733621
4758,4,1.1861833174047207
4759,4,1.4378088476653157
4760,2,1.0914456922884999
4761,4,0.7738614742075826
4762,2,1.5071308372432586
4763,4,1.9469968577530705
4764,4,2.6190351151855165
4765,4,1.7374821923043182
4766,4,1.3084363481227004
4767,4,1.0644664948036562
4768,4,0.7891649098963861
4769,2,1.4158938754395127
4770,2,1.4053137320150155
4771,2,2.7683380943786173
4772,2,3.2749287067257673
4773,2,1.9097483012156407
4774,2,2.7683380943786173
4775,2,3.023424029013008
4776,4,0.9726656797450267
4777,4,1.081317409773559
4778,2,1.3768165337993574
4779,2,2.097058130152221
4780,2,2.083687166365503
4781,2,1.0980966707195035
4782,2,1.4454021757646558
4783,2,1.7511964106303834
4784,4,1.0437582639847762
4785,1,0.9301386731704673
4786,4,2.375064225399351
4787,1,1.7424356827846075
4788,1,2.2972604247525092
4789,1,1.5047492013737491
4790,1,1.5047492013737491
4791,1,1.0841134575628633
4792,1,2.206629329547406
4793,1,2.206629329547406
4794,1,1.6030543009887417
4795,1,1.205946973365139
4796,1,1.2589885153759526
4797,2,1.200907358401381
4798,4,2.123849277233681
4799,1,1.9599824753907678
4800,4,1.9725505609071403
4801,1,1.7271845903424636
4802,1,2.13947544044138
4803,4,1.9964397190936112
4804,1,2.168653859745644
4805,1,1.4643627485574278
4806,1,1.4580042639079849
4807,4,1.9760985357715861
4808,4,2.013435150685232
4809,4,2.013435150685232
4810,4,2.1600888964442553
4811,4,0.8098656818846565
4812,5,1.5400950653452743
4813,1,3.226854797361548
4814,1,2.9800251465009335
4815,4,1.0952279176746764
4816,1,1.6488200613879245
4817,2,2.0038452418420327
4818,2,2.8057255046364458
4819,2,2.600186556219656
4820,1,1.5130690093046295
4821,2,2.0871238834724903
4822,2,1.408358294894291
4823,4,1.9690510696761172
4824,4,1.6543689645113324
4825,4,2.9651698147378376
4826,4,2.5144547996932425
4827,4,1.975881412253795
4828,4,1.7188679161056182
4829,1,1.4438603465526434
4830,1,1.534119927788606
4831,1,1.1618535674775534
4832,1,2.300117179900231
4833,2,2.1207878730431062
4834,2,1.8347539118237661
4835,2,1.9442495447385433
4836,1,1.7988033463542292
4837,4,3.014014627555863
4838,4,1.8751835381223758
4839,2,1.977115499490538
4840,2,1.9852010966548819
4841,2,2.4182174077816407
4842,5,2.2212676904679363
4843,2,2.4182174077816407
4844,5,2.300500745828934
4845,2,3.1132945764820414
4846,4,0.9270245561843536
4847,4,1.318376236626085
4848,4,2.5295718887350653
4849,4,2.5295718887350653
4850,2,2.284079955664366
4851,4,1.5081370247871981
4852,4,1.5581930373161257
4853,4,0.9861114862995247
4854,4,1.5011324278892688
4855,4,1.6486398023686581
4856,2,1.0238839801453117
4857,4,1.2603609102143962
4858,2,1.77562879644795
4859,5,2.0372533480967188
4860,2,1.7916451360022196
4861,2,1.6429295463941935
4862,1,1.5771549208702471
4863,1,1.2723737931416543
4864,1,1.5771549208702471
4865,1,1.2723737931416543
4866,1,1.652306909802256
4867,3,1.5630837756005043
4868,3,2.2933556003828124
4869,3,2.192627751543534
4870,3,0.7555434628614903
4871,5,1.9526577186420648
4872,3,2.192627751543534
4873,1,1.3289769238918434
4874,1,2.41239470018416
4875,3,2.896293109617086
4876,1,2.3910676222730753
4877,5,1.4147759175192214
4878,5,1.8931482475817645
4879,5,1.6522707751863182
4880,4,0.617129999807146
4881,5,1.9504841572640197
4882,5,2.1910889506089792
4883,5,2.686348115341757
4884,2,1.3467710152487526
4885,5,2.686348115341757
4886,5,1.7244902931481463
4887,3,1.3054192457995966
4888,5,1.7527469984245383
4889,3,1.0100886970066165
4890,4,1.4967168836069535
4891,2,0.9834426625546129
4892,2,1.91550222930863
4893,2,1.91550222930863
4894,4,
4895,4,
4896,2,1.443364235063134
4897,4,2.0026444830191448
4898,4,2.0026444830191448
4899,4,0.9508033113350082
4900,4,1.1097312631157203
4901,4,2.228586219751197
4902,4,2.301986397463985
4903,4,1.671696472105061
4904,4,1.4613531037793115
4905,4,1.3526952718024001
4906,5,2.352224323923804
4907,4,2.063729762755117
4908,4,1.9388454682745455
4909,4,
4910,4,2.515399351199988
4911,2,
4912,2,1.940173510894098
4913,4,2.3546929171795217
4914,2,0.9578020276735253
4915,4,1.5208001129722348
4916,4,1.552621823936273
4917,2,1.6415765785773093
4918,4,1.6227306237848746
4919,4,1.6227306237848746
4920,4,1.8407301901592696
4921,4,1.3386927645565105
4922,3,2.0970022151216483
4923,3,2.0970022151216483
4924,3,2.4968765028590485
4925,3,1.247613107580543
4926,1,1.0380692288094746
4927,0,2.1030348717771554
4928,2,2.1168290258651803
4929,2,1.781494213166156
4930,1,2.4615313253675803
4931,1,2.164578157561337
4932,0,2.1049678547709987
4933,2,0.9933669160236404
4934,2,2.1646419741987626
4935,1,2.03858418948695
4936,1,2.1562538620897507
4937,2,3.4279814671578865
4938,2,2.712837045071158
4939,4,1.3343103441002875
4940,4,2.1229340556226646
4941,4,1.9006591382186353
4942,2,2.5503157947393476
4943,2,1.55336075249981
4944,4,2.055040015221825
4945,4,1.5162752996542215
4946,4,1.4173350838006549
4947,1,1.2060146511597514
4948,4,3.58176506694005
4949,4,3.2946409215829053
4950,4,0.8855219340824333
4951,4,1.3546824332242946
4952,2,1.2778622991540372
4953,2,1.559261537544047
4954,4,2.624641341492011
4955,2,2.0572186570349733
4956,1,1.9873488777658417
4957,4,2.625657792105123
4958,1,2.3123509695315216
4959,4,2.31295685996079
4960,4,1.239649415620154
4961,3,2.3641184594385334
4962,3,2.7585711016008228
4963,3,3.7313854692839628
4964,3,1.6516027866574212
4965,3,1.355125028421914
4966,3,2.6561284871422544
4967,3,2.6561284871422544
4968,3,1.6987986341364543
4969,3,1.4675035751193162
4970,0,1.5453731345503632
4971,0,1.7372211660644743
4972,0,1.7044050726019468
4973,1,1.513215464271671
4974,1,1.513215464271671
4975,0,2.0987540665413644
4976,0,1.6595547072337018
4977,0,1.7024365337741396
4978,1,1.8266247488835232
4979,1,2.1593903346692964
4980,0,2.509656132795671
4981,1,1.2628699937991896
4982,0,2.621524909671144
4983,1,1.8272092464041654
4984,1,1.9829060620239403
4985,1,1.8132971793220527
4986,1,2.403800021480632
4987,2,2.8989275148731446
4988,1,1.2823196276691209
4989,4,1.5247941401336134
4990,3,1.1805872350614441
4991,3,1.861967872035548
4992,3,1.8249337100415097
4993,3,1.1949837202391804
4994,1,1.863984522544666
4995,1,1.2590158377680363
4996,0,1.8816149290571702
4997,0,
4998,0,
4999,0,
5000,4,1.9176693643489486
5001,4,1.3035496688773422
5002,4,1.2207544648697908
5003,4,1.3146488907937255
5004,4,3.0566657575715452
5005,4,1.8314509732740676
5006,1,1.783165366148269
5007,0,
5008,0,1.7630373058861333
5009,3,
5010,3,
5011,3,1.6747500930384434
5012,3,1.6747500930384434
5013,3,1.9351072677729555
5014,3,1.4695729311258372
5015,0,3.5335722194331045
5016,0,3.2553405427650604
5017,0,2.498417120588239
5018,0,2.936775938770821
5019,0,4.588003537744502
5020,0,3.1802190222008484
5021,0,1.717242652193204
5022,0,1.3657962269362478
5023,0,1.488731667243566
5024,4,1.2530515505568178
5025,4,1.7370290521447123
5026,4,1.845363523008732
5027,4,1.220556082334348
5028,1,0.9605432855658735
5029,0,2.025993898275696
5030,0,1.5801920227079334
5031,4,1.8040020110276218
5032,4,2.0176538571149187
5033,1,1.4176080288165294
5034,4,1.001388552619888
5035,0,2.312444068321774
5036,0,2.131238813856436
5037,3,2.6956063470201763
5038,3,2.363196636141841
5039,3,1.931624243324535
5040,3,3.211433950585813
5041,3,2.786373739941032
5042,2,1.6466693010752003
5043,2,1.6179103402868797
5044,2,2.6251627553336117
5045,1,1.7761609242296736
5046,0,1.5873282921429421
5047,0,1.5873282921429421
5048,1,2.201068382606974
5049,1,1.9507880798043624
5050,3,1.611507146982113
5051,3,
5052,3,
5053,3,1.2209208948949004
5054,1,1.6256868682044063
5055,1,1.4936642550520134
5056,1,1.2934917678130042
5057,0,
5058,0,0.9481508588997746
5059,0,1.8938607630724205
5060,2,2.125460855340836
5061,0,1.120036955275425
5062,0,1.7429873626871795
5063,0,2.4559422452325252
5064,1,1.1273596349018726
5065,2,2.0233305694943224
5066,1,
5067,1,
5068,1,
5069,2,
5070,0,
5071,1,
5072,0,
5073,0,
5074,0,
5075,1,1.8661567107843549
5076,1,
5077,1,
5078,4,1.2665245460295722
5079,0,1.3075674297027444
5080,1,
5081,0,4.556320624524748
5082,0,3.691341211663552
5083,1,
5084,1,
5085,0,2.84690418944683
5086,0,
5087,0,1.2364799683532666
5088,3,1.9222384733171118
5089,3,1.7478237422176963
5090,5,2.249480524157128
5091,5,1.9685443248929848
5092,5,1.98479307202203
5093,5,1.7505716826485238
5094,5,1.8143353126737567
5095,5,1.6888755577984993
5096,5,1.9465383012870638
5097,5,1.9348684452270475
5098,5,2.0808766000036205
5099,5,1.9998588839408695
5100,3,1.7885118706035392
5101,3,1.7305026276681539
5102,3,1.01219038871803
5103,3,2.2931634375876286
5104,3,1.4134743917873234
5105,3,1.561130008579757
5106,1,2.39337240779247
5107,5,1.4824429807178805
5108,5,1.5951256939211735
5109,5,1.6356911203476754
5110,5,2.2177818400465132
5111,5,2.0916902738540553
5112,5,2.4030224396634727
5113,5,1.3635108787719206
5114,3,2.7522494953777055
5115,3,1.6522219567490968
5116,3,1.3587634352761722
5117,3,2.1993373481247342
5118,5,2.069043988722174
5119,3,2.1993373481247342
5120,3,1.4481733339939145
5121,3,1.082450995366412
5122,3,2.2045330065245508
5123,3,0.9868125420731848
5124,3,1.4237799953826358
5125,3,1.70808436709697
5126,3,0.872268063195286
5127,3,
5128,1,
5129,1,
5130,5,
5131,5,
5132,2,
5133,1,1.484969785269718
5134,4,1.2801190928745552
5135,1,1.0760324985235659
5136,0,1.3671403909787392
5137,1,1.146018778320173
5138,2,1.5311904267492462
5139,2,2.5905796496842246
5140,1,2.291537505108686
5141,2,1.616012738752361
5142,1,2.291537505108686
5143,4,3.2610472531990413
5144,4,1.2181705189757566
5145,4,1.4398946325999038
5146,4,2.6054104406103957
5147,4,3.7633804959888364
5148,4,1.4398946325999038
5149,4,2.0278997348735746
5150,1,1.7415124311718528
5151,2,2.85618036040546
5152,2,2.85618036040546
5153,2,1.5140941902500766
5154,2,2.904049377061231
5155,2,2.6780646355311375
5156,1,2.3587741049978335
5157,1,2.22246072599366
5158,5,1.92868142165043
5159,5,1.92868142165043
5160,2,1.503244012911824
5161,4,1.4434695070730938
5162,4,1.0457706893639624
5163,2,2.554808738100515
5164,2,
5165,4,1.977015084287038
5166,1,2.4874680829078275
5167,1,2.3781710679600137
5168,1,1.3966760322509582
5169,1,1.4367257979919248
5170,0,2.3031753713328493
5171,1,2.3482228476230356
5172,1,1.622928643976124
5173,1,2.2900472511245487
5174,1,2.2900472511245487
5175,2,
5176,1,
5177,2,
5178,2,
5179,1,
5180,1,
5181,1,
5182,1,
5183,3,0.9443580642321859
5184,3,1.9187251274234312
5185,1,1.3206297918624363
5186,3,3.0015056118574917
5187,3,2.9874454943803403
5188,3,1.928256438282956
5189,3,2.296388104942926
5190,3,1.4223987422026192
5191,3,1.3867043143565663
5192,3,1.208811580206486
5193,3,1.7136722032359353
5194,3,1.7746682227724906
5195,0,1.43920548217773
5196,0,2.118400267798427
5197,0,3.7985705068673123
5198,0,1.6492845780055887
5199,1,1.633516638638545
5200,0,2.7389697734929515
5201,0,0.7840138971540178
5202,0,2.8709625081798653
5203,0,2.5725339006503947
5204,0,2.1980690907880027
5205,0,2.779640000515654
5206,0,1.0477945623228868
5207,1,1.145964899346445
5208,1,1.5637516475244324
5209,1,1.6851541306968474
5210,0,1.2037746038993635
5211,0,1.347215443324852
5212,1,1.1650978542693742
5213,1,1.3367497151233547
5214,5,1.7429968071493895
5215,4,2.4625564186121736
5216,2,2.621895015610629
5217,4,1.0970070715622375
5218,4,1.334341172217883
5219,3,1.7914137146975209
5220,3,2.304400969136313
5221,3,2.1486675976378
5222,3,1.0495973356852901
5223,1,1.1906824722378528
5224,1,
5225,2,2.083674525687095
5226,1,
5227,1,1.9758191907814235
5228,1,2.1487981529157967
5229,4,1.3117281238271417
5230,4,1.8406548812510373
5231,4,1.6024418418727602
5232,1,0.8563957962051161
5233,5,1.44551163701006
5234,4,1.3892957525364298
5235,0,2.507910927768701
5236,0,1.2895667936956143
5237,2,1.1055114932834018
5238,4,1.0822329016774819
5239,1,0.9386346077880842
5240,2,1.7407451973952033
5241,1,1.13286067516949
5242,5,2.14365388300355
5243,1,1.9821216504737291
5244,2,2.1331674707842567
5245,3,2.264265188145354
5246,3,1.4525177632911486
5247,4,0.8344598790785884
5248,3,1.5747134229457012
5249,3,1.1542060004112016
5250,2,1.5215441582679239
5251,3,1.6041058551999203
5252,3,2.267831905694822
5253,2,2.6468997518635793
5254,3,1.6859989274050438
5255,2,2.312366540238398
5256,2,1.592910696950844
5257,2,1.809967193272237
5258,2,1.8282075004901668
5259,4,1.4155424641500154
5260,2,0.8892426279446107
5261,2,2.1238305471124863
5262,4,1.3496880610792164
5263,4,1.5209037593522645
5264,4,1.5940557363882766
5265,2,1.9595264524042766
5266,2,2.4080298174486487
5267,2,1.4607288791520745
5268,4,
5269,2,
5270,2,
5271,2,2.9452730876634816
5272,2,3.296935026611894
5273,4,1.1607863171828305
5274,4,1.2755786019605637
5275,4,
5276,4,
5277,2,
5278,2,1.9798357204730432
5279,2,1.832336662018159
5280,2,1.9798357204730432
5281,5,2.1149780125677613
5282,4,1.346560307085184
5283,2,2.035381346319178
5284,2,2.9400209466795757
5285,3,1.5624084342988824
5286,2,1.6823837230858443
5287,5,1.350293527377187
5288,2,1.3552246730128954
5289,5,1.3371165786884471
5290,5,1.2905631799336976
5291,5,1.7730489249798913
5292,2,1.651417234205329
5293,2,1.5282194233630544
5294,5,1.4152021523683647
5295,5,1.6620188727865046
5296,5,
5297,3,1.5658439404364333
5298,2,2.1900039063865986
5299,2,2.0126909931528205
5300,3,2.470290551439306
5301,3,2.021981979205136
5302,3,2.4355552713555326
5303,4,1.473626999635787
5304,2,3.1440655748815622
5305,2,1.2981853972519422
5306,2,3.1440655748815622
5307,3,0.7956085770387393
5308,2,1.3592684564668698
5309,2,2.9906809945341513
5310,1,0.9577107082745121
5311,2,3.162203869189723
5312,2,1.024145061684659
5313,2,3.309076190102336
5314,2,1.1102971056903148
5315,2,1.441064651994948
5316,4,2.7180979522267834
5317,4,2.2760328853072584
5318,4,1.5692361792391605
5319,0,1.1327187965716365
5320,2,1.4738826782716354
5321,4,1.3822865185090507
5322,4,1.312033266497905
5323,1,0.8704452203661246
5324,1,1.137050461508056
5325,1,1.1545373362027866
5326,1,2.161913316974004
5327,2,1.929272068805627
5328,4,2.6946554415338433
5329,2,2.1078936243437654
5330,4,1.6037512586486693
5331,4,1.2491254204605684
5332,5,2.0671132346472554
5333,5,2.4368063500283808
5334,3,1.1117850965118823
5335,4,1.7640590078819576
5336,4,1.4622401045525755
5337,5,2.2138397649632826
5338,4,1.19855686958294
5339,1,1.197079740876932
5340,5,1.823708604050351
5341,5,1.477151902855036
5342,2,1.6765504937034394
5343,4,2.544370365086542
5344,2,1.9458840681706768
5345,4,4.3409707962700566
5346,4,2.1998329737599605
5347,1,2.148182022507237
5348,1,3.195319760798882
5349,1,1.0937649479621003
5350,1,1.6608959813893123
5351,1,1.691470189233625
5352,1,2.0631122407832665
5353,2,1.6946306822573687
5354,1,2.6750022394782245
5355,1,2.4098864702835967
5356,1,1.5918008788555669
5357,1,1.24741902358813
5358,1,2.967840667820523
5359,1,2.2405671792552857
5360,3,
5361,3,
5362,3,1.4631920549529767
5363,3,1.5535872164344025
5364,3,2.370639865704614
5365,3,2.370639865704614
5366,3,1.408870452788751
5367,5,
5368,4,1.854327986841983
5369,5,2.1367969117879917
5370,5,
5371,1,1.683691280289765
5372,5,1.8465505682885226
5373,5,1.5936625885151354
5374,5,
5375,5,
5376,3,
5377,3,
5378,4,1.129582976964676
5379,4,1.5106475617500394
5380,5,2.8525503568377766
5381,4,2.4872775253188824
5382,5,2.8525503568377766
5383,4,1.8702812194890408
5384,2,1.824144088082243
5385,4,2.0449544427825552
5386,2,1.6977296900011913
5387,2,2.7195361717310287
5388,1,1.8855786306484001
5389,2,
5390,1,3.093060414415281
5391,4,1.1765482197681763
5392,2,2.0839175571572977
5393,1,1.6731408394409564
5394,4,1.5729598866301733
5395,2,2.5356776019340863
5396,5,1.8517145556316037
5397,1,1.8690677650265985
5398,5,2.4258435601488215
5399,2,2.3241941904194268
5400,4,3.419650623917187
5401,2,2.243412557539448
5402,4,1.816691542661001
5403,2,2.2180897042623045
5404,2,1.2345410142335487
5405,4,1.816691542661001
5406,2,2.2180897042623045
5407,2,2.2345408006224856
5408,4,1.7882214344476886
5409,4,1.9598188071249631
5410,4,0.7819190484202626
5411,4,1.1218824857986038
5412,2,1.3148930377807801
5413,4,1.4969019463237954
5414,3,1.588516170892098
5415,1,0.8587223235423127
5416,1,1.2173444608610589
5417,2,1.476464053461346
5418,2,1.6661983597346675
5419,1,1.3291886700527682
5420,2,1.936064518385537
5421,3,1.3957666189299116
5422,4,1.803290436925523
5423,4,1.4706566909227416
5424,4,1.686502450419922
5425,1,
5426,4,1.155006196139063
5427,1,
5428,1,
5429,1,
5430,2,
5431,2,
5432,3,1.8650212934569554
5433,3,1.2171206513999577
5434,2,1.7627011250209754
5435,2,1.2334203118937754
5436,2,1.8332107750730202
5437,5,1.9810077922872946
5438,4,2.139444222783528
5439,5,1.9667091814961926
5440,5,1.129414167704128
5441,4,1.5941001492027342
5442,4,1.6442849596678633
5443,2,2.561988836246855
5444,2,1.617864360676943
5445,2,1.387388024040389
5446,4,0.9225580715841154
5447,4,0.8848864663163979
5448,2,2.1620434139905154
5449,2,1.693576769725913
5450,5,1.5734035642953899
5451,5,1.9702584106545213
5452,5,2.4056234296472043
5453,5,1.198037318251033
5454,4,1.7230169913436566
5455,2,2.1810184932011705
5456,4,0.9495245439843484
5457,2,
5458,2,1.0834808040062327
5459,2,1.9229408656574272
5460,2,1.1696980413742728
5461,2,1.3681311542704562
5462,4,1.9435388152861874
5463,2,3.337309585303741
5464,2,3.337309585303741
5465,4,1.6582343677204574
5466,2,1.8813407064887921
5467,4,1.3835462126827691
5468,2,2.258258667257742
5469,4,1.4857794035858927
5470,4,1.3345594315311913
5471,4,1.3631099248807281
5472,2,2.114220563909437
5473,2,1.5186039463743581
5474,4,1.7313768028696739
5475,2,1.4028139491470524
5476,4,0.8007235090668464
5477,4,1.168381816930399
5478,4,1.9765556918592404
5479,2,1.1586791513361088
5480,4,1.109412386721393
5481,2,1.0881483775270073
5482,5,1.9421170025347465
5483,5,1.6276618919108594
5484,5,1.994491117653496
5485,5,1.7700373556355018
5486,5,1.9180186663929812
5487,2,0.9774214722263733
5488,2,0.9833278331129398
5489,4,0.6435178275100305
5490,5,
5491,4,
5492,4,
5493,4,
5494,1,1.4817556689373341
5495,1,1.4817556689373341
5496,4,3.6023397624596583
5497,1,1.4586919983126363
5498,0,
5499,0,2.0203825403532116
5500,0,1.9136682470832753
5501,0,
5502,1,1.2509189530649716
5503,2,
5504,2,
5505,2,
5506,2,1.3936241577401691
5507,4,2.674422802527969
5508,4,1.514330601714637
5509,4,2.7536654121100756
5510,4,1.7764095400403486
5511,2,2.5732595388095363
5512,4,0.9998887594247484
5513,2,1.992599688710291
5514,2,2.136332764853245
5515,4,1.2786098143727307
5516,4,1.5663657887420495
5517,4,1.7422726827524158
5518,4,1.2582079658693077
5519,5,2.214681097332089
5520,5,3.9780717319575776
5521,1,1.7353128739823032
5522,1,1.5883556227563074
5523,5,3.0082360544663262
5524,5,4.256763554913969
5525,0,2.307661383534468
5526,5,2.1887952925747607
5527,3,1.1327053702974108
5528,3,2.458689576431835
5529,3,1.2245276523861295
5530,5,1.7693589898913509
5531,3,1.1451372032051388
5532,3,1.2667334566623916
5533,3,0.9442523766178608
5534,4,1.3636169561962772
5535,2,1.2699602150385845
5536,2,1.1901255214425892
5537,4,1.3611388138469211
5538,2,1.4831779591279495
5539,2,1.2019497582624656
5540,3,0.7850568010338389
5541,2,1.7220854973676674
5542,5,2.5079070560114243
5543,5,2.051251060427461
5544,3,1.5106600888887018
5545,5,1.6224554515688605
5546,3,1.9371989831743683
5547,3,2.429227184494104
5548,5,1.592406648044011
5549,3,1.9709631550030333
5550,3,2.150086650167186
5551,5,1.9085855298376468
5552,2,1.8919951242613922
5553,3,3.049672161308366
5554,5,2.1909365908368277
5555,4,
5556,2,
5557,4,
5558,4,
5559,4,
5560,2,
5561,4,1.6246449704109647
5562,4,1.248208006179953
5563,2,1.504307568758178
5564,4,1.4176046129159754
5565,4,1.3759667329374339
5566,2,1.6876282894585828
5567,2,1.6721183179075756
5568,2,1.6574409435637085
5569,2,1.7543864313677602
5570,4,3.0763813533698148
5571,4,3.6531649056780533
5572,2,2.5633484108133753
5573,2,1.3887971990063166
5574,2,1.3615061643664363
5575,2,
5576,4,1.84492396410131
5577,4,1.8543712723979366
5578,4,1.1864001287593586
5579,2,1.3829671229159908
5580,2,2.5180251836420044
5581,4,1.9497826004899033
5582,2,1.5625634663789776
5583,4,0.8341811656632816
5584,4,0.852479411503103
5585,4,0.8711330037170999
5586,4,2.1556463394610095
5587,4,1.2196421496324472
5588,4,2.1556463394610095
5589,4,1.2196421496324472
5590,4,1.0301935602947185
5591,4,1.3867485265203663
5592,4,1.482173349228139
5593,2,1.2729962711409728
5594,2,1.821367650507712
5595,2,1.535677757253708
5596,4,1.3354775176596116
5597,2,3.0352729314224725
5598,4,1.1249480203022018
5599,2,2.202473650576728
5600,2,1.6498880471180757
5601,4,0.8560114237014516
5602,4,2.1691964619947814
5603,4,1.8814370026480294
5604,4,2.0488340310771553
5605,2,2.793760433739548
5606,4,1.170487046559014
5607,2,2.3731469863323302
5608,1,2.590511748696629
5609,1,2.130377158622566
5610,1,2.7754378650763494
5611,2,0.9607249057389794
5612,4,1.2627363414966666
5613,4,1.5003494941834692
5614,4,1.7241386580827436
5615,2,1.8059989821386049
5616,5,1.5873932968879971
5617,5,1.866210585906075
5618,5,2.6437267154860824
5619,5,1.182355699949909
5620,5,2.5155958909609426
5621,5,2.2038935318164747
5622,5,2.5155958909609426
5623,3,1.2099765950527088
5624,5,2.1548177462651306
5625,5,2.163126217945333
5626,3,0.8977917625095214
5627,3,1.5576442560537074
5628,2,1.1333140645776278
5629,5,
5630,5,1.9318718609656493
5631,5,
5632,5,1.4890308761950377
5633,3,2.2408160388379623
5634,3,2.108278225079492
5635,3,1.3773306475613656
5636,5,2.1879251230846846
5637,1,2.5993059193593893
5638,1,2.5993059193593893
5639,2,2.4455588730326263
5640,2,2.8071277898802593
5641,2,1.498906753252519
5642,2,2.608698972440005
5643,2,2.3271768795993664
5644,4,1.996815695417777
5645,2,2.0826831511552877
5646,1,2.307958589733401
5647,1,2.1861380456112656
5648,0,2.0674218634505177
5649,0,1.8526627107868743
5650,1,1.397808820907836
5651,1,
5652,1,
5653,1,
5654,1,1.2732231027019065
5655,1,1.2558104919857023
5656,4,1.0672600784174922
5657,1,3.3712106233144374
5658,4,1.4279783124700067
5659,4,1.4279783124700067
5660,1,1.319428690581117
5661,5,1.9259238325242896
5662,2,1.8584777765305691
5663,2,2.225598914377344
5664,5,1.6413684757726834
5665,3,1.0879680782977392
5666,3,1.120414059087084
5667,1,2.326725343885417
5668,1,1.5541695552054124
5669,4,1.3308458623956358
5670,5,3.2997170350417284
5671,4,2.8205072873016803
5672,1,2.2804960853068956
5673,1,1.9117828380023583
5674,0,2.2496079630533883
5675,0,1.7146117023829897
5676,1,2.0269441816951748
5677,1,1.1002383315768276
5678,0,1.0747306535200276
5679,4,2.081536751877152
5680,4,2.081536751877152
5681,4,1.1464381162736481
5682,5,1.2735342510591088
5683,5,1.7922189483798203
5684,3,1.4027043380084605
5685,5,1.8238022763226291
5686,5,1.3925932808264445
5687,5,2.195645400239056
5688,3,2.421363890466603
5689,5,2.1211464994060902
5690,3,1.411403674206216
5691,5,1.7652358874487053
5692,3,1.955940068064534
5693,5,1.3258997727509754
5694,5,1.618439249540786
5695,3,1.817907773724301
5696,3,1.4770599546090162
5697,3,1.8186348217720933
5698,3,1.8201843815640795
5699,3,1.8904886582722034
5700,3,0.918720200895119
5701,3,1.441909087025547
5702,3,0.854904329273942
5703,5,1.218866482013638
5704,5,1.7933700338826266
5705,5,2.4057480406526395
5706,3,1.3370658339628698
5707,2,1.4152658719580276
5708,2,3.501647049727811
5709,2,2.2526226566435694
5710,4,0.9909774464505565
5711,4,0.9880347364057414
5712,2,1.5202073334147215
5713,2,1.3115675184274824
5714,2,1.5799569646725142
5715,5,1.8309915845786646
5716,4,1.1095201024324748
5717,2,2.2759323697082015
5718,4,1.3367995557726777
5719,2,1.620168903743488
5720,2,2.5095046559116163
5721,2,1.791476954225141
5722,0,0.9342643442675568
5723,0,2.0164231076467467
5724,0,1.0348071136817745
5725,0,1.1722256181686108
5726,0,2.2361070381639774
5727,0,1.737624347111765
5728,0,1.3079592088489214
5729,0,1.748461241519102
5730,0,1.470410380918871
5731,1,0.9700262021000726
5732,5,
5733,5,1.7565550029717603
5734,5,1.567193466701482
5735,2,1.5352787245743453
5736,3,
5737,3,2.419146310946934
5738,5,2.19090618101109
5739,5,2.19090618101109
5740,3,2.540893605628327
5741,5,2.399021934479709
5742,5,1.9892650715431608
5743,5,2.224599122913297
5744,2,1.2543389291911862
5745,2,1.5398042099946856
5746,2,1.7123843452817253
5747,3,1.188187153225757
5748,2,3.0102288486253954
5749,3,1.1264497694944875
5750,2,3.776713084799316
5751,3,1.1984322040414657
5752,4,2.098502793132451
5753,2,2.1788863272932675
5754,3,2.8893976264269816
5755,3,2.4763755901925006
5756,4,1.110820214805941
5757,2,1.2879962441580413
5758,5,1.8933513574214909
5759,5,2.1245713189792124
5760,2,1.7898569732391667
5761,2,1.9864359396959075
5762,2,1.4810242315487117
5763,3,1.5743591474038914
5764,0,1.2208279941055362
5765,1,1.7985061585927344
5766,1,1.5982572690217987
5767,1,1.5337588201937906
5768,1,1.4183309615161106
5769,0,2.236310568034723
5770,1,2.032042444886685
5771,1,2.032042444886685
5772,1,1.294323987300894
5773,1,1.3413107043473307
5774,3,1.5111040816376924
5775,5,
5776,3,
5777,5,
5778,3,
5779,2,
5780,4,0.9829090140766222
5781,1,
5782,1,
5783,4,
5784,1,
5785,1,1.2632821439612605
5786,1,2.8696897990448442
5787,1,1.0671641547461808
5788,1,1.6626720560822257
5789,0,0.9270518673497101
5790,3,1.0272497938869514
5791,5,1.416206914355841
5792,3,
5793,3,1.8185039395598612
5794,3,1.9137628670872657
5795,3,
5796,5,1.916784931121557
5797,3,1.6330153773006142
5798,1,1.0387827358629165
5799,3,0.7927587449532671
5800,3,1.3075068545112798
5801,1,1.3247899545428632
5802,1,1.3134891171729872
5803,1,1.1487933646568347
5804,4,1.7466725732871764
5805,1,1.9786447586019726
5806,0,1.640030073858035
5807,0,1.8793469996020387
5808,0,2.212213497630905
5809,0,1.060937332864451
5810,0,1.6707245308620053
5811,0,1.490671150114558
5812,0,1.8250069394750246
5813,0,1.6784989743481726
5814,1,1.6347880748126469
5815,1,1.1847345642934377
5816,1,1.4633795586814482
5817,1,2.05422204627132
5818,0,
5819,0,1.515718895442408
5820,5,1.8753538434785495
5821,3,1.1584273096867057
5822,5,1.453781206382816
5823,3,2.230674540963762
5824,3,2.5325321429275722
5825,3,2.3749501684313783
5826,3,1.9591577197154786
5827,3,1.4551395492840795
5828,3,2.049739512102887
5829,1,1.8876624598446035
5830,1,2.5484460638916118
5831,1,2.6466694064737566
5832,2,1.1464235549849633
5833,2,
5834,4,
5835,2,2.6675356109700386
5836,2,2.23241751564464
5837,2,3.4780431577420603
5838,2,1.9430344103245323
5839,2,1.9692860675762713
5840,5,2.4772535405512643
5841,2,3.4780431577420603
5842,2,1.8815265822293448
5843,5,2.420105993362043
5844,3,1.8065686489064234
5845,5,2.2395686183846464
5846,3,0.8117377211201832
5847,3,0.8748598398381909
5848,5,1.5790035730387082
5849,5,2.1596723356563645
5850,4,1.1644984925637825
5851,2,1.618773681977034
5852,2,2.000483337598635
5853,4,1.2209020215935984
5854,4,1.7728279628883161
5855,4,1.7728279628883161
5856,4,1.5075249498752077
5857,4,1.6521163601674642
5858,2,1.6578178324731463
5859,2,1.70795449561577
5860,2,2.8580157509541846
5861,2,3.2061046606416763
5862,4,1.470876547391556
5863,2,1.7980795948048325
5864,2,2.0025741285947647
5865,2,2.2049626124223054
5866,5,1.5769815977739936
5867,1,3.1526036262097072
5868,1,2.7980380896621626
5869,1,1.567406754513195
5870,1,1.4600177792092879
5871,4,1.632990034217782
5872,4,1.3465967271729864
5873,5,1.3458270602931783
5874,3,2.6170631740052217
5875,5,2.3106301396945215
5876,3,2.6170631740052217
5877,5,1.730471430256458
5878,5,1.806642499534116
5879,5,2.367756517521607
5880,5,1.5997389673421833
5881,3,1.9341387164947703
5882,1,3.0990156689437387
5883,3,2.8427051721510552
5884,3,2.236379076390337
5885,1,3.0990156689437387
5886,1,1.1009206421388507
5887,1,0.933818507582788
5888,3,1.1497261869009099
5889,1,1.2117476336544075
5890,1,1.6590963739884317
5891,2,2.7664509151222583
5892,2,
5893,4,0.8694829972203638
5894,4,1.1165747395393024
5895,2,1.7134112924246208
5896,0,2.982242472770129
5897,4,0.9586836470756148
5898,1,4.015759387291582
5899,2,2.444943210045791
5900,1,2.4491327170653467
5901,1,2.2819174846512116
5902,1,2.7107063821815127
5903,2,1.8178766050221733
5904,2,1.5698522957498728
5905,4,1.405904245178429
5906,4,1.0782330197728076
5907,4,1.1979943996875626
5908,2,1.5997684302947028
5909,2,1.4698464607436525
5910,2,1.363839049640979
5911,2,1.3258023512124406
5912,3,1.9807078385547123
5913,3,1.7364676430601222
5914,3,1.7530139771820248
5915,2,1.5431137385207068
5916,2,2.2174030011218586
5917,1,1.5488502235408057
5918,2,1.59438475881098
5919,4,0.7656213641046029
5920,2,1.607590814541314
5921,2,1.4837773678911854
5922,2,0.9165390601560902
5923,4,1.8771032633052707
5924,4,1.819214556245322
5925,4,1.697886655068931
5926,4,2.0041100756595283
5927,4,1.2678010841154783
5928,4,1.2369498856743637
5929,4,1.358036203273259
5930,4,0.994422479566859
5931,4,1.555864468844847
5932,4,3.5493299226738015
5933,4,1.3942406686590718
5934,1,1.9121026335477085
5935,4,3.5493299226738015
5936,0,3.343147266775614
5937,1,2.3340074411136156
5938,1,2.8678026218035746
5939,1,1.9663875871406102
5940,1,3.3036699231651125
5941,1,1.383047897544062
5942,0,1.4571070024275163
5943,0,1.5507729810781983
5944,2,1.3116790151659623
5945,4,1.4561715492893959
5946,4,1.3742457537351163
5947,5,2.2486081348434848
5948,4,1.4810454623107734
5949,2,1.6483871639796697
5950,4,1.2027695038780088
5951,1,1.385365184699546
5952,2,1.9080088669669963
5953,4,1.2080826124357376
5954,4,2.0989695277747438
5955,4,0.9677958716915929
5956,2,0.7069969329643381
5957,4,0.6941489110802626
5958,4,1.0937107283630918
5959,2,1.6664860172659062
5960,5,2.2024631736929106
5961,2,1.8362686143294462
5962,5,2.014195096178235
5963,4,0.535755884911553
5964,4,2.912994244578426
5965,4,2.912994244578426
5966,2,0.7937212806623065
5967,4,1.0777330338184086
5968,2,2.0690380295713564
5969,2,1.3715799294235802
5970,2,1.2290902446290228
5971,2,1.9181868096629162
5972,2,2.5512824710885207
5973,4,1.5641016405792205
5974,4,1.7341338224386815
5975,4,1.9050768768457251
5976,2,1.5307859714942238
5977,4,1.3895713834296317
5978,2,1.6494411339980866
5979,2,2.3094547223236743
5980,2,1.5477067160798843
5981,4,2.059592010854875
5982,4,2.4554556247162935
5983,4,2.059592010854875
5984,2,1.9059949133321465
5985,2,2.5433047850454544
5986,4,1.3318529838117854
5987,2,2.2452362848121084
5988,4,0.921245897543859
5989,4,1.027428004744218
5990,4,1.315328496731391
5991,2,2.5526547478036066
5992,4,2.7953628736891685
5993,4,0.6860354809869624
5994,2,1.4142591312621815
5995,4,0.5967270163707579
5996,0,1.4699657415840792
5997,0,
5998,0,1.4787508040487303
5999,0,2.621120010154613
6000,0,2.00773563489508
6001,0,
6002,0,
6003,0,1.1122211829413449
6004,0,2.8546350386643637
6005,1,2.173428499841779
6006,2,2.148073433776031
6007,1,1.8861506408254536
6008,1,1.9631555653569523
6009,4,1.1609394495206093
6010,4,1.2261201109764983
6011,1,1.46348969811892
6012,1,1.8194078844077815
6013,1,1.66697075196279
6014,4,1.1296047666860378
6015,2,1.5204567843258296
6016,4,2.444592917002177
6017,1,1.887366205574598
6018,4,1.6443426700246229
6019,1,2.5959821338437075
6020,1,
6021,1,
6022,1,1.374301937161367
6023,2,1.1017399757253565
6024,4,1.0311622024008638
6025,4,1.3381756461976533
6026,1,2.2144746935713475
6027,1,2.2144746935713475
6028,4,1.4932555791187405
6029,4,1.3717552671879427
6030,2,2.4581901788662237
6031,2,3.172642181385038
6032,2,2.3906795829342995
6033,2,4.020328017356062
6034,2,3.1206575233125187
6035,0,1.8253310744031062
6036,0,1.3530969889578937
6037,0,2.9828733631015973
6038,0,1.9325067188580256
6039,2,1.7456526604451326
6040,0,2.2806406651203024
6041,0,1.4661793810759516
6042,2,
6043,0,2.0767364144677316
6044,4,3.632438228196607
6045,0,2.0782561056435407
6046,0,2.0782561056435407
6047,2,4.620587530793075
6048,4,1.641703990088755
6049,0,1.8570169267254246
6050,0,
6051,0,2.8276317058537623
6052,0,1.5999571630720335
6053,0,1.2317156598387535
6054,0,1.421430938015127
6055,0,1.3751618592565984
6056,0,
6057,0,2.836867644447854
6058,0,
6059,0,1.8123350347121723
6060,1,2.285440532542172
6061,1,2.1860670532551723
6062,1,2.9299296027592785
6063,1,1.322152924415925
6064,1,0.9945026019445337
6065,5,
6066,1,1.3314929589326765
6067,1,1.4522425721123238
6068,5,2.2926946862953765
6069,5,
6070,4,1.58125346435513
6071,5,2.830053044237641
6072,4,1.5625055712401865
6073,3,1.0194735844698954
6074,5,
6075,5,
6076,3,1.7578082513088116
6077,3,1.3516437914732586
6078,3,
6079,3,2.0611947807474915
6080,5,2.178774757723952
6081,5,1.090516845120464
6082,5,1.6585845597883973
6083,2,1.936514050821749
6084,3,
6085,3,2.2446603020876905
6086,3,1.3440409681480852
6087,5,1.6380845225892315
6088,2,1.4563104883514595
6089,2,1.5923521819602207
6090,3,1.4524121494734914
6091,2,
6092,3,
6093,3,
6094,3,1.824827360387975
6095,3,
6096,3,
6097,3,1.4401904695679113
6098,3,1.9152393266482244
6099,3,2.026197400422917
6100,2,1.5456282104785581
6101,4,1.6898421202352407
6102,4,1.9244766584594184
6103,2,1.3424203534008998
6104,4,1.999614780451378
6105,4,1.999614780451378
6106,4,1.4331873666106691
6107,4,1.993885861772907
6108,2,1.7111585868779402
6109,2,2.196401951412564
6110,2,2.2275105848864833
6111,2,1.927178720134806
6112,1,1.9954193479951903
6113,1,2.2247322559720395
6114,2,2.6226564383900284
6115,1,1.817759997794696
6116,2,2.6153240380321465
6117,1,1.6359493885137022
6118,4,2.319640317645921
6119,4,1.7358123867332156
6120,4,2.393807338215476
6121,2,1.8274987656806532
6122,2,1.6532535168487092
6123,2,1.8458868243589932
6124,1,2.0067072207378356
6125,1,1.9062463962259182
6126,2,1.4792712420655496
6127,2,2.1817701588181935
6128,1,2.4456684642911477
6129,4,1.3669061428150304
6130,4,2.16562003382628
6131,4,2.530274447041982
6132,4,2.3004493226518936
6133,1,2.739845391660535
6134,4,1.3372781413543815
6135,4,1.4279638075525527
6136,1,1.1799294520214667
6137,5,2.202642743211534
6138,5,2.846335709501053
6139,1,1.4485986428888153
6140,2,2.4258234569325006
6141,1,3.1809524942971734
6142,5,3.4944993536295956
6143,1,3.661008621007556
6144,1,1.6471053792473676
6145,1,1.8514812823180464
6146,3,1.5504319981425474
6147,3,1.5099111098191467
6148,3,1.323019350794221
6149,3,3.0183830895005865
6150,3,2.256531074524668
6151,3,2.7575672576818926
6152,5,1.0545579271428234
6153,3,0.9348478163276813
6154,4,1.2168185407198528
6155,4,1.3068390038834221
6156,4,1.2494493098142923
6157,2,2.3961667385783767
6158,2,2.3094826906112895
6159,4,2.497140882315396
6160,4,2.7937848922099007
6161,4,1.58602204181312
6162,4,1.58602204181312
6163,0,1.8101061804738003
6164,2,1.58846531477741
6165,4,2.3303564973737076
6166,0,2.103245221109142
6167,0,2.2341272748409158
6168,1,1.0775607988600595
6169,3,2.6341121648168295
6170,3,2.5321232252024415
6171,5,2.4246972272538705
6172,5,1.7994177004598273
6173,1,1.1521924285706822
6174,4,1.048928613673291
6175,5,2.4246972272538705
6176,1,1.3392563485435345
6177,2,2.3839028039749595
6178,5,2.017793064839699
6179,5,0.8029373854861059
6180,5,1.697223119627705
6181,5,1.5943572052913502
6182,4,0.8074424781411796
6183,4,1.4443382314458297
6184,2,1.8878977691918601
6185,2,1.3532304981657717
6186,2,1.957847687779423
6187,2,1.1019768970533719
6188,1,1.2519568396902585
6189,0,1.606403041449032
6190,0,1.2052910883445194
6191,0,1.5363003463875804
6192,1,1.3176028653659575
6193,1,1.080025614388244
6194,0,1.7558709314983352
6195,0,1.2011669278552293
6196,2,1.8669911472629381
6197,0,3.391710796184128
6198,0,3.391710796184128
6199,0,1.5241617116950557
6200,0,3.391710796184128
6201,1,1.2572582515433566
6202,0,1.8056511016184067
6203,1,1.4931974266920434
6204,1,1.2783525164706695
6205,0,1.581573699801704
6206,0,2.467755271783219
6207,0,1.8503590656559954
6208,0,1.2202009779382577
6209,0,2.078642943526557
6210,0,1.5571550289827238
6211,0,2.0842161083378463
6212,1,1.940466584838512
6213,1,1.940466584838512
6214,1,2.03309208571856
6215,1,2.0223632147712705
6216,2,1.5046338371927175
6217,2,1.465836966237028
6218,1,1.8176802038537068
6219,1,1.9764257179668208
6220,1,1.235683114392741
6221,0,2.478048016835421
6222,0,1.8821104165679727
6223,0,1.4132016357984485
6224,2,1.777986819750276
6225,1,2.299735379702821
6226,1,1.3232793293872196
6227,1,1.3232793293872196
6228,5,
6229,1,1.8100788873045395
6230,1,2.1143410003513763
6231,4,2.470640430914696
6232,2,2.3394144739172007
6233,1,2.23109250122938
6234,0,1.2221114848433938
6235,0,1.5273449254280962
6236,0,1.2538394140529416
6237,0,
6238,0,
6239,0,2.7638618574619853
6240,0,2.0314455404877423
6241,0,2.747472129919405
6242,1,0.9838889716882193
6243,2,1.4330852273256862
6244,4,
6245,2,
6246,2,1.322882036146789
6247,5,2.6775977656450802
6248,3,2.911856097790792
6249,2,1.8037875894373634
6250,2,2.3694197150739655
6251,4,1.8984430659591014
6252,4,1.9210961726212943
6253,4,1.5581219023837212
6254,2,1.738376994331993
6255,4,1.4602102423161394
6256,2,
6257,4,
6258,1,1.6192115827897744
6259,0,1.9763062834393954
6260,1,1.586218361639597
6261,1,1.78683236816119
6262,0,1.9630654806694836
6263,0,2.7094028498356493
6264,1,1.95963995447345
6265,0,1.586546418226543
6266,0,1.4406387412049322
6267,1,2.0442769498077964
6268,0,2.0264346903203947
6269,0,2.42704271873495
6270,0,1.9798099623177667
6271,5,1.4541495539445126
6272,5,1.8283075669979345
6273,5,2.0919513597073074
6274,1,2.598962823803513
6275,1,2.6034586144419514
6276,1,1.885410858165558
6277,1,1.885410858165558
6278,3,2.1301001970403464
6279,3,2.48947322932244
6280,3,2.48947322932244
6281,3,2.1815104900161906
6282,3,1.2977251942299068
6283,1,1.0052368789150827
6284,0,1.6583182832637327
6285,1,2.433895817758639
6286,1,1.851463255022613
6287,1,1.9481282424983268
6288,1,1.1031481941625587
6289,2,1.3893439130745855
6290,0,1.3054308387871427
6291,0,1.5330933950259287
6292,1,1.3739648977796173
6293,5,1.3877296670785035
6294,1,0.9642961477885574
6295,5,1.350603826586147
6296,3,1.8377602597154366
6297,5,1.7268544011494764
6298,5,2.1511532795612958
6299,2,2.4677788467372905
6300,2,2.6108931963601902
6301,4,2.09228159187917
6302,4,2.786762478666966
6303,5,2.2151439569820144
6304,4,2.7585294766868813
6305,4,1.310630656957648
6306,1,1.250747186044745
6307,2,5.017367493888749
6308,2,4.02139830922058
6309,4,0.9721931792418511
6310,1,2.6253134765371184
6311,1,2.341431536045785
6312,5,1.0647327060165297
6313,5,1.0369588472350602
6314,2,3.345817150805023
6315,2,2.3839106342886507
6316,2,2.217075422438281
6317,4,0.8233734881057116
6318,4,1.0783875211874507
6319,2,1.3258892047505217
6320,2,1.5236581359011359
6321,4,0.8135148184431835
6322,3,0.9328922460909109
6323,3,2.175148692395762
6324,5,1.6671333509004194
6325,3,2.3367238552825276
6326,3,1.095344736732347
6327,3,1.4078251173492113
6328,5,1.9333232178526554
6329,5,1.558262311174406
6330,3,1.315375560564389
6331,3,1.6805019052984496
6332,3,1.7063803169659137
6333,2,1.8792513427505182
6334,4,1.3081998563465673
6335,2,1.6961078930214752
6336,2,2.3843086079712905
6337,5,2.5201974224158454
6338,4,3.068154548309542
6339,2,1.7487198866841362
6340,5,2.3607371213809705
6341,5,
6342,4,3.068154548309542
6343,4,1.3763904234892164
6344,5,2.2262287983895814
6345,4,1.2178983706354651
6346,2,2.039228947626343
6347,4,
6348,4,
6349,4,
6350,4,2.553706429044822
6351,4,2.553706429044822
6352,4,1.1649469243211683
6353,4,1.9256817060778768
6354,1,2.4137790725979547
6355,1,2.359262851221622
6356,4,2.3865192120587824
6357,4,1.0773851068142661
6358,1,2.1306384172006174
6359,4,2.339437790609114
6360,1,0.6783405264689898
6361,0,1.272063458296001
6362,2,1.521440180367539
6363,4,
6364,4,
6365,4,
6366,4,1.5453811125505261
6367,4,1.9592952373650463
6368,2,1.666110369221653
6369,4,1.990157009237153
6370,4,1.5137469286369964
6371,4,2.3575830902044967
6372,4,2.634740685354787
6373,4,2.587311283654968
6374,4,1.0756600054758003
6375,4,1.3511655548560202
6376,4,1.5243262802178599
6377,3,1.811407850866516
6378,3,1.9984788560514015
6379,5,1.8244923986158013
6380,0,0.8937333729295404
6381,3,2.206388553521729
6382,3,1.9068606816655853
6383,3,1.190709613570657
6384,3,1.8980462713161168
6385,3,1.523806005591608
6386,1,1.3680366004182192
6387,1,2.380224741962652
6388,0,2.003291040327335
6389,3,1.0053140597273604
6390,3,0.9701435655126893
6391,5,2.4448153971924955
6392,5,1.794094555964472
6393,5,1.9762541729357106
6394,5,2.757038217456316
6395,3,0.911029529517621
6396,5,2.170211249868813
6397,5,2.6054375191249566
6398,3,1.604156479909464
6399,3,1.8412366773573865
6400,3,1.9417045787887621
6401,1,
6402,1,2.2876149393834564
6403,1,2.3613558624402957
6404,5,1.1956956954491218
6405,3,
6406,3,
6407,3,
6408,3,1.5355595108551776
6409,3,0.9249296299358611
6410,3,1.1202829489206545
6411,3,1.2172478888673557
6412,1,
6413,1,
6414,1,2.3740326915700223
6415,1,1.9020307952515265
6416,1,1.4052317972656905
6417,0,2.7338206415632933
6418,0,1.9084940934749295
6419,4,1.1121144251455328
6420,0,1.333765984470477
6421,1,2.0475938306519192
6422,0,2.1901172978257963
6423,2,2.1726955299913455
6424,1,1.9999662415676127
6425,1,1.5667626912901125
6426,1,
6427,1,
6428,0,1.635077948399005
6429,1,1.680590663834296
6430,2,
6431,4,
6432,4,
6433,4,
6434,2,1.036672107243275
6435,2,2.111232416773278
6436,4,1.2311222027468556
6437,4,2.365859581981463
6438,4,2.7210184862610958
6439,4,2.0258193516951852
6440,4,2.2584579235235367
6441,4,2.2317496557359817
6442,4,1.597190183078568
6443,4,1.8234035191697489
6444,4,1.7498225511746994
6445,4,1.7400688198357857
6446,4,1.2517251950239752
6447,4,2.0574476650748004
6448,4,1.4658031211744218
6449,2,2.443056083548584
6450,4,1.264620355561311
6451,4,0.9294974090907092
6452,3,1.4287611258507626
6453,5,2.0834837542173297
6454,3,1.8151989656154048
6455,3,0.9114693171279462
6456,3,1.6154314914662906
6457,3,1.2588667399019375
6458,3,1.706443146710543
6459,1,2.0064805412581603
6460,1,2.0064805412581603
6461,1,1.5793421199899862
6462,2,
6463,3,2.591210863951239
6464,3,2.2701412992759753
6465,3,1.5462550145999647
6466,4,1.078756122674781
6467,4,2.6552943825735777
6468,1,1.8523013439804052
6469,1,2.0030388073366288
6470,2,2.0190472198435296
6471,4,1.0440313778310744
6472,2,1.367934626925487
6473,2,2.258695182188082
6474,2,1.3128382229624518
6475,4,2.6107421512029636
6476,4,2.235962208521958
6477,4,1.5235686443308443
6478,5,1.9315477522847146
6479,4,2.319878864536482
6480,5,2.061517706148795
6481,5,2.1449233827255014
6482,5,1.6822817836081445
6483,3,1.0876166732326
6484,3,1.7790640637461004
6485,5,3.000341829050805
6486,1,2.909525969657943
6487,1,2.909525969657943
6488,4,1.3562183558065644
6489,3,1.9079229651197829
6490,1,1.5946380577797727
6491,3,1.9238658814493474
6492,1,1.6931992399026907
6493,2,2.3027607660644165
6494,2,2.51425966828901
6495,0,1.8426072560767488
6496,2,2.4770452160465797
6497,0,1.9803222316110307
6498,4,1.5409285294215764
6499,2,1.6942167765809337
6500,2,1.7158284847615046
6501,4,1.421831360702426
6502,0,2.316205905577766
6503,0,1.5565672694659631
6504,0,2.265942972315764
6505,1,2.4475111580105007
6506,4,1.804650424852299
6507,1,1.20034396854337
6508,4,1.0207764227651033
6509,1,1.4683814017668064
6510,2,1.3419884190709033
6511,4,1.3501724279437117
6512,4,1.2152189962676494
6513,0,1.8226934535998467
6514,1,1.3209047606628659
6515,1,1.8384305114676907
6516,1,1.8384305114676907
6517,0,1.2546073327284724
6518,0,1.0001494675972462
6519,0,1.7472436047183582
6520,0,0.8967745474186958
6521,0,2.363674576333228
6522,0,2.122184998741021
6523,0,1.9469055022944997
6524,0,1.635679893908678
6525,0,2.1358353337069476
6526,0,2.4831434569913755
6527,1,1.0544348444870715
6528,1,1.1766460163227643
6529,1,1.321375740585402
6530,1,1.02927860261976
6531,1,1.491172469819411
6532,0,1.6951966666688287
6533,0,2.344121785581934
6534,4,1.6618378978477921
6535,4,1.7917110162494037
6536,4,2.5190005027652225
6537,3,1.8372230643904603
6538,1,1.6700707883270263
6539,1,1.5875164063449436
6540,1,2.787634399676977
6541,4,1.111355774883686
6542,1,3.025025275135826
6543,4,1.3360023189806673
6544,1,2.398973219135219
6545,1,1.2129089198264145
6546,1,1.3774831157738088
6547,4,1.8569347892147112
6548,1,
6549,1,
6550,0,1.5705404176222613
6551,1,2.11708556296487
6552,1,1.6416732343040894
6553,1,1.6416732343040894
6554,2,1.6028381664593871
6555,4,1.492698661291198
6556,2,1.7047638118727648
6557,4,1.6638571641725335
6558,4,2.262325493194658
6559,4,1.8473716525812758
6560,5,1.6281576249413845
6561,2,1.3778675291733746
6562,5,2.3988203160471095
6563,5,1.7913723787575964
6564,2,2.3802480736178366
6565,2,1.9930131386319598
6566,2,1.9656057643613674
6567,2,1.5642124959192656
6568,4,0.8819809446774795
6569,2,1.9738037280131788
6570,4,1.5425328111737924
6571,2,1.8403422555994422
6572,2,2.10388764387105
6573,2,2.2624915561197168
6574,2,2.2983594738769058
6575,4,1.6100599065097214
6576,4,2.1994288414547603
6577,2,1.9149527126273407
6578,2,1.6401073918727738
6579,4,1.6824762537506395
6580,4,1.7259280048287116
6581,4,1.5410767278171713
6582,4,1.6335601604496968
6583,2,1.0823671501808994
6584,2,1.2874006612413633
6585,1,1.6145116339342314
6586,1,1.7712736115953993
6587,0,2.5230189763831032
6588,4,2.857241564016396
6589,4,2.6030942951669207
6590,4,2.031307013313058
6591,1,2.556948403438011
6592,4,2.026639272777156
6593,2,1.8247926140629318
6594,4,1.864664768766973
6595,2,1.2542543500955006
6596,0,1.906725226470752
6597,0,1.6698104618042287
6598,0,2.049947643093408
6599,1,1.4636874246099476
6600,4,2.033282737420133
6601,4,1.3402332234682566
6602,1,2.386886315841004
6603,1,2.5579332317226164
6604,1,2.2459409425694874
6605,1,1.1702376150235176
6606,4,0.9033345001964412
6607,1,0.9640367481466355
6608,3,0.6418833771933437
6609,3,1.872342802095898
6610,3,1.872342802095898
6611,5,2.7678760989573155
6612,5,2.7678760989573155
6613,3,1.0223824506731019
6614,3,1.3435322601228097
6615,5,2.3265148776157027
6616,1,1.1183082996811384
6617,3,1.4100451931830236
6618,5,2.5445833535399633
6619,5,3.5299631272959724
6620,4,0.63674824930557
6621,4,2.5380854242205158
6622,2,1.8605371367706458
6623,1,0.8218247816310003
6624,4,1.1599159913024217
6625,4,0.8832125957480838
6626,5,1.9624428560435616
6627,4,1.385484230286336
6628,2,2.2402987997982073
6629,2,1.743850933315162
6630,4,1.0094771443561834
6631,2,1.2266126631325613
6632,4,1.3881096088331077
6633,2,3.082863932325085
6634,3,1.23320787171562
6635,2,1.1606994452944974
6636,2,1.9895476301519468
6637,5,2.809485057318471
6638,2,3.065258136386581
6639,4,1.7691043127297212
6640,4,2.4204608823532197
6641,4,1.3710569019882974
6642,2,2.012783656537532
6643,4,1.5644609749646758
6644,4,2.228064071140137
6645,4,1.2628952920892877
6646,1,2.6326864666522836
6647,5,1.6581469378424736
6648,5,2.063836065665303
6649,1,1.457596296578019
6650,2,1.3877724186659874
6651,2,1.4813826143922488
6652,3,2.417230370729532
6653,3,1.888042779351824
6654,3,1.521844676669359
6655,3,1.5987400873259112
6656,1,2.3709989836442995
6657,2,3.675150480154176
6658,2,1.7184241195252088
6659,2,1.6036148943689168
6660,1,2.9411846030086117
6661,1,2.635325757372222
6662,1,1.1355715715791834
6663,0,1.9423478503582545
6664,1,1.2837502608894364
6665,4,0.876801516883213
6666,1,3.561588926933656
6667,1,3.8666168599984543
6668,1,2.5732279113615757
6669,1,2.249866360166647
6670,1,1.8215428059260212
6671,1,1.0769213319003554
6672,0,1.5940164146122702
6673,3,1.4649960081053048
6674,3,1.7831244631080148
6675,3,1.1498612881516665
6676,3,1.0034124294248328
6677,3,1.746644152589613
6678,3,1.1113634543133293
6679,3,1.4596340854099477
6680,3,1.8545189096937302
6681,3,0.9597167820278614
6682,0,0.6205836622100698
6683,0,2.216282236128143
6684,4,1.7459192021869827
6685,1,1.4900637217922945
6686,1,2.159140030749736
6687,1,1.998449511893215
6688,3,1.2449619532517864
6689,2,1.9634928687081452
6690,1,1.7541587266519187
6691,4,1.4099660476985734
6692,4,
6693,4,
6694,4,
6695,4,
6696,4,0.8238195598208793
6697,4,1.2688109667140597
6698,0,2.2553456335990427
6699,1,1.6849806651909787
6700,1,2.166593718322006
6701,1,0.8667199195156083
6702,0,1.7207010447262632
6703,2,1.765694785446711
6704,0,2.3560722171321724
6705,4,3.0350907745173563
6706,4,2.705118441784815
6707,4,2.2453502842186692
6708,4,2.7620411456261684
6709,4,2.282577796062374
6710,4,1.2443862799001433
6711,4,2.284031861221608
6712,1,1.4111326831085151
6713,1,1.7407039865206395
6714,1,1.65730084069064
6715,0,1.4302780030923292
6716,0,1.656467011837293
6717,2,1.8289388102513024
6718,2,1.8608411803534306
6719,1,1.6154064622885116
6720,4,1.3434448292053571
6721,1,1.264366413580427
6722,1,3.185885471800981
6723,1,1.5895234861376697
6724,1,2.8771479800875333
6725,2,2.055898771282836
6726,0,2.610807162401919
6727,1,3.1718052764442684
6728,4,1.4108014324613525
6729,1,2.358920442018527
6730,1,2.358920442018527
6731,1,1.9300670303164018
6732,1,2.317472903537427
6733,1,2.317472903537427
6734,1,1.283551770432032
6735,3,1.793432811442965
6736,3,1.9518813087881643
6737,3,2.346032537370945
6738,3,2.5085207391390285
6739,3,1.8742759115240082
6740,3,3.144073986973219
6741,1,1.580323792601729
6742,1,1.593221423893287
6743,1,1.2572566367503304
6744,0,1.0004006419382396
6745,1,1.7835202063667366
6746,1,2.747162889938001
6747,1,2.488535399798607
6748,0,2.0689786016738325
6749,0,1.8844080785221262
6750,0,2.118686567330508
6751,1,1.5922353130193396
6752,2,
6753,1,
6754,1,
6755,4,1.1494221865784462
6756,2,1.5590519795962208
6757,4,
6758,4,2.20306077016337
6759,4,2.1452232161250846
6760,4,2.5256879899565994
6761,4,1.562570870822126
6762,1,0.9813775748454641
6763,0,1.1856527156085863
6764,0,1.4894283398724844
6765,2,1.2191750275494853
6766,0,1.7112750983337965
6767,1,1.5728936230364756
6768,0,
6769,2,2.116001258438535
6770,1,2.05494982458056
6771,1,1.9966641735321975
6772,0,
6773,0,
6774,0,
6775,1,1.5248253029440724
6776,5,
6777,5,1.604182837182947
6778,3,2.022318430526801
6779,3,2.1082677793105025
6780,3,0.8471894882648597
6781,3,1.9386168587721995
6782,3,1.766714157577257
6783,3,2.210976434949974
6784,0,1.654915797459055
6785,0,2.1364860586241687
6786,0,1.475962588480395
6787,0,2.287832022584715
6788,0,2.4277807385670336
6789,1,1.7337481749035535
6790,1,2.3595318653864097
6791,1,2.149365963667793
6792,1,1.7540518415210926
6793,3,2.6169176186718435
6794,3,2.6169176186718435
6795,3,1.6240967772483352
6796,3,2.63702208875719
6797,4,2.6090943948408793
6798,4,2.5001303050160755
6799,1,1.5011990749151594
6800,1,2.924020050209916
6801,4,2.011825804066717
6802,3,1.3797594151075792
6803,3,
6804,3,
6805,1,
6806,0,
6807,1,
6808,1,1.2539278739907345
6809,2,
6810,5,
6811,3,2.2580875030360383
6812,3,2.010770025237119
6813,3,1.9261316895628333
6814,3,1.7501424598114996
6815,3,1.7501424598114996
6816,4,2.1205545636040974
6817,4,2.3102449543404706
6818,2,2.031529527604886
6819,3,1.2175602760894695
6820,4,1.4839479200702799
6821,0,1.2802276128935028
6822,0,2.454702625047113
6823,0,2.5554039119545724
6824,0,2.459652217495006
6825,0,1.885485024749697
6826,1,1.7895012641739876
6827,0,2.523171845863038
6828,0,1.7314386483632696
6829,0,1.8962054167641207
6830,0,1.3316365917672504
6831,0,2.199913192404528
6832,0,1.636368270146723
6833,5,1.2433106422756068
6834,3,1.5301351730250137
6835,3,1.3064479596578729
6836,3,1.8331681621952238
6837,3,1.760431531464933
6838,2,1.555487839762414
6839,3,2.9215205530648665
6840,3,1.1227949486959197
6841,3,
6842,1,
6843,2,
6844,4,1.4269334257794073
6845,1,
6846,2,2.4128793545770977
6847,5,
6848,2,
6849,3,1.3314556305962775
6850,3,1.259596686860892
6851,3,2.1025116094292535
6852,3,2.0993399646122146
6853,3,1.2378890494990358
6854,2,1.3645416943531197
6855,0,1.5654214350277986
6856,0,1.5807108213444157
6857,0,1.6528841377067165
6858,1,1.3014929431341449
6859,2,1.7422882482641289
6860,5,2.285649481194177
6861,1,1.1377418397055317
6862,1,1.4179083287923924
6863,5,1.585362476601014
6864,5,2.9990376461408688
6865,5,2.538583277233516
6866,3,1.255047907537271
6867,5,1.9302255475411774
6868,5,2.2425550311973135
6869,4,0.6283645281575563
6870,3,1.1393530331098514
6871,5,1.5228404292117084
6872,5,1.7061208605865665
6873,3,2.21107477647629
6874,0,2.3408125572114673
6875,0,1.7093714826177957
6876,1,1.126736700460183
6877,0,1.6088783750141609
6878,1,2.0807848216998415
6879,1,2.0807848216998415
6880,0,1.1371211443767573
6881,5,1.7078775706021196
6882,0,1.6133008473581543
6883,5,2.6680170744139398
6884,1,1.3277073875369
6885,0,2.22560906441589
6886,0,2.1537145753470885
6887,1,1.2387304641108052
6888,0,0.673619902423196
6889,5,1.5264782148011016
6890,5,2.006244487202349
6891,3,1.7827456981026266
6892,3,1.8647774925338236
6893,3,1.563620582425028
6894,5,1.8369842008725596
6895,3,2.9874563422908325
6896,3,1.28861139870118
6897,5,1.9579099789549934
6898,3,2.611080685325231
6899,3,0.5757810668992205
6900,3,1.812015749252199
6901,3,1.5849296252915495
6902,3,1.6620040460927596
6903,0,1.9858150970801784
6904,2,2.654474906115381
6905,5,2.1280603547952075
6906,2,3.2791695069283553
6907,5,2.287663397826995
6908,1,2.143696395075558
6909,1,2.143696395075558
6910,2,1.2480397767907419
6911,4,1.5100103316742604
6912,4,1.5100103316742604
6913,2,1.6860233414676267
6914,2,2.9797429641716993
6915,4,1.3087139546245714
6916,2,3.1222469033043803
6917,2,2.648927882451493
6918,2,2.7197286252906347
6919,2,2.5623301084929873
6920,0,3.1763767272888943
6921,1,1.4014816556059302
6922,0,1.5263410381579032
6923,0,1.6475682685674238
6924,1,1.3111277893825533
6925,0,1.2687902384159997
6926,0,1.2677224804842475
6927,0,1.042073178817493
6928,0,2.1082006489921166
6929,0,2.2574934569361624
6930,0,2.718263649958257
6931,0,3.2265290900630226
6932,4,1.105557038590678
6933,4,1.0901550398429647
6934,4,1.4685802834095134
6935,4,1.8160613024249312
6936,4,2.475824518162228
6937,2,1.0837314308030739
6938,4,0.7860641003637041
6939,3,2.7146623464589577
6940,3,2.4389059427758437
6941,5,1.7729226108783809
6942,1,2.1492950603124794
6943,1,2.7820544235944666
6944,3,1.855223990951194
6945,3,2.3235450058194655
6946,3,2.008670175449149
6947,3,1.3816499916382976
6948,3,1.4418146465729398
6949,3,1.760864543999775
6950,1,1.9314117886100457
6951,1,1.8004380658447272
6952,3,1.6574324279429138
6953,2,1.3935374547332124
6954,2,1.5748817581283674
6955,4,2.410535962766913
6956,1,1.8461571325529473
6957,1,1.8461571325529473
6958,4,2.607826995804996
6959,4,1.4723183755266835
6960,4,1.8273105112909422
6961,3,1.8530058622221215
6962,1,1.8929669300754495
6963,4,2.4182288794856106
6964,1,2.280262213938135
6965,1,1.9954144868725505
6966,1,2.6958308269512683
6967,1,2.6958308269512683
6968,1,2.0721412713765717
6969,1,1.2102554870639135
6970,0,1.1946711753529144
6971,1,
6972,1,
6973,5,0.8876588799715265
6974,1,
6975,1,1.3005218124285274
6976,4,1.6932063538498476
6977,1,1.7810664103559004
6978,5,1.3693933617859217
6979,3,1.6455408465992747
6980,0,1.8779832660165368
6981,0,2.0238467644302527
6982,0,0.9762189368716065
6983,3,1.8197395077058052
6984,3,1.7716013674362947
6985,5,2.548760767891585
6986,3,1.8716661639390029
6987,3,1.6707927810696068
6988,5,3.0392399419687663
6989,2,1.5600090673005196
6990,2,2.0987689124969178
6991,4,1.0318772685383455
6992,3,1.520662023109534
6993,5,1.7475283546913438
6994,3,1.4899264722469097
6995,5,1.6937109179429122
6996,1,2.291444446184585
6997,1,2.5289114310943934
6998,2,2.2198537427602756
6999,5,1.9653607120063294
7000,3,
7001,3,0.9347964027105647
7002,5,2.320260453163737
7003,1,1.831974225240314
7004,5,1.879560828219243
7005,1,2.190706862056825
7006,2,3.1222675609562045
7007,5,2.147807053643777
7008,1,2.7098239685791987
7009,5,2.6191212352824893
7010,3,1.1337102100228869
7011,3,1.1830070821547112
7012,0,2.11026518696594
7013,0,2.2954780712604417
7014,1,2.5410999859689687
7015,2,3.2908728131740173
7016,1,1.6255687956892249
7017,0,2.9902743381543067
7018,1,2.3698319295039405
7019,1,2.3698319295039405
7020,1,1.3001869612211083
7021,2,2.303038223289879
7022,2,1.4969183509650041
7023,4,1.1572445837803962
7024,5,1.685288555241911
7025,4,2.5994202248417184
7026,5,2.0387633190761054
7027,4,2.577311594168234
7028,1,2.2350551307749074
7029,5,1.664619783054261
7030,1,2.284648526494
7031,1,0.7953632564446643
7032,1,2.284648526494
7033,1,2.5065459810533475
7034,4,1.781385959923021
7035,4,2.9380045148709732
7036,4,2.3141938186881625
7037,4,2.1779762482903915
7038,0,1.4029863184988116
7039,1,
7040,0,2.580167446972219
7041,0,2.4033874066905465
7042,1,1.1285661490503345
7043,1,1.2322569840184
7044,4,1.6137605976457232
7045,1,1.3628475721895361
7046,1,3.0817357218419548
7047,3,2.4854502288971183
7048,3,2.543185138229325
7049,3,1.3780216875586606
7050,3,
7051,1,
7052,1,
7053,0,
7054,0,
7055,0,
7056,0,
7057,0,
7058,5,
7059,0,4.587001712913246
7060,5,4.430740651681625
7061,5,3.567369136081579
7062,5,0.988846117431038
7063,1,1.6282835877299242
7064,3,1.218423360112169
7065,3,0.7953261594654041
7066,1,2.5210618574541233
7067,1,2.5210618574541233
7068,1,1.0824533120222115
7069,3,1.6994652342348853
7070,3,1.5932063872952038
7071,3,1.8420651473866632
7072,3,1.524186986739862
7073,5,1.7961663564204131
7074,3,3.273640405912684
7075,3,1.049464050788123
7076,5,1.576335824308603
7077,2,1.6983130935001438
7078,1,1.4832326294873626
7079,3,1.7756256423211105
7080,5,98.3322517316453
7081,5,21.54843042111884
7082,3,1.4279160948287961
7083,3,1.723213652789968
7084,3,1.7150640006190687
7085,1,1.6164585999760241
7086,3,1.622447396910864
7087,3,1.889554813704073
7088,1,3.682100670688258
7089,1,1.5466701089117132
7090,0,1.10168653609686
7091,0,1.567626045264474
7092,0,
7093,0,1.413834848907184
7094,0,1.3960436355149874
7095,0,2.1089515910613996
7096,0,2.4317375912948087
7097,0,2.2559808915237998
7098,1,1.3737119280242056
7099,0,1.749925349614245
7100,0,2.057805170105959
7101,1,1.990977987824627
7102,4,1.1113908703266644
7103,2,1.2387070076181463
7104,2,
7105,4,
7106,4,
7107,4,0.9143619876455419
7108,2,1.206606734498097
7109,4,0.6544365037988095
7110,4,0.9254345429209949
7111,2,
7112,4,
7113,4,1.1620858175107038
7114,5,1.8494069204202725
7115,1,1.1867449530257903
7116,0,2.304006207997264
7117,0,1.1995934913008102
7118,0,2.53895135235404
7119,3,1.9768382854160358
7120,3,1.8413808149255875
7121,4,2.3464004442682906
7122,4,1.8893181813259567
7123,3,1.8467630187368929
7124,2,1.1736776294222677
7125,2,1.300954691196993
7126,4,1.1117892427359388
7127,4,2.074744044000118
7128,2,2.0932504857968937
7129,1,1.4397124838571314
7130,4,1.8056019264297862
7131,1,1.373711340966958
7132,4,1.5711232285811498
7133,3,2.824175659787827
7134,3,2.191294660084288
7135,3,1.8203960520676212
7136,3,1.443324744310991
7137,3,1.6082046116847304
7138,2,1.3967160606525293
7139,1,1.7846172958982096
7140,4,2.2594152821630233
7141,1,1.7362955202505752
7142,1,1.7460168138713654
7143,1,1.0901906042692247
7144,0,1.4679530561314627
7145,0,1.7697568387070914
7146,0,1.6374574953281524
7147,1,1.4504895821786092
7148,1,1.872596525999275
7149,1,2.038765800218258
7150,5,1.6466466374979065
7151,3,1.3706996182185187
7152,3,2.0253638261959646
7153,3,1.958789137709301
7154,2,1.6544599683239078
7155,4,2.825273828459001
7156,4,2.283231925285476
7157,2,2.747492029519218
7158,4,1.810895215193189
7159,4,2.468314119939585
7160,2,2.355734401619076
7161,4,1.2598716831779646
7162,4,2.2134545817031612
7163,0,1.6465427215538737
7164,4,1.9561954685499001
7165,2,2.4680415414506838
7166,2,1.7311074861162106
7167,2,1.6850314497007928
7168,2,2.110592389887381
7169,2,1.8293762065761474
7170,4,1.5215240686622136
7171,4,1.5438560774715244
7172,2,0.7011508256568791
7173,5,1.416164896579528
7174,1,2.4915305838172555
7175,1,1.1966516792537771
7176,1,1.1474197546017326
7177,2,
7178,1,1.2598399799909896
7179,1,2.650380796631531
7180,1,1.3250260349126204
7181,5,1.9778798771682404
7182,4,1.682957274979991
7183,3,1.374472892045857
7184,3,1.8608156309284165
7185,3,1.5905475888361749
7186,1,1.2435469455599346
7187,0,1.3822138300014124
7188,0,1.663338649690671
7189,0,2.590539576916758
7190,0,1.7895828142053658
7191,0,1.7415711446940711
7192,0,2.107484318620529
7193,0,2.004541508370778
7194,0,1.4622044819507287
7195,0,1.4622044819507287
7196,0,2.3858541372382596
7197,0,1.4003806115404054
7198,0,1.5502177695904127
7199,0,2.032232459447507
7200,0,1.3335037915566388
7201,0,1.6722482450776814
7202,0,1.5919270642219336
7203,1,1.068102907504485
7204,1,1.9896012069307023
7205,1,2.50484224343436
7206,1,3.008304937954308
7207,2,1.44259047726979
7208,5,2.4275751792989326
7209,3,0.7106592246907361
7210,2,1.3088221827395166
7211,2,0.8842113533517394
7212,2,1.4670777430041972
7213,2,1.3225617125938856
7214,2,1.124865467223994
7215,4,1.232666325846572
7216,4,0.8785981194780221
7217,5,2.7242943712667405
7218,5,1.7025882433324808
7219,0,1.0780430145052065
7220,0,1.4750224336151911
7221,0,1.7343422858504176
7222,0,1.8709853606323132
7223,0,1.3088077222593781
7224,1,0.9950508124993739
7225,1,1.694182464318652
7226,0,1.2541957950569125
7227,0,1.2358582688634
7228,0,1.1873017494201488
7229,0,2.5007131234306628
7230,1,1.1275358872932089
7231,1,
7232,1,1.1203724781772206
7233,1,1.2073001890133068
7234,1,1.963842485373109
7235,1,1.4956900620361995
7236,0,2.261470653405028
7237,0,2.261470653405028
7238,1,
7239,1,
7240,3,1.0416540513443568
7241,3,1.4364294196980671
7242,3,1.8427908973871119
7243,4,1.5002087522460554
7244,5,1.4593149767300126
7245,5,1.5855109796967668
7246,3,2.081213004152746
7247,1,0.7638829849946331
7248,5,1.6148902464197181
7249,2,2.0798755284281247
7250,0,2.050344553623467
7251,4,1.1175286885341267
7252,4,1.1388128860684001
7253,0,1.3062793470544973
7254,4,1.9790544801333512
7255,3,1.3804582783764952
7256,3,1.3975272127362997
7257,3,
7258,3,
7259,5,
7260,4,
7261,0,
7262,4,
7263,1,1.417642210798804
7264,0,2.5216371431012576
7265,1,1.6663213810856294
7266,0,2.119636482177481
7267,1,1.3615691563219292
7268,0,0.8645963632115854
7269,5,2.7606461321613764
7270,1,1.6653858444400194
7271,5,2.6815876600381974
7272,1,1.879857432828795
7273,1,2.542785855675877
7274,1,2.623860474685207
7275,5,1.3588697740543836
7276,3,2.5047902428056394
7277,3,1.6738982348148084
7278,3,3.0725128613258623
7279,3,2.747092864808688
7280,3,2.5866113895055953
7281,5,1.7883458485440251
7282,5,1.4702113371279741
7283,3,1.372444027244312
7284,5,1.5137691001826672
7285,3,1.0729694363644278
7286,3,1.183336118456137
7287,5,1.8594585105025296
7288,3,3.5265446644045166
7289,3,1.5310846371896965
7290,3,1.1814313314127154
7291,3,1.7283084498104155
7292,3,1.3216421087069727
7293,3,2.9565117649276114
7294,3,2.7264874763774762
7295,3,1.131647620608247
7296,2,1.8973395295143534
7297,2,1.5446061247126905
7298,5,1.6860559040026364
7299,2,2.4090800388572315
7300,5,1.920040738970692
7301,4,0.9296247646485531
7302,5,1.3627350448447855
7303,1,2.457875880232513
7304,2,1.4399271663133275
7305,1,1.7631136201295996
7306,2,1.7048027946807547
7307,1,1.6510432832632411
7308,1,3.046745055780432
7309,1,3.046745055780432
7310,1,1.064416809905628
7311,3,1.9094987043518274
7312,3,1.7631710321237615
7313,3,2.2778782504687465
7314,3,1.9856287647834616
7315,5,1.3868116352132787
7316,3,2.240514362459566
7317,3,1.163577763924016
7318,5,2.7949280760496973
7319,5,1.357819982880373
7320,3,1.7790299563403247
7321,5,2.025307691535809
7322,5,1.868563270602107
7323,0,1.8545191663074774
7324,0,1.4148057859462326
7325,2,1.4351398267054043
7326,1,1.6106900620341273
7327,1,1.4917534310260043
7328,0,1.5381623016293418
7329,0,2.2805296918517883
7330,0,2.0079410080570415
7331,1,2.0461301567118553
7332,1,2.0461301567118553
7333,1,2.4168931240339595
7334,1,2.1790722177419535
7335,1,1.6556464654651128
7336,3,3.1458197265030257
7337,3,
7338,3,1.7525089565023266
7339,3,1.7525089565023266
7340,3,3.322779957284653
7341,0,2.8937204306336604
7342,3,1.5886924033762362
7343,0,2.956390091295605
7344,3,3.322779957284653
7345,3,0.995889151819131
7346,3,1.548947622597152
7347,3,1.851965129676022
7348,1,1.7096025686226004
7349,0,1.2350633667787547
7350,1,1.294468596359099
7351,1,
7352,1,
7353,4,
7354,4,
7355,1,2.9200088649007703
7356,1,1.7641377973854289
7357,1,1.7641377973854289
7358,1,1.1336586447939048
7359,1,2.5418707305650714
7360,0,2.4913725873862775
7361,1,0.828974866412484
7362,0,2.5989882868982734
7363,1,1.8410460050371749
7364,1,1.5995736056686618
7365,0,1.9803962518352862
7366,0,1.8371423076436582
7367,1,1.3273641835512853
7368,1,1.5722437342210813
7369,3,2.502131101216504
7370,3,3.655691216192142
7371,3,2.5231041141363084
7372,3,1.6012452525793825
7373,1,1.6309759517627955
7374,0,1.9567132526314874
7375,3,1.2244091398332775
7376,3,1.0652135213322602
7377,3,1.1463887893331106
7378,0,2.5907669556984065
7379,0,2.2947650108307647
7380,0,1.6465216665763578
7381,1,1.5978105237160356
7382,0,1.28595897711601
7383,0,0.955883363835214
7384,1,0.7927960025561787
7385,3,1.2671040350098535
7386,1,2.0757617842258784
7387,1,2.196152284287094
7388,2,1.8047341268369272
7389,2,3.266463182547881
7390,4,
7391,2,2.9136266372065878
7392,1,1.0181409440928528
7393,1,1.3196369973612634
7394,2,3.672463010516384
7395,1,2.0161504791488074
7396,1,2.4223842903832127
7397,1,1.7084557654541586
7398,1,3.062421703289259
7399,3,2.1084697706729023
7400,5,1.80532889286132
7401,3,2.079027705959305
7402,3,1.1638337224234203
7403,3,1.9289383511538716
7404,3,1.9047568992862358
7405,4,2.0610191495298977
7406,2,1.5848361298601599
7407,2,2.0328767856734236
7408,4,2.8549584451722807
7409,4,1.6314964941702854
7410,4,2.2285019882330985
7411,4,2.116504310759564
7412,4,1.669746593252815
7413,2,1.8372973649940971
7414,4,1.2817341326193084
7415,2,1.3955663239465308
7416,4,1.4073758141232133
7417,4,1.1525532424602751
7418,4,1.4236036733219009
7419,2,1.0849469207004472
7420,2,1.9234843459525586
7421,2,3.0030562279908497
7422,2,2.3308421881884565
7423,2,
7424,2,2.0847498997455216
7425,4,1.2156178884106232
7426,1,2.293099483306587
7427,1,1.2375143579598913
7428,1,2.293099483306587
7429,0,1.034843357981545
7430,1,1.1402432039921935
7431,0,1.3793278016590524
7432,0,
7433,1,1.9433534388346816
7434,1,2.3351722073122265
7435,0,2.119818069356562
7436,0,2.2958500326495686
7437,0,1.693405447808867
7438,0,1.693405447808867
7439,0,2.6454430106574103
7440,0,1.623465715144835
7441,0,1.7440986594693575
7442,0,1.7441862237746248
7443,0,1.9556305867227899
7444,1,3.0928463791078427
7445,1,1.1666432890349474
7446,0,1.4502977967775
7447,3,0.9685086146299117
7448,4,
7449,4,1.90457957371421
7450,4,2.1002664787347585
7451,0,
7452,0,1.5072189123601767
7453,0,2.3617176871243593
7454,0,1.7234195300153514
7455,1,2.1232283511244856
7456,1,2.3062259183555804
7457,0,0.8972374838367121
7458,0,1.4044166753911498
7459,0,1.1796200334608467
7460,1,1.6869963995975812
7461,1,1.6869963995975812
7462,1,2.1221600822297977
7463,4,2.207693866649211
7464,4,1.4005723130505623
7465,1,1.675753676258629
7466,4,2.4918208133859596
7467,1,2.051793492820355
7468,1,1.0208713306125923
7469,4,1.143885195904892
7470,0,2.852038626243847
7471,1,2.5591415911442774
7472,1,2.5591415911442774
7473,2,1.4292871722562102
7474,4,1.8682224576813498
7475,4,1.5472809224658455
7476,4,1.6381373411915927
7477,3,2.2807259221897813
7478,3,1.1596142317166438
7479,3,1.8622489345712119
7480,3,1.7221471894842502
7481,3,2.6769028652790654
7482,3,2.086232323230819
7483,3,2.486439634726276
7484,3,2.158000699886139
7485,3,1.2793803564209685
7486,3,1.6423136135347047
7487,2,3.1191617579170305
7488,4,2.4827530966188815
7489,4,2.453868135829752
7490,4,1.9693214874136893
7491,4,1.3072222210348403
7492,1,0.8654318290231803
7493,1,1.6942791653249074
7494,0,1.5335765057288526
7495,0,1.591173622218121
7496,0,1.8160025565162408
7497,0,2.0906809547449248
7498,1,1.542145814327196
7499,0,2.2420926026611876
7500,4,1.8122218843941964
7501,0,1.9875499448038016
7502,4,1.3366336625241788
7503,0,1.9644947582293464
7504,4,0.9823316590749073
7505,4,2.5599461795069707
7506,4,2.5599461795069707
7507,4,0.9952043640412556
7508,4,1.219435304968894
7509,1,1.0003427445101998
7510,1,1.7024686057287781
7511,1,1.4645605890125868
7512,0,2.21619373441408
7513,0,2.21619373441408
7514,0,1.5053455901971111
7515,0,1.3186771902739398
7516,1,0.8982698114255439
7517,0,1.6320487247000606
7518,1,1.6126177080652482
7519,0,1.669748479125014
7520,1,1.9166708675099915
7521,0,1.4352207668309593
7522,0,1.0181032427629622
7523,1,1.039357641191339
7524,1,2.075691276906906
7525,1,2.075691276906906
7526,0,1.9900935049451167
7527,1,1.28558992241699
7528,4,2.019406768908915
7529,4,
7530,3,1.7856978902228307
7531,3,
7532,0,1.7822951574608745
7533,0,1.69266993536451
7534,0,2.1666482355072967
7535,0,2.3108714979974248
7536,0,1.1713219163155402
7537,0,1.57726310895774
7538,0,1.7483426089857892
7539,0,2.4161773998244542
7540,0,2.713815503003029
7541,0,1.5085279809430436
7542,0,1.9525790231423876
7543,1,0.9669118382705321
7544,0,1.5457377654666522
7545,0,1.382507995730117
7546,1,1.5206240297417968
7547,0,2.618980270070979
7548,1,1.2932908797202554
7549,0,0.9496877356804588
7550,0,1.5427836026209376
7551,1,1.0286411428371531
7552,3,1.2400193644905806
7553,0,1.812332666299864
7554,0,2.340836553717499
7555,0,2.143103510611314
7556,0,1.471947285577324
7557,0,2.145280611147321
7558,0,1.4139838841120065
7559,0,1.407698965784261
7560,0,1.2978482084579053
7561,0,1.5299456597726202
7562,0,1.026304003887936
7563,0,1.8896194186876287
7564,0,1.9813873336502466
7565,0,2.279468617863841
7566,1,1.596397268456455
7567,1,1.596397268456455
7568,0,1.885689817908382
7569,1,1.622483915030531
7570,2,1.2897999557186606
7571,3,0.8242091583502613
7572,3,1.6568771590743265
7573,5,2.017693987587472
7574,3,0.977331011397507
7575,3,3.276159865418887
7576,3,0.861562462114359
7577,3,1.2766904079013048
7578,3,1.0949045336027348
7579,4,2.0724444715007215
7580,4,1.5497898614700663
7581,5,2.683997164454754
7582,4,1.0654619858201797
7583,4,1.2537059987129975
7584,3,1.3219212538009368
7585,1,1.5618944315899046
7586,1,1.5618944315899046
7587,5,1.293361041650052
7588,3,1.5470947105334585
7589,3,1.550211144091127
7590,3,1.5067440993004264
7591,3,0.868121820461948
7592,3,1.5796191209485038
7593,3,1.9082103899917404
7594,3,1.7201478462800788
7595,3,1.8443226667268302
7596,3,1.8443226667268302
7597,3,1.1922826577527572
7598,1,2.617244423590191
7599,1,3.258994050260369
7600,1,3.05346097330884
7601,0,1.3706493590008335
7602,4,2.5273788416955485
7603,1,2.687720349434675
7604,1,2.426433184557148
7605,0,1.3706493590008335
7606,0,1.1684109116832615
7607,0,1.326030366873467
7608,3,1.3708040160875326
7609,0,1.4011337377934565
7610,0,2.8108363446583
7611,0,2.2694009262400754
7612,4,1.658647899311608
7613,1,1.9948888006693122
7614,4,2.121578418931047
7615,4,1.8662457140582707
7616,1,
7617,1,2.6725359009957805
7618,1,1.215228995304202
7619,2,1.9663382491106702
7620,4,1.1620902054932194
7621,0,2.6260044040812307
7622,4,1.4441007997373063
7623,1,1.596635988256813
7624,1,2.185246033145185
7625,4,2.2218237906243448
7626,4,1.5341511197848838
7627,1,2.039714597976211
7628,1,1.4370813083856526
7629,1,1.5522873896554648
7630,2,2.3542942251145127
7631,4,2.2535371305797707
7632,4,2.4763371940441257
7633,4,1.2564462610656246
7634,4,1.6840170885451768
7635,4,1.2393338481651304
7636,0,2.4293197312412502
7637,1,2.4019004477617534
7638,1,2.257153930877052
7639,4,2.5656273901857194
7640,4,2.606570992152327
7641,4,1.6033288389087221
7642,1,2.0189537581793258
7643,0,2.0162995414103215
7644,1,1.5614070473976847
7645,4,1.766788753804561
7646,1,1.08500038151388
7647,0,1.9032345032337408
7648,0,
7649,0,1.9244398785304362
7650,0,2.903423896945703
7651,0,2.269536603721053
7652,0,1.8225129610368662
7653,0,4.220350567333801
7654,0,3.468169984638103
7655,0,1.9425092444865895
7656,0,1.3198568327724594
7657,0,2.107390643336107
7658,0,2.2302160419387516
7659,1,1.0735811415481264
7660,4,1.0596757265252954
7661,4,1.0479438750760641
7662,1,1.2604191009312598
7663,2,1.757882504490453
7664,1,1.0546522956560391
7665,1,1.2476989964086618
7666,1,1.5512874821733462
7667,1,2.3611644554245186
7668,1,2.1353442549379142
7669,0,1.7081433957706875
7670,1,1.708772266832583
7671,1,2.3079674556208696
7672,4,1.7048162321708271
7673,4,1.192243712918544
7674,4,2.6184933770815824
7675,4,2.5437877244458607
7676,5,2.1398525657881136
7677,1,0.9478881949563354
7678,1,1.4483543852619152
7679,1,1.4483543852619152
7680,5,2.359253036751083
7681,1,1.8015868254373797
7682,1,1.605861703183561
7683,5,1.8726381419035518
7684,3,1.5407034553941257
7685,3,0.6798870449206402
7686,2,1.326358884841457
7687,4,1.0738085053666366
7688,4,3.6130788765816697
7689,4,1.3218215067457952
7690,4,1.7849046119096248
7691,4,2.582398943425381
7692,2,1.2529139222025074
7693,4,0.6594892867167501
7694,4,1.863236587014928
7695,2,1.126454015802756
7696,2,2.143498539975689
7697,2,1.7284798383044802
7698,2,1.5422072827342796
7699,2,2.4978514071692017
7700,4,2.0431087295055073
7701,0,2.0512061091749847
7702,4,1.7050233952014986
7703,0,2.1309209403006397
7704,2,1.7472719976633935
7705,4,1.7273651882747352
7706,0,2.0118031840732757
7707,0,2.2642474915630104
7708,4,0.9965833599414445
7709,0,2.615191851956684
7710,2,1.2754836698135714
7711,0,1.7897152834353014
7712,0,1.387001256485363
7713,0,1.006309430707313
7714,0,1.3659746951823368
7715,0,1.2368930437584735
7716,0,1.5186150456249525
7717,0,1.9193441980568875
7718,0,1.4229590594224497
7719,0,1.7691930293898035
7720,0,1.52358222389751
7721,4,1.2427524511427743
7722,0,1.33301466930305
7723,0,3.0264252178074575
7724,1,1.7353492785317728
7725,1,2.658705774328975
7726,1,1.239901006159162
7727,1,1.396853154913493
7728,3,1.943260092781856
7729,3,2.138482620821489
7730,3,1.5653515397656734
7731,3,1.841110482103542
7732,0,1.6912032739577667
7733,0,1.2170490848303406
7734,0,1.0837822917732758
7735,0,2.981653110877368
7736,0,2.6178071245142935
7737,0,2.2561105761140188
7738,1,1.953271283144928
7739,0,1.040184544730166
7740,0,1.279562685465513
7741,1,1.1979985508624365
7742,3,1.8108706254400837
7743,3,2.120916668876283
7744,3,1.800653873949272
7745,2,1.5553571286488233
7746,1,1.9507587471344128
7747,1,1.9654534702289743
7748,3,2.2301751284322044
7749,3,1.2712972385701795
7750,1,1.2549945686955117
7751,1,2.090477370455597
7752,1,2.090477370455597
7753,3,1.3483525950708843
7754,0,2.457347121267592
7755,3,1.7784747856882965
7756,3,1.4940582224563363
7757,3,1.981112322612576
7758,3,2.087672560329077
7759,0,1.6853198708390755
7760,0,1.2712346686031895
7761,0,1.5805926778891326
7762,0,1.5805926778891326
7763,1,1.039313002337021
7764,1,1.205767561319873
7765,1,1.0596378484167497
7766,1,2.2714320954364844
7767,0,
7768,0,2.2436190841194854
7769,5,2.073010259171237
7770,1,2.334703962639079
7771,4,1.1538696554786063
7772,1,2.7278601632732737
7773,1,1.2703175480774824
7774,3,0.9871732449255184
7775,5,1.3332932591957227
7776,5,2.4349132728791765
7777,5,1.8863496905485997
7778,5,1.3883276171749868
7779,5,1.1565061443328075
7780,5,1.4718619370856731
7781,5,2.360276563395094
7782,5,2.0915169642928664
7783,3,0.937297716263407
7784,5,1.4044542303460463
7785,3,1.9292330989111077
7786,3,0.8969997317821553
7787,3,1.1445329868016128
7788,4,1.0273318540850178
7789,2,1.168455838501366
7790,0,1.3008220251152254
7791,1,1.5701175958132099
7792,1,2.1033521341435937
7793,1,2.1033521341435937
7794,5,1.5703708407539534
7795,1,1.8550613932861986
7796,0,2.877639444849773
7797,0,2.97950307204306
7798,5,2.8032330246959525
7799,0,3.2584159865555775
7800,0,1.23483648541089
7801,0,2.877639444849773
7802,0,2.97950307204306
7803,1,1.2674779274094834
7804,0,1.302455459023285
7805,0,0.9536499982415281
7806,0,1.9571651906321545
7807,0,2.035252582049254
7808,0,1.8820359034916598
7809,1,1.3600449076884378
7810,1,1.8514966164918192
7811,1,1.7106243632104172
7812,1,1.8818387196391066
7813,3,1.2321162143719915
7814,3,0.8268979865304619
7815,2,1.7948228696865687
7816,2,1.9183007571486
7817,3,1.5409090305973072
7818,3,1.5946884073290026
7819,4,1.008075719176244
7820,5,2.064538602428386
7821,4,1.1678557275835193
7822,4,1.1651172850012885
7823,3,1.4809488386870082
7824,3,1.4460852568307638
7825,3,2.9219097485258403
7826,3,2.5876586214418174
7827,3,2.897666269922933
7828,5,2.1203724315853307
7829,3,2.297827407864162
7830,3,1.4751138556955754
7831,3,2.3136610759323397
7832,3,1.3911192856701005
7833,1,3.273331921071212
7834,2,1.9046956596722735
7835,1,1.3341133111374501
7836,1,1.3352180711848916
7837,1,1.0787263421049893
7838,1,1.0787263421049893
7839,2,2.010304899663641
7840,1,1.525170774200476
7841,5,2.0295136595477365
7842,5,1.667680057469445
7843,5,1.8540627874601585
7844,5,2.3553833748840156
7845,5,1.6995983676785262
7846,1,1.1592024972202106
7847,1,2.2471538855599955
7848,1,1.0462913375719844
7849,1,2.4606588278434427
7850,1,0.9492549745609448
7851,1,1.3839008721995922
7852,1,2.9575249936516057
7853,1,1.3542589794598758
7854,2,0.877074302723497
7855,2,0.9923942345177926
7856,4,1.8564887924846452
7857,0,1.7761022560764201
7858,4,1.6460117651688715
7859,4,1.3257886987644825
7860,1,0.9474068526938025
7861,1,0.7081255885537772
7862,1,0.9932677407332461
7863,1,0.9478341751773979
7864,1,2.32281459466011
7865,3,1.171156301748393
7866,1,1.6428540979080717
7867,4,2.50573249298715
7868,2,2.9699512588181713
7869,2,2.181416183269377
7870,3,2.1495464807645215
7871,3,2.0142407990076867
7872,1,1.7188731546580085
7873,2,
7874,4,1.909727491718149
7875,4,1.7714151787750885
7876,4,1.7110156264383964
7877,3,
7878,3,
7879,3,1.8241987214872624
7880,3,1.4182491094354337
7881,3,1.2474591814118505
7882,1,1.5792401820537643
7883,1,1.5588791127325023
7884,1,2.4169743260236762
7885,1,1.5348910536644245
7886,0,2.4673905187321235
7887,0,1.1570357148115442
7888,0,3.596636505429867
7889,0,2.9288535690361455
7890,0,2.4673905187321235
7891,0,1.827974006582267
7892,1,1.573455809021922
7893,1,1.4434629558366623
7894,1,1.4326961543153622
7895,0,1.867380659506315
7896,1,1.0453301692114318
7897,3,1.7742197410917255
7898,3,
7899,1,
7900,1,1.0896081575216157
7901,2,1.8140320556503864
7902,1,2.604903821815377
7903,1,2.604903821815377
7904,2,1.4488454021943535
7905,4,1.7759385471786702
7906,4,1.9768960827653972
7907,2,1.2413134775921493
7908,2,2.1293261560005874
7909,4,
7910,2,1.5350863388389042
7911,2,2.1287624539595313
7912,4,
7913,1,1.0941051505702486
7914,2,
7915,1,0.98964499623462
7916,2,1.2606401789565216
7917,2,
7918,0,
7919,0,1.181097086024194
7920,4,
7921,4,
7922,1,1.3802794433069283
7923,1,1.3874001703832686
7924,1,1.228562571246522
7925,4,1.7182974134157174
7926,1,1.5060619859510862
7927,1,1.9189551506741855
7928,1,1.877427978641092
7929,1,1.6056643383052074
7930,1,1.6919485685615065
7931,0,1.9646889994628527
7932,0,2.0254855684156614
7933,0,2.5687087348746718
7934,0,2.6360910657437753
7935,0,1.3592114801137791
7936,1,2.6359157844999075
7937,0,1.9122690859812241
7938,0,1.4523998987026896
7939,0,1.462962062112704
7940,4,1.7903354626932537
7941,1,1.329163771258948
7942,2,1.4309826251760875
7943,3,1.6664224917754864
7944,3,1.3290143548867426
7945,3,1.8402751624720668
7946,5,1.1250367986144456
7947,3,1.9401479687930245
7948,5,1.5644922219786488
7949,5,2.272058707959412
7950,3,1.4418223693714007
7951,3,1.471177736656094
7952,5,1.238275241247296
7953,5,1.4736269904003132
7954,3,2.140791794098965
7955,4,0.9138805594811115
7956,5,1.6465303571402783
7957,1,2.039253066068366
7958,1,2.350784593021429
7959,1,1.1216687995632082
7960,3,1.131896701502887
7961,5,1.6685313832615514
7962,3,0.912624304005595
7963,3,0.9074293008022366
7964,3,
7965,5,2.391662991805017
7966,3,
7967,3,1.2302799005003127
7968,3,1.2302799005003127
7969,2,1.0629931930034984
7970,2,1.627414864586193
7971,4,2.2215265817394005
7972,4,1.9995181021749306
7973,4,
7974,4,
7975,4,1.3647840558570947
7976,4,1.401986853195094
7977,4,1.0700009726235775
7978,2,2.290679258207891
7979,4,1.503751271085669
7980,5,1.6812388345254812
7981,3,0.6329201977746404
7982,4,1.7928522789018668
7983,2,2.1444109172510912
7984,2,1.866159900531889
7985,2,1.673364871464232
7986,4,1.9622210727794047
7987,4,1.5244508919142739
7988,4,2.619196841109244
7989,4,1.7256598655405164
7990,4,1.3739597173712477
7991,4,1.1927791713529838
7992,4,1.2404083035769038
7993,2,1.5087382267768892
7994,2,1.785846759321523
7995,2,1.625310061832371
7996,1,1.6009566067775427
7997,4,1.7866403597715754
7998,1,1.6651739349232038
7999,4,1.98807387495486
8000,4,1.9982490213227435
8001,4,2.284066518571544
8002,5,1.3296988334314976
8003,1,2.4885608134636708
8004,1,2.540431564322676
8005,1,2.172491767200899
8006,1,1.9960346176142687
8007,1,1.9960346176142687
8008,3,
8009,3,1.7645452596435978
8010,5,1.644587307030802
8011,5,1.8368257727133077
8012,5,2.2668232927078016
8013,5,1.5022317365241882
8014,3,1.6741674959791475
8015,5,1.4845907032089187
8016,5,1.6051244310052903
8017,5,2.295153812343106
8018,3,1.853036276117239
8019,3,1.5595149094254235
8020,5,1.1383379708110826
8021,5,2.1031654801009747
8022,5,1.4248362701836883
8023,3,1.1657447553622517
8024,5,0.8561604623228611
8025,5,1.9703938904446472
8026,3,1.3756867086686722
8027,3,1.3966072569827985
8028,3,1.24050660037263
8029,5,1.9404290558591661
8030,5,1.7832457585659651
8031,3,1.143615319910041
8032,3,1.1333598360975856
8033,4,2.6269216872169694
8034,4,3.1172564347708596
8035,2,1.7762087312936186
8036,2,1.3939610174844856
8037,5,1.8526526801337544
8038,4,1.8959682478836941
8039,1,1.3371825156908737
8040,2,2.329266810833231
8041,2,1.9097194234986459
8042,4,1.9093192360220004
8043,5,1.593258226323219
8044,3,1.5216467740437856
8045,3,1.4648295921895633
8046,2,1.5632085417023274
8047,5,2.4142627327682513
8048,4,2.081637961084295
8049,4,2.081637961084295
8050,2,1.6717192468309352
8051,2,1.9305803909980617
8052,2,1.3793274795955723
8053,2,2.2112136657337267
8054,1,2.7799522372657064
8055,2,1.5610141088106533
8056,4,1.8629612102928852
8057,2,1.1375138018140096
8058,5,2.0712542697019614
8059,3,1.427497137304525
8060,3,0.6341202987963499
8061,5,
8062,2,1.3044178856712114
8063,5,1.2594264805186806
8064,5,1.5531389066559267
8065,5,1.7303277899562206
8066,5,1.9096653267830774
8067,5,1.90053676337088
8068,5,2.0192270634193474
8069,2,1.7207450451617354
8070,4,1.0082339415742632
8071,4,1.3789287032956175
8072,2,1.8386469879310565
8073,2,2.1025308681734804
8074,2,1.7095638525089507
8075,4,1.2059417619704644
8076,4,1.0989895635077607
8077,2,1.8762155859439105
8078,1,1.4422255936241666
8079,1,1.719141555812829
8080,4,0.46806702340636336
8081,5,1.289424358756332
8082,2,1.8120855438337486
8083,4,1.2212010654794208
8084,2,1.4477234940154302
8085,2,1.3203490327798413
8086,4,1.0146187909098112
8087,2,2.8214651508494866
8088,4,1.116883257482951
8089,5,2.248638867238335
8090,4,1.0867139142837134
8091,5,1.5854057730570699
8092,2,2.4860833024686015
8093,5,2.3206393181832707
8094,2,1.6642363366465711
8095,2,1.6642363366465711
8096,2,0.9880211479301848
8097,2,0.9359534300892386
8098,5,1.0179861259484686
8099,2,2.2462610553323294
8100,5,2.6190109461020326
8101,5,1.400039712268239
8102,5,1.6981067801874064
8103,5,3.5389850645187333
8104,3,1.0154744726461742
8105,5,3.1946738674511495
8106,5,2.673029040883522
8107,5,2.2381713269269534
8108,5,3.6848176982190006
8109,4,1.3493802023741714
8110,2,1.9933957479865039
8111,1,1.2141805444946183
8112,1,0.6950393137726818
8113,1,1.007050511851112
8114,2,1.3363630936545101
8115,1,1.4283373614393478
8116,1,1.0096719658635267
8117,1,1.582987636262238
8118,1,1.3890293841467463
8119,1,1.613034425535407
8120,3,2.136619366274012
8121,5,1.892019645326907
8122,3,2.490996098666549
8123,3,1.8025929081671401
8124,3,1.8465853291773595
8125,3,1.1119301523745777
8126,3,2.2080704091887045
8127,3,1.5517006586866922
8128,5,1.924566365842673
8129,5,1.8182519450447288
8130,3,2.4736045361684327
8131,3,2.3373536602699434
8132,3,0.9100571344744401
8133,1,2.4984765617129296
8134,1,2.4984765617129296
8135,1,1.228493461220419
8136,1,1.874552131804186
8137,0,2.776937219112037
8138,0,2.4076222976299473
8139,1,1.1358703179319638
8140,1,1.527126385888068
8141,1,1.7848050837470744
8142,1,1.7848050837470744
8143,1,1.3709086209516486
8144,1,2.6806907108781357
8145,0,1.5730657410388382
8146,0,1.3501787057042614
8147,2,1.6737686313341198
8148,4,1.7923735180968898
8149,4,
8150,2,1.9413365838213066
8151,0,1.4574245177445138
8152,1,1.1228870380313944
8153,4,
8154,4,1.3945291629019723
8155,2,
8156,0,2.8728650163428555
8157,0,2.1766165458033355
8158,1,
8159,0,2.2173542006948357
8160,0,2.2173542006948357
8161,0,3.221137068982867
8162,1,1.2811438229287413
8163,1,
8164,0,2.276292820775124
8165,1,1.3834977172309404
8166,1,1.5379529685661102
8167,4,
8168,4,1.5297683123965842
8169,4,1.9446757082640145
8170,1,2.0143703399461517
8171,1,2.0143703399461517
8172,3,1.0397439867732197
8173,5,1.2512563812905697
8174,5,2.481677000070587
8175,5,2.6480679082900616
8176,5,1.323677101699054
8177,5,1.2661041007081557
8178,3,3.109102607459571
8179,3,3.191322062885136
8180,4,0.9970268138443835
8181,2,0.9961012631790036
8182,2,1.9053307772750823
8183,2,1.6973301131075793
8184,3,1.9523502865434976
8185,5,1.8807568835711066
8186,3,1.3183205101969115
8187,5,1.197709661973535
8188,2,1.176393251451073
8189,4,1.2805371524017364
8190,4,1.7703662846432926
8191,2,1.7057071906098629
8192,4,1.9973118062110162
8193,2,1.6035849721607753
8194,2,1.4338173264999006
8195,4,1.9203951596701927
8196,1,2.1058321131963478
8197,4,2.2555661269578184
8198,2,3.0747199774540754
8199,2,2.05658061176731
8200,1,1.4191261085340938
8201,4,1.1429636345096454
8202,2,1.3504656517005218
8203,4,1.1581760629206346
8204,2,2.2199296577462113
8205,2,3.265827183541491
8206,2,1.514463498654432
8207,2,2.097868581078627
8208,2,1.5839316497412932
8209,2,2.826553365532298
8210,2,2.3176104134829885
8211,2,2.097868581078627
8212,2,1.8790629117667699
8213,2,1.4316860252228103
8214,4,1.1949115972781021
8215,2,1.5361838478811976
8216,5,1.8571864295137672
8217,5,0.8250263039106109
8218,3,1.8428265569081317
8219,2,1.8281771128272928
8220,3,1.0017352875344046
8221,5,1.1439954561112438
8222,1,
8223,1,1.3476137215979729
8224,1,1.635200504542415
8225,1,
8226,1,1.120278808099882
8227,0,1.8884397248271587
8228,2,1.633447451404875
8229,1,1.120278808099882
8230,0,1.701909069956247
8231,0,2.209112269801854
8232,0,1.875223467664909
8233,0,1.434018888186496
8234,0,1.6195782061659985
8235,0,1.539752405560193
8236,5,2.2985569227786384
8237,1,2.8176316640898658
8238,5,2.3725971831129002
8239,1,0.9624459166822786
8240,1,4.891271318205996
8241,1,4.891271318205996
8242,5,
8243,5,1.9943667129653353
8244,3,
8245,3,
8246,3,
8247,1,1.495639312422635
8248,3,2.9403301718950634
8249,2,1.2979401736063405
8250,3,2.9403301718950634
8251,1,2.0699019396359897
8252,4,1.2412397197068985
8253,5,2.5836007210225373
8254,5,2.076576933893666
8255,5,2.6904550226053185
8256,3,2.774975194696533
8257,3,2.3673026371018717
8258,3,2.3673026371018717
8259,3,3.294442492869844
8260,3,1.3448173477039065
8261,5,2.3516745436478934
8262,5,1.223301075822143
8263,2,1.6424024402320492
8264,5,2.3516745436478934
8265,5,1.4155304265558373
8266,3,1.5864166281759107
8267,5,1.8817520650595885
8268,2,2.056002816921214
8269,3,1.3948903527297931
8270,3,0.8935911779887121
8271,4,1.9659083810515146
8272,4,1.5805792405672614
8273,4,2.6871955138103285
8274,1,1.5420279202108045
8275,4,1.9417780735153016
8276,2,1.8507515238939998
8277,2,1.6195086998224557
8278,2,
8279,4,1.5067636515347351
8280,2,2.0799770177125416
8281,1,1.5548816949694138
8282,1,2.1847499569578486
8283,1,2.445099664777047
8284,1,
8285,1,
8286,1,1.4211343015114533
8287,4,0.9370026091164508
8288,3,0.7508893099030117
8289,5,1.3932374893871393
8290,5,2.194561742995537
8291,4,2.67667607359703
8292,2,2.688704767101561
8293,5,1.3639544933835535
8294,3,1.3896892160055607
8295,5,2.4996260621289066
8296,1,1.7872727772845083
8297,1,1.7872727772845083
8298,3,2.9786947421068715
8299,3,3.164221852981258
8300,5,1.6271801550614262
8301,5,0.9856192991856241
8302,1,1.3182211887936617
8303,3,0.8387600312178608
8304,3,2.2482304533894353
8305,5,1.4852753552174722
8306,3,1.6761685809774851
8307,3,0.8101301416733474
8308,3,0.8677945095585488
8309,5,1.0319259772593088
8310,2,1.98524012127692
8311,5,2.2399115911085756
8312,2,2.349100998445469
8313,3,1.1610268245337718
8314,3,1.5292906169122866
8315,3,1.5292906169122866
8316,5,1.595427927688395
8317,2,0.9957892189929246
8318,2,2.1774101419724974
8319,4,1.3572369112299631
8320,4,0.9092212418252372
8321,2,1.6489572366496534
8322,4,1.272736263363872
8323,2,2.0168299339304516
8324,2,
8325,2,4.294323508361003
8326,2,2.2759564675725317
8327,2,2.01520466802638
8328,2,2.01520466802638
8329,2,2.9590705262860895
8330,2,3.2289532802091
8331,2,2.716929067701484
8332,2,5.050752846816817
8333,2,3.547631851682311
8334,2,2.194235171406981
8335,4,1.9812413402308209
8336,1,2.543436294635224
8337,1,2.936723787168579
8338,4,1.1085429246008942
8339,1,0.9574550455070407
8340,5,
8341,3,
8342,2,
8343,2,2.05707616570523
8344,2,1.956374551672254
8345,2,1.4030950906778807
8346,2,1.4430212172300496
8347,2,1.6835312840121055
8348,2,1.1055175257376386
8349,5,1.6292261269687442
8350,2,2.327026783440185
8351,4,1.7701676931798638
8352,4,1.5714202805374844
8353,5,2.7645238013541635
8354,5,2.3726615174671988
8355,2,1.4447799686428782
8356,2,1.4161513476593326
8357,2,2.2062508103316376
8358,2,3.2884723639168225
8359,4,0.8919645871783505
8360,2,2.104895559799738
8361,3,2.1593595889593007
8362,1,1.798385968463593
8363,1,2.3216976289933484
8364,4,1.6494345206159973
8365,5,2.7883269769942247
8366,2,2.4816761650627055
8367,4,1.1009897688477217
8368,4,1.5622250576447367
8369,5,2.3916124521492144
8370,5,2.67589540551744
8371,2,1.82441267837415
8372,4,1.5255495054638997
8373,4,1.18641233237791
8374,4,0.913620313972194
8375,5,3.158665484714015
8376,3,1.8573038142711111
8377,3,1.5516790564753613
8378,3,2.349492329680348
8379,3,2.8688288298213758
8380,4,2.0724813287066186
8381,5,2.4513764656586594
8382,5,1.796629411043288
8383,5,1.9539784588447426
8384,4,1.4459150314551663
8385,5,1.73126910526833
8386,4,1.6164238347455273
8387,2,
8388,3,
8389,3,1.6935134552516584
8390,4,
8391,4,
8392,4,
8393,4,
8394,4,0.802261432694229
8395,0,
8396,0,
8397,0,
8398,0,1.718078381066353
8399,0,
8400,0,0.850901977250228
8401,0,
8402,1,1.441684483094628
8403,1,1.4217938268556323
8404,1,1.532177278260781
8405,1,1.8801124597145504
8406,3,1.739719736251143
8407,1,1.8263604028687872
8408,1,1.8753751102129603
8409,0,1.8977145736627339
8410,0,2.210972486164405
8411,0,2.447265012510093
8412,0,1.3857281098897696
8413,0,1.7336692858222746
8414,3,1.5705533202525255
8415,0,0.9528925824862147
8416,3,1.9840430372264242
8417,3,1.7237088642739766
8418,3,1.37414127427004
8419,1,1.7600723116344954
8420,1,1.2343921520448928
8421,3,1.7066723143784024
8422,1,2.257486431104777
8423,0,1.7332373210565752
8424,0,1.7748190379537536
8425,0,
8426,0,1.5613816443495065
8427,0,1.3680886777447434
8428,3,1.8785145656937883
8429,2,1.115806476880406
8430,0,2.731651975554446
8431,0,2.5814524849815976
8432,1,1.0991806165543947
8433,1,1.4299460680782152
8434,3,2.597032270033238
8435,1,1.5873612983783787
8436,1,2.1705514899258267
8437,1,2.0244953336310134
8438,0,2.1574119712439837
8439,0,2.3734521833241513
8440,1,1.5619231124770925
8441,1,1.6156278299231983
8442,0,2.318028339104614
8443,0,1.5134023235662772
8444,0,2.0037703929642383
8445,0,1.8418606000799367
8446,1,1.919678313077065
8447,0,1.6555768113950635
8448,4,1.30944887206045
8449,1,2.2581795860330542
8450,0,2.4493202552243036
8451,0,1.2093941141154718
8452,3,1.293174270894152
8453,3,1.8837828050442949
8454,3,1.4002859543127961
8455,0,2.0339773098567155
8456,0,2.7656782664031025
8457,0,1.6018843564882996
8458,1,1.6546388338387898
8459,1,1.6383417011818382
8460,3,1.5636489933560822
8461,3,0.9815418293857899
8462,3,1.665495236539247
8463,3,2.2576447068543715
8464,1,2.083765827243659
8465,1,2.842095553907912
8466,0,1.7760279405897503
8467,3,1.419917035800492
8468,1,1.6772612807660419
8469,1,1.2182263022806863
8470,0,2.4002137611351464
8471,0,0.8833357076554768
8472,0,2.5379356136351974
8473,1,2.072966141609151
8474,0,2.457592170090684
8475,1,2.303815168816291
8476,0,2.058172484258617
8477,1,1.7303963797699466
8478,0,1.8878233456806461
8479,0,1.6570208376651983
8480,0,1.843678475812647
8481,0,1.5100024750795773
8482,0,1.901605921564747
8483,2,0.686811954869379
8484,4,0.8755349093258958
8485,2,2.0834056096261695
8486,4,0.92182998982411
8487,4,0.9723394304728775
8488,4,1.5254187123166263
8489,2,1.9368949324895262
8490,2,1.4186248973080267
8491,4,1.3446908540612208
8492,4,1.4925328458285156
8493,2,1.7669573219684398
8494,1,1.3968300491405798
8495,1,1.3968300491405798
8496,5,2.4986003277370683
8497,5,1.4464747205366086
8498,5,1.8388000798269282
8499,3,1.514235716769599
8500,3,1.3252290723814548
8501,5,2.9298247862897204
8502,3,2.210150334361463
8503,3,1.7778299090050635
8504,3,2.7189343203760252
8505,3,1.228962562850354
8506,4,1.3219023623240713
8507,3,1.2591847741800002
8508,3,1.938279988849479
8509,3,1.7602437548614882
8510,3,2.033059179720826
8511,3,1.7060957640099659
8512,1,2.413634503855266
8513,2,1.407272092035744
8514,0,2.41426058325979
8515,0,2.12119340252339
8516,4,1.4067216926869637
8517,5,3.098245337360622
8518,5,2.671428929902841
8519,1,3.1790504967883355
8520,1,2.9282384597679476
8521,3,2.8148312860315414
8522,3,2.7170687514627274
8523,3,1.9350400073050622
8524,3,1.3976139128976584
8525,3,1.9350400073050622
8526,3,1.4917829368402666
8527,5,1.950308439750303
8528,1,0.9130785001074285
8529,1,1.1624509890024481
8530,0,1.376102542988678
8531,2,1.2521923431346413
8532,4,0.9100804756797961
8533,2,1.309001602062665
8534,0,2.8217138434189404
8535,0,2.247314184091858
8536,1,1.4348424431479845
8537,0,2.357094090343269
8538,0,0.9458201950543864
8539,1,0.9298631032765554
8540,0,1.3376602212467654
8541,1,1.1022026815311863
8542,1,1.9460296243123891
8543,0,1.392205376912568
8544,0,1.3759016320954531
8545,1,3.0944024472323437
8546,1,2.6255955134940714
8547,5,1.5039495436860102
8548,1,1.7876867194826478
8549,0,1.8811211657438252
8550,0,1.5432557672352627
8551,0,1.344748902060903
8552,0,1.6268009552345195
8553,5,2.0194876454072883
8554,0,2.3606956286790717
8555,3,0.9549104730581676
8556,4,1.6248116017870144
8557,0,1.293031368247117
8558,0,1.5692842672442497
8559,0,1.3895438685511532
8560,3,1.1729852135659413
8561,0,
8562,1,1.1446844982433109
8563,1,1.5020907035017927
8564,0,
8565,0,1.2821907335645255
8566,0,1.4986679947474717
8567,0,1.65217810649299
8568,0,1.572208762014895
8569,0,1.3564544828792373
8570,0,2.012690202709229
8571,1,0.9513875979579752
8572,0,1.0990265271465964
8573,0,1.3366427252982274
8574,0,1.8393405384886812
8575,0,2.354944102043975
8576,1,2.559925876516871
8577,1,2.411860538526028
8578,1,1.6418820492347035
8579,0,1.0714385442764316
8580,0,1.5403494813531278
8581,0,2.5270086009845834
8582,0,1.8836867013092045
8583,0,3.4007213025694494
8584,0,2.7017592367595977
8585,0,1.8838389346004385
8586,1,1.149327770306674
8587,1,2.194674099808195
8588,0,
8589,1,0.8878343837415534
8590,0,2.0541418919147714
8591,0,1.8470726078236142
8592,0,1.7379736327589657
8593,0,2.413005103304897
8594,0,2.017460885503277
8595,0,1.8967190420827171
8596,0,1.827528732212222
8597,0,2.2060573112595376
8598,0,2.2376293435488956
8599,3,1.30925171399461
8600,1,1.06737683592519
8601,1,1.503827293988248
8602,0,2.184211980970444
8603,0,1.5036306621649314
8604,0,1.2640094553670038
8605,2,1.5844800718949443
8606,2,2.4454658795153463
8607,2,1.5360976799915536
8608,2,2.292780501202139
8609,4,2.0418322846305914
8610,1,1.6101471566438317
8611,1,2.088075204398165
8612,1,2.2040499193130825
8613,1,2.1422790460097865
8614,4,1.3132931917507584
8615,4,1.0660680140340721
8616,4,1.4735638225063001
8617,2,1.8389114394273318
8618,4,1.3534090387413462
8619,0,1.7128034664452605
8620,0,2.1967273910871166
8621,0,1.7128034664452605
8622,0,2.2112436244568574
8623,0,1.930778014416104
8624,0,1.0589756386588018
8625,1,1.7646627661783112
8626,5,1.1402840702174681
8627,0,1.804988596552031
8628,3,2.82282739033712
8629,3,1.4060650318125931
8630,3,2.82282739033712
8631,4,1.6669509963403137
8632,3,1.8589248770254385
8633,3,2.1345408038274885
8634,4,1.427424319988974
8635,5,1.9970833593851984
8636,5,
8637,3,1.1228152859463978
8638,5,1.221478690361712
8639,2,
8640,2,
8641,5,1.647222756258141
8642,2,
8643,5,
8644,5,
8645,4,
8646,1,2.0334644359884257
8647,1,2.0334644359884257
8648,4,1.4662976267749863
8649,4,1.2918796478175338
8650,5,2.3814450248607106
8651,5,3.7555326721888815
8652,4,0.8850561256098038
8653,2,
8654,3,1.7098040364768339
8655,3,2.5192449814027396
8656,3,0.977912477755513
8657,1,1.3782108437612355
8658,1,1.2384075249370112
8659,3,0.99544387777728
8660,5,1.6387733594923994
8661,3,0.8981797251573661
8662,5,1.4422139113911117
8663,5,1.9052546916558049
8664,3,1.3728265211821715
8665,4,0.9632962246392919
8666,4,1.5487306585529608
8667,0,1.4735712566229482
8668,1,1.5754839480981917
8669,1,1.8896891790405086
8670,2,1.8615109409100214
8671,0,1.3743799812484645
8672,0,1.3743799812484645
8673,0,1.3787755535281738
8674,0,2.355722931947756
8675,0,
8676,1,
8677,0,2.0810455603274893
8678,0,2.157762958292419
8679,0,1.657668566639633
8680,0,1.9362308057579811
8681,0,1.7728725642436836
8682,0,2.0888293866514376
8683,0,1.961730564398454
8684,1,2.649464206357615
8685,5,2.0434417489533345
8686,1,
8687,1,2.0804946000058533
8688,3,2.7489285842415274
8689,1,1.4238854445910267
8690,5,1.562592860826815
8691,1,2.434901334077754
8692,1,1.838259933042895
8693,5,1.5809284000970185
8694,3,1.7593161564414705
8695,3,1.5504841675045662
8696,2,1.9236029703458646
8697,5,2.2255929468964886
8698,3,1.7649889085006654
8699,5,1.7681148077314928
8700,5,2.2177550028478046
8701,3,1.2973851782819035
8702,2,2.7352139986383937
8703,2,2.5723912237844746
8704,2,2.677603918483962
8705,4,1.1991643946151318
8706,2,1.5888572308366924
8707,2,
8708,2,1.6743901310076343
8709,1,0.9966547813371426
8710,4,
8711,2,1.8334715079349984
8712,4,1.6436452433239275
8713,5,
8714,4,1.6041870263182905
8715,4,1.347747217869823
8716,3,2.2893598929897587
8717,2,1.6697965838207973
8718,4,1.6666248414454856
8719,4,1.611173986013579
8720,4,3.36359423386912
8721,4,2.821908517030951
8722,4,
8723,4,1.3927577511621363
8724,1,1.5746498509445455
8725,1,1.624200640343225
8726,3,1.2598465224108166
8727,3,
8728,3,
8729,3,1.7564102880509083
8730,3,1.4309120073013295
8731,3,2.3342725252845837
8732,3,1.9888025480725158
8733,5,2.052833095760981
8734,3,1.6898242065797262
8735,2,1.542559375843326
8736,1,1.9873667829152797
8737,1,1.730407884680773
8738,5,1.679838619756852
8739,3,1.258653280555028
8740,3,1.1959608244762754
8741,3,1.5891531217901893
8742,3,1.3570410441013463
8743,3,3.0335007993465464
8744,1,0.8153153567041057
8745,1,1.4322476781799989
8746,5,1.45521211920399
8747,3,1.1704515684882495
8748,5,
8749,5,1.8107401953816136
8750,4,1.3623273134629346
8751,4,1.3404585842725298
8752,5,2.476625316697692
8753,2,
8754,4,1.0179010077325905
8755,2,
8756,2,
8757,2,2.3688172304426236
8758,4,
8759,4,
8760,4,
8761,4,0.820082219903658
8762,4,
8763,4,
8764,4,
8765,4,1.3788277834319178
8766,4,2.7520256779098564
8767,1,2.04305224192885
8768,1,0.8488336422680841
8769,4,1.1033632249302556
8770,1,1.8626295235734365
8771,1,1.1528114905112654
8772,1,1.1961277394366365
8773,1,1.3362957730250327
8774,0,1.5516151770041182
8775,1,2.2527723607916164
8776,1,1.3557184928211883
8777,3,2.189395070477838
8778,3,1.202749544851211
8779,5,1.669962148635795
8780,5,1.4781069072501773
8781,3,2.7567876788107633
8782,3,1.4870184757303537
8783,3,0.7163981288049763
8784,3,1.3100390371803845
8785,3,2.131007330336829
8786,2,1.1357427178113053
8787,3,
8788,4,0.5961176304303207
8789,5,1.7669593549294804
8790,4,1.753323545443013
8791,2,1.6530567166901424
8792,2,1.447149941811306
8793,4,0.7570659117939249
8794,1,1.1794996362633838
8795,2,1.1261691167064791
8796,0,1.4492490715459971
8797,4,1.3171309753620057
8798,4,1.2064082574521928
8799,2,1.840457556327722
8800,1,2.389597274620241
8801,4,1.570414962013677
8802,2,1.3959275379063276
8803,2,2.6342379304253414
8804,4,1.4030143645219322
8805,1,0.9699315092425653
8806,1,2.0393981447717784
8807,1,1.1417228902065337
8808,1,1.6529099330570958
8809,1,1.3580227048730238
8810,1,1.2879600990720808
8811,5,1.5172509783205952
8812,1,1.5631147568888817
8813,0,2.1653852669994285
8814,0,
8815,1,1.8005461776886127
8816,1,1.7723107729923941
8817,2,
8818,1,
8819,0,1.1967993235932302
8820,1,2.06438157290039
8821,1,2.06438157290039
8822,0,1.704909905596735
8823,2,
8824,0,
8825,0,
8826,1,
8827,0,1.220478094440879
8828,0,1.35165150588675
8829,0,1.642716586949352
8830,0,1.2764586207723612
8831,0,2.1137545094949304
8832,0,1.7221414422334997
8833,0,2.1309547585741013
8834,0,1.3333434337182561
8835,0,1.209620886073063
8836,0,1.4858602959104905
8837,1,1.3556350387398584
8838,1,1.3440916164039651
8839,2,1.1524555994481085
8840,2,2.3067751087366517
8841,5,2.297102791403993
8842,1,2.643234332969315
8843,1,2.791632817873765
8844,1,1.1406890613429235
8845,4,1.5174894233602332
8846,3,1.5884459235346218
8847,3,1.466762556796235
8848,3,2.6104304472757915
8849,4,1.934746544012214
8850,3,1.1298676730541009
8851,3,1.9978405155523007
8852,3,1.9978405155523007
8853,3,1.8578280916119592
8854,1,1.2240293892301286
8855,3,3.9579644565402963
8856,3,3.025432349779929
8857,1,1.260748409137538
8858,3,1.0786166475784553
8859,3,
8860,3,2.0827510619095553
8861,3,2.488769503576491
8862,3,1.0786166475784553
8863,3,2.3026730448492234
8864,3,2.7054813929783563
8865,3,
8866,3,1.0768746254473656
8867,3,1.1385399501015876
8868,5,2.5981199964388435
8869,5,2.9529121903009927
8870,0,2.6953548398361598
8871,3,1.0648424857343541
8872,3,1.1124537621023538
8873,5,2.226683194188865
8874,2,1.332807033145954
8875,2,1.818956754694499
8876,2,2.086924206625307
8877,2,1.6698134169742667
8878,2,1.5611800162730143
8879,4,1.6161066543230593
8880,4,1.5566352322124857
8881,4,2.084402599718958
8882,2,3.072748850819183
8883,2,2.913219399345305
8884,2,1.6906190359862627
8885,5,1.8522070965464872
8886,5,1.1162627970686563
8887,3,2.182591115947832
8888,3,1.8120939861359247
8889,4,1.0825252338522582
8890,4,1.094766454116617
8891,3,1.0157245305956093
8892,5,0.9404666806257769
8893,5,1.18786181411738
8894,5,2.033317382663612
8895,5,2.3672947759992033
8896,5,2.357744121760367
8897,3,0.8311173756747212
8898,5,1.547092093165303
8899,5,1.6890135585188273
8900,5,2.019644042641342
8901,5,2.23539519579049
8902,4,0.940909283102001
8903,2,1.1248129329754004
8904,2,1.0356165240701742
8905,2,0.8356821525439447
8906,3,0.8252037100011916
8907,5,3.146238762857015
8908,5,1.4749221212628627
8909,5,1.044640565132789
8910,3,3.9660273006876543
8911,3,3.1251405004332855
8912,3,1.6759093540571897
8913,5,2.0386523772463025
8914,5,1.6808524276890746
8915,5,1.7736269861117717
8916,1,3.1069296303689597
8917,1,1.3387051855827115
8918,1,3.3524344680944336
8919,5,2.116737748807884
8920,1,1.0305416151790654
8921,1,1.128697762666679
8922,1,1.2727360220994834
8923,3,1.404417366349396
8924,5,1.346875005116893
8925,5,2.387814090152281
8926,3,1.4463777224761944
8927,0,1.2177854893647988
8928,1,1.4299831842832817
8929,0,2.2243918926232404
8930,1,1.7807785302453434
8931,1,2.84921834030533
8932,1,3.146346003218523
8933,0,1.2870588701484078
8934,1,1.5387073032029253
8935,0,1.449880567576301
8936,0,1.3716481241463006
8937,1,2.4686964162220377
8938,1,2.4686964162220377
8939,0,2.36965429773486
8940,0,1.2317123153233391
8941,1,1.0844883574953752
8942,0,2.547979933797715
8943,1,1.6555699281374867
8944,1,1.8941486276625106
8945,1,1.5233600462543466
8946,0,1.3442695835233665
8947,2,1.8471601408574316
8948,1,1.9451284037316998
8949,1,1.9090924459107959
8950,1,1.5633878612715453
8951,4,2.350524069139353
8952,4,2.1961305349371862
8953,4,2.1961305349371862
8954,4,1.506432646270215
8955,4,1.7658479619960148
8956,1,1.555296108799678
8957,1,1.8583739150283567
8958,1,1.555296108799678
8959,2,0.7287538102403318
8960,2,2.6647231906720066
8961,2,2.2411328755215787
8962,2,2.181919293593097
8963,4,1.0454995365339002
8964,5,2.043889941494088
8965,2,2.181919293593097
8966,4,1.2717120051311663
8967,2,2.0083943939081013
8968,4,1.0694028283047439
8969,2,1.6590120134501998
8970,4,1.8104344428185988
8971,4,1.417303580201798
8972,4,1.2060654128882282
8973,4,1.3318617683697689
8974,3,1.9908613099465073
8975,3,1.3334117768895202
8976,3,1.4437903267233287
8977,3,2.051949181571487
8978,3,1.7238955860079441
8979,3,1.500923971339602
8980,0,3.25039156167613
8981,1,1.7354806052852374
8982,0,2.9712332917821893
8983,0,2.1497660398472913
8984,0,1.3859453247931273
8985,0,2.3517434534380883
8986,0,1.3606233445833267
8987,0,1.3363611749602726
8988,1,2.1137074672337053
8989,1,1.9191288520047924
8990,0,1.455205658893504
8991,0,2.0508358477555575
8992,0,1.8339394893472505
8993,0,1.1482721685235076
8994,0,1.4929543237012395
8995,0,2.272103235026251
8996,0,1.3686322692651691
8997,4,2.784582057411299
8998,0,1.194904462875874
8999,0,2.1410968029451967
9000,0,2.1242152586029697
9001,1,1.2730987438348844
9002,0,1.1328713328896485
9003,0,2.2287532913830628
9004,1,2.7682824422938483
9005,0,1.9745712618619957
9006,0,2.182185228482094
9007,0,2.6824433935467145
9008,0,2.6824433935467145
9009,0,1.8518780163821769
9010,0,0.7419500781689169
9011,0,1.8518780163821769
9012,3,1.539862769310198
9013,1,1.3975707186447868
9014,5,2.5581314962069244
9015,5,1.889258639141002
9016,1,1.3975707186447868
9017,1,1.450164261117956
9018,1,1.8457046175762284
9019,1,1.4873709894373153
9020,5,2.403309625200576
9021,3,2.5853015522029943
9022,3,2.6880203172518
9023,3,1.2696949563616788
9024,5,1.4626994903130077
9025,1,2.5598842974355196
9026,5,1.1328061670476508
9027,1,2.1054529741816945
9028,1,1.793743030841364
9029,1,1.1358522287143946
9030,4,1.2291658654902369
9031,0,2.699057569930347
9032,0,2.300147242632798
9033,0,1.1978196113541066
9034,1,1.0946132679402014
9035,1,0.9900210242251365
9036,0,1.8703552036119595
9037,0,2.136428220340724
9038,0,1.8510491607256165
9039,0,2.2149233184014103
9040,0,1.7927064595392597
9041,0,2.2618875589636485
9042,1,1.8381337068517354
9043,1,1.9941852056228728
9044,1,1.7207968443356183
9045,0,2.6077068518075084
9046,0,2.0487844204042607
9047,1,1.698649701291128
9048,0,2.9483611119424773
9049,0,2.704638542338255
9050,0,2.2252114836022416
9051,0,2.3015434563132153
9052,0,2.3472600089885676
9053,0,1.7501842895762216
9054,0,1.1713824786542744
9055,0,2.0166112619018968
9056,0,0.8368124068620635
9057,0,3.287283573098112
9058,0,1.7934090254573998
9059,1,1.8131729539008064
9060,0,1.2589236733087
9061,2,1.8371628762220562
9062,1,2.186706029873313
9063,1,1.8032625910962077
9064,3,1.144820198287823
9065,1,2.736189194478701
9066,2,2.3944186925737374
9067,2,1.4443307222524742
9068,1,0.9712345480714959
9069,1,0.9233863175760105
9070,5,1.3207810873073877
9071,5,1.298198271648997
9072,5,2.0930601357175393
9073,5,1.4925962859976514
9074,5,1.2311866423930313
9075,5,1.3223038152690114
9076,5,2.5656402139375496
9077,5,2.3978991147337703
9078,5,1.0771203255478732
9079,5,1.341810353426843
9080,5,1.4984102416891665
9081,3,1.4857615107552216
9082,5,1.6816304502582033
9083,5,1.2964554477630938
9084,3,1.556500466059189
9085,5,2.0675991705358485
9086,3,1.7533607405385496
9087,5,2.2760967176395663
9088,3,1.1594710198706342
9089,3,1.002416991189496
9090,2,0.9912186846695435
9091,2,1.3062855480996614
9092,2,1.402834172157339
9093,2,1.3935550015642537
9094,2,1.7149165792169192
9095,2,0.8088427013679679
9096,4,0.8939549374525042
9097,2,1.4295601679693575
9098,4,0.9641255102263974
9099,2,0.8197876676191628
9100,2,1.3836489020159244
9101,2,1.522884257745075
9102,0,2.5284452485481044
9103,0,2.5779693110184216
9104,2,2.1540907445223167
9105,2,1.950877008788431
9106,0,1.740457072987243
9107,2,2.4253399189780978
9108,0,1.676664549496933
9109,2,2.1919626543007107
9110,2,1.3199842375078037
9111,0,1.0794859939493324
9112,0,1.6964935653119395
9113,0,1.1685007147083706
9114,0,2.0487709477680136
9115,2,2.3414686731069114
9116,2,1.339460464975378
9117,1,3.074192573673783
9118,2,1.773478317533778
9119,2,1.4065274446478788
9120,1,1.671663691066569
9121,2,1.437652139713599
9122,3,1.5008060157678067
9123,3,1.086252410682784
9124,5,1.4069694667105859
9125,3,1.1539213527182062
9126,5,1.5683910593579649
9127,3,1.2460604872200716
9128,5,1.7895613344121768
9129,1,2.110023762341118
9130,3,1.4423529504634707
9131,5,2.346066728889772
9132,5,2.2812800625957235
9133,3,2.942059650066857
9134,3,2.942059650066857
9135,3,2.449117820746397
9136,3,2.3597053247332562
9137,5,1.4253906170603619
9138,2,1.450338925201929
9139,4,0.813323855260104
9140,2,1.6700275709869064
9141,4,2.6680328504676565
9142,4,1.768632746825103
9143,4,2.776010946017651
9144,4,1.885064259481212
9145,2,1.8415134773374346
9146,2,1.3579436324107963
9147,4,3.225999067278549
9148,2,2.0518238953612933
9149,4,1.5218506580180018
9150,2,1.4582339280463386
9151,4,2.124560843859687
9152,2,1.4320268795247142
9153,4,0.9931490458958612
9154,4,0.6062843154302726
9155,4,1.2171158025043496
9156,4,1.1849121659556756
9157,2,1.5640765896219353
9158,5,1.6277303638439764
9159,5,1.980621735477984
9160,5,1.5578837712127727
9161,3,1.1438006948340882
9162,5,1.017596457724255
9163,5,1.211926783527338
9164,5,1.9794227974471363
9165,5,2.6307649925595533
9166,5,1.5578837712127727
9167,5,1.1903008689530041
9168,5,2.4520713000620176
9169,5,1.7888294223911623
9170,5,2.1655649503856615
9171,5,4.161982289562859
9172,5,1.7242669903186774
9173,5,1.5557019566349655
9174,5,2.5759731106545063
9175,5,1.5144501222763875
9176,5,1.2692219567655905
9177,5,1.2542406831209523
9178,3,1.7314247797699385
9179,5,0.8836259555105173
9180,3,1.7314247797699385
9181,3,1.9884040408518096
9182,3,1.3618180893564975
9183,3,1.423310081592358
9184,5,1.827383793669675
9185,2,1.6905803738375749
9186,1,2.564995552715183
9187,1,1.6007147779604933
9188,2,1.1202689185318135
9189,1,1.6619350284294712
9190,4,1.5849989188947033
9191,2,1.4850333867135785
9192,4,1.7119613262439437
9193,4,1.5858678410832063
9194,1,0.4823477581819391
9195,0,1.4504932764334177
9196,0,3.109009553541746
9197,2,1.4768930129470743
9198,1,2.932428918034453
9199,0,1.4446244263651968
9200,2,2.1075320661055206
9201,1,1.4047877763393304
9202,0,1.8399832496101103
9203,0,1.5845285728789147
9204,0,1.703152228979252
9205,0,2.41704135239012
9206,2,1.6575487310312598
9207,2,1.1202067070735944
9208,4,1.4772195498564737
9209,2,1.8719722888357728
9210,2,1.743904880672039
9211,2,1.9450576022422201
9212,2,1.536022677678801
9213,2,0.8663484841386779
9214,0,1.0675334312371685
9215,1,1.733355994097745
9216,1,1.4705455561554548
9217,2,1.742483162092625
9218,0,1.7758688593580678
9219,0,0.6115545446450524
9220,0,1.280597590661396
9221,0,2.336821605722962
9222,0,2.9131475766341937
9223,0,3.1234344573057737
9224,0,1.5850486392944456
9225,1,1.032918715009362
9226,1,1.9204221593857154
9227,0,3.125027164832097
9228,0,2.7660281812543097
9229,0,1.1944667040268715
9230,0,3.1352325092156494
9231,0,2.2903816745649026
9232,0,2.5357699621768095
9233,0,1.9128290043084932
9234,0,1.972153104736946
9235,0,2.9628427117848797
9236,0,2.780280736694642
9237,0,1.5965400737385191
9238,0,2.1355937787670216
9239,0,1.7272797088846108
9240,0,1.8451459821094796
9241,0,2.054486230033124
9242,0,2.2301638416729577
9243,0,1.0249838662526083
9244,0,2.9088616562051874
9245,0,1.3393970852169446
9246,0,1.3577462211384947
9247,1,2.7923007982558286
9248,1,2.392266708065422
9249,0,1.2815676049846805
9250,2,1.404811908137795
9251,3,1.2897991177211372
9252,3,1.2808975087421637
9253,5,1.1521622859097644
9254,5,1.4350108086188302
9255,2,1.2513175824656781
9256,2,0.9856512812447485
9257,2,1.078651041932993
9258,4,0.956942234779938
9259,5,1.629885545536413
9260,5,1.894149672033331
9261,5,1.8932527609689391
9262,5,1.7746617849219521
9263,5,1.1546033365571762
9264,5,1.2278928879929414
9265,5,1.1738670640945932
9266,2,1.0316710299588525
9267,5,1.2827878320217387
9268,5,1.6637392627983938
9269,3,0.9295661956549616
9270,5,1.5582617112931068
9271,5,1.3422474242824198
9272,3,1.7490861800047013
9273,3,2.2424879225944543
9274,3,1.1703068558251721
9275,1,1.6916097434580246
9276,1,1.6916097434580246
9277,3,1.2674246356302288
9278,3,2.4621596312109113
9279,1,1.3562098357747703
9280,0,1.6438809898964841
9281,3,1.1232179049163786
9282,3,1.7180119599401658
9283,3,1.5892565690677374
9284,0,2.29664667317658
9285,0,2.5315494893844965
9286,1,1.4987784737286036
9287,1,1.7253094566686584
9288,1,1.7786627050093298
9289,1,1.6775544270481226
9290,1,1.6227493375177768
9291,0,1.7320897064579566
9292,1,2.2290218475276156
9293,1,1.1884555183294634
9294,0,1.7005616596722513
9295,0,1.5749547886827588
9296,0,2.286211902901618
9297,1,2.407004490014546
9298,0,1.4553519274494329
9299,0,2.0247675938056027
9300,0,1.7998873258083716
9301,0,2.033847898415002
9302,0,1.5850569308725604
9303,0,1.6674625465163888
9304,0,1.6183456562945837
9305,0,1.9843294829477045
9306,0,1.5850569308725604
9307,0,2.149346226342501
9308,0,1.6012751214954815
9309,0,1.7111993391359346
9310,0,2.076818086649285
9311,0,2.4807673683182503
9312,0,1.6012751214954815
9313,0,1.8431714312071914
9314,5,2.0771703060524906
9315,0,1.8613941201250228
9316,0,1.6923814005088096
9317,0,2.802170174451914
9318,0,2.6946138856244493
9319,0,2.2121540580043924
9320,0,2.2121540580043924
9321,0,1.8351329421599354
9322,0,1.265406331451941
9323,3,1.1733159582578432
9324,0,
9325,3,1.8730863204804349
9326,3,1.5598373644552144
9327,3,1.105597251526377
9328,3,2.4540388118056327
9329,0,1.9150495486002337
9330,2,3.15605371725869
9331,2,2.396564469416184
9332,0,1.8303986753643127
9333,5,1.9409030877006586
9334,0,1.850717875377083
9335,0,2.0383315294858604
9336,0,1.5151224097559706
9337,0,1.5151224097559706
9338,2,1.7586776336692127
9339,0,1.725330960294751
9340,0,2.43531377585212
9341,0,1.8284910862556631
9342,0,3.3360088515834643
9343,0,1.6980535919413406
9344,2,2.7106313380734863
9345,2,
9346,2,
9347,4,2.3405261205475854
9348,2,2.1348904257914025
9349,4,2.3405261205475854
9350,4,0.957070500013513
9351,4,0.8554692442830784
9352,3,
9353,1,
9354,1,
9355,1,1.9141659751595559
9356,4,
9357,2,
9358,1,2.126966565824532
9359,1,1.3431835203218783
9360,1,1.6362675839715604
9361,1,1.4126464949537716
9362,1,0.8334220341428845
9363,0,1.3816844276048759
9364,5,2.5774073848827905
9365,5,1.9937004198848673
9366,1,1.674805025741907
9367,1,2.0627515021814227
9368,5,1.4571228833233
9369,5,2.31686613326578
9370,3,1.6876738176899868
9371,5,1.6742869084506233
9372,3,2.1193050170819183
9373,3,1.2204903911364176
9374,3,0.9142113068602642
9375,1,2.068062097768918
9376,2,2.686397725680673
9377,2,2.1181599312519177
9378,5,2.5162200388367744
9379,4,1.8305631471990849
9380,4,1.735198499510247
9381,4,0.8560124560379627
9382,2,
9383,5,2.0510739879673396
9384,2,
9385,5,1.85569129587769
9386,5,1.4512265549671424
9387,4,1.0967792679868875
9388,5,1.1951865750107153
9389,3,1.5370273225026496
9390,3,1.5370273225026496
9391,2,
9392,5,3.687145677537866
9393,2,4.840030440272918
9394,2,1.3619079522475286
9395,4,0.829131774427112
9396,4,1.190718452813376
9397,2,2.1855717017812357
9398,2,1.9625650018485066
9399,4,1.5648590135445082
9400,4,1.9215030506988224
9401,4,1.2653392959663392
9402,4,0.9915300776017388
9403,2,1.2653307034128067
9404,2,1.1620913761204805
9405,2,
9406,4,1.338574977996106
9407,2,1.4963357341747834
9408,4,1.8727955419286144
9409,4,1.7663754542249956
9410,2,1.1847220906699525
9411,2,1.4920764615559723
9412,1,2.275680159429089
9413,2,2.197812886661685
9414,1,2.4068436564662217
9415,1,1.657967546815802
9416,1,1.5427990607188167
9417,0,1.0739274863402977
9418,0,1.9538630180449426
9419,1,2.2771040920478836
9420,1,2.19353171573509
9421,1,1.8707564086719595
9422,1,0.9801450699229167
9423,0,1.3337389352479354
9424,1,1.9934347915464286
9425,5,2.1289508586835897
9426,1,2.0348904803953136
9427,1,1.3764287997562614
9428,2,1.6567207368797425
9429,1,1.2099768113890865
9430,5,2.1738838377855294
9431,3,1.8742145422453993
9432,3,1.3796781253552401
9433,1,1.3733657947714215
9434,0,1.9215834051778649
9435,3,1.593240595771868
9436,3,1.9946941588286518
9437,3,1.6629735646807544
9438,3,1.6103619290177378
9439,3,2.3349762783295507
9440,3,1.7298056691584585
9441,3,1.4163804245000988
9442,1,1.8672478538046
9443,3,1.7543853059108876
9444,5,1.92094685828341
9445,1,1.6738679540880599
9446,3,1.0323110725788052
9447,1,1.4210024058811075
9448,2,2.024274618294637
9449,5,2.1080403451260334
9450,1,2.3827820468047
9451,4,2.429730218427108
9452,4,0.9311150407197799
9453,2,1.9666769831316715
9454,1,0.8478749032236071
9455,4,1.9752396968567496
9456,4,1.831707049265737
9457,1,0.9944393372983417
9458,5,1.6883742155659007
9459,3,1.4497089199865756
9460,3,3.380192118307258
9461,3,3.380192118307258
9462,3,2.268361873382453
9463,3,2.268361873382453
9464,2,2.1303544481155434
9465,1,2.8598609648612716
9466,1,2.8427795540919583
9467,1,2.553533177753684
9468,1,1.156801496889528
9469,1,1.4141628789406095
9470,1,1.0330407767281646
9471,1,1.2906417341077945
9472,4,1.0129334956301859
9473,2,1.944631226659237
9474,5,2.057936116287543
9475,4,1.7125572718696584
9476,4,1.2761111275198471
9477,4,1.8854730471021766
9478,4,1.9574957732178657
9479,2,1.5497148002393415
9480,2,1.7328196252061732
9481,5,1.7733519369382416
9482,1,2.306722908872649
9483,1,2.1096334240204864
9484,3,1.3661602718562766
9485,4,1.3393164280667036
9486,4,1.381045803358728
9487,4,0.9646796847159379
9488,5,1.1295369302861191
9489,5,2.1497481186891747
9490,5,1.5178849376231665
9491,5,1.7835499181815793
9492,5,2.0131514639543284
9493,1,1.7168175748326258
9494,1,1.7168175748326258
9495,1,1.9444070070553414
9496,1,2.071529624953188
9497,1,2.0979283049179975
9498,2,1.7123142404004539
9499,1,3.0087907423279736
9500,2,1.9551851681128924
9501,1,1.1299869730396614
9502,2,
9503,2,
9504,4,
9505,2,1.8230170969414012
9506,2,1.4907669456798613
9507,4,1.656653349469641
9508,2,
9509,4,1.817015047697245
9510,2,
9511,4,2.1135556572235354
9512,2,2.187617763311012
9513,0,
9514,2,1.0365030006194675
9515,0,
9516,1,
9517,1,
9518,1,
9519,0,1.53470393967733
9520,1,
9521,1,1.8156930919589043
9522,4,
9523,4,1.3740921161162336
9524,0,
9525,1,2.6233087641775557
9526,2,1.4040059071372157
9527,1,2.386456218990969
9528,0,
9529,0,1.6935581907255643
9530,0,2.013439247086359
9531,1,1.7253854462742242
9532,1,1.8612101547895488
9533,1,
9534,1,1.8656287442705204
9535,5,1.864246047969841
9536,5,1.5807104255055369
9537,2,1.6016943426905472
9538,3,2.7369698346855724
9539,3,2.779012312818621
9540,5,1.6062386684971601
9541,3,1.4975195683512028
9542,3,1.582936090399746
9543,5,3.7920136031659633
9544,2,1.65461415194385
9545,5,3.7920136031659633
9546,1,1.3648384980115897
9547,3,2.7916775319789555
9548,3,2.7916775319789555
9549,5,1.4702213223988445
9550,3,2.144740292706056
9551,3,1.742308612490836
9552,3,
9553,0,
9554,3,
9555,3,
9556,1,1.781739915843439
9557,1,1.6257391699772146
9558,1,2.1304529083576895
9559,1,1.4667555097045613
9560,1,1.3523207296337796
9561,5,1.7804155750125368
9562,3,1.5118193857160702
9563,3,1.179249162613798
9564,3,1.5594545974261285
9565,3,1.5257258469340917
9566,4,1.981668110110884
9567,4,1.931013227279221
9568,2,1.6771485845037173
9569,4,2.046490090435964
9570,1,1.4220384344187431
9571,0,1.7709035968574294
9572,0,4.323823144387667
9573,1,1.5845458168368245
9574,1,1.6798409867991686
9575,1,1.6362676124451085
9576,0,4.323823144387667
9577,0,1.739975460662627
9578,0,1.5986573570980953
9579,1,2.674293078155899
9580,2,1.6316441348871178
9581,0,1.4964629419103326
9582,2,1.2145538973282424
9583,1,1.3609386756230806
9584,0,3.0496956645858373
9585,0,2.5028526605004555
9586,1,1.440591253647756
9587,1,0.7340989907644909
9588,4,2.4547306489044596
9589,4,2.4547306489044596
9590,1,1.5328830767356056
9591,1,1.4481546377506507
9592,5,1.4936802234881836
9593,3,1.221890813594489
9594,5,1.4101036814165215
9595,5,1.8699697587286943
9596,3,2.3577535986623124
9597,3,2.2052235131385136
9598,5,1.4593042181785725
9599,2,1.7996393210680464
9600,4,0.6585114941852694
9601,2,2.413067047874801
9602,2,2.3142467536733817
9603,4,1.0062374072362426
9604,2,0.9529594260548581
9605,5,1.607976919569765
9606,5,1.6621695236414349
9607,5,1.6779568684847355
9608,3,1.8842238733803351
9609,1,1.664105592756361
9610,3,2.942530308229327
9611,1,0.9781637195337554
9612,4,2.5365264372672596
9613,2,1.8703639135464978
9614,1,0.8763430029050537
9615,1,1.659051000267293
9616,3,1.5707100421044755
9617,5,
9618,5,1.7458794989525148
9619,5,1.7042168069168702
9620,5,
9621,5,1.102907705280022
9622,2,1.101948817463391
9623,5,
9624,2,2.8844569454819076
9625,2,2.648508299344535
9626,2,1.7605891383247754
9627,2,1.6476237079549358
9628,2,
9629,5,1.307902906616917
9630,4,
9631,4,
9632,3,1.1698205770166659
9633,2,1.6095621373489513
9634,5,1.75894162323739
9635,5,
9636,3,1.1151910199514947
9637,3,1.1151910199514947
9638,2,2.5640532751180976
9639,0,1.7326159007364692
9640,0,2.1413419603124724
9641,0,1.4406176226524119
9642,0,2.177510360357405
9643,0,1.080813514583342
9644,0,1.6230724006957196
9645,5,
9646,3,
9647,5,2.6756334977382785
9648,4,2.646532863604124
9649,4,2.6912920567622023
9650,4,2.709282667591945
9651,2,1.815838546000397
9652,2,1.5579005373395405
9653,4,2.668660869961646
9654,4,2.668660869961646
9655,2,1.79417403616097
9656,1,3.3285934926535297
9657,5,2.73081516936738
9658,1,3.3285934926535297
9659,3,1.3699524749970775
9660,5,2.409077443342314
9661,5,2.24373862394408
9662,5,2.4366127427852238
9663,3,0.9293857400727471
9664,3,2.0767941922313264
9665,3,1.0827454329159498
9666,1,1.0662075007994358
9667,3,1.3288503239662985
9668,1,2.2264201915349595
9669,1,3.015038531856957
9670,4,1.6819669513786302
9671,1,2.507864689990887
9672,4,1.4910662525854408
9673,1,2.665937417116921
9674,1,1.423895326981264
9675,4,2.434296853155207
9676,5,1.6514686510815209
9677,4,1.4366023553375113
9678,2,1.6775160139801126
9679,3,1.3157619736578876
9680,3,1.3157619736578876
9681,5,2.5452479945859623
9682,5,2.3836978748709807
9683,5,1.1258872047813409
9684,5,1.993063045881176
9685,2,1.864533090223844
9686,2,1.6802027679348976
9687,4,1.210696363356963
9688,2,1.66876913478268
9689,4,1.3993854273211046
9690,2,1.2933655664220436
9691,4,1.3993854273211046
9692,4,0.9993426192623291
9693,2,3.09818433000022
9694,2,2.0664924759049725
9695,2,2.5674678110957596
9696,4,1.0275676485107146
9697,4,1.4583671394237263
9698,2,1.9122563897015876
9699,2,1.579726954038636
9700,2,1.7084850251438428
9701,2,2.999817150122027
9702,4,1.106902175754559
9703,2,1.9937202036296457
9704,4,1.9993433856192044
9705,4,2.2957517882050373
9706,4,1.6520876094368475
9707,4,2.488240535897543
9708,2,1.5859101764021963
9709,2,2.1119465037458554
9710,2,1.9624811023159694
9711,4,2.8229295735111397
9712,4,2.189140783720725
9713,2,2.378223062057709
9714,4,2.8229295735111397
9715,2,2.2503993489901526
9716,2,1.1970257242916644
9717,2,1.8146680819802412
9718,4,1.1354800057544325
9719,4,1.642764068935389
9720,4,1.551594018265734
9721,4,1.6383067471197856
9722,4,3.025427581557777
9723,4,2.9322923997366126
9724,4,1.6383067471197856
9725,4,1.7399317376287455
9726,1,1.5945275907565326
9727,1,1.7773343507077297
9728,1,1.7773343507077297
9729,2,2.4254099083234757
9730,2,2.367171577191138
9731,4,1.003508924322188
9732,2,2.2979820939816267
9733,2,2.6563022212959546
9734,2,2.9726301964143538
9735,2,2.5629692619549562
9736,2,2.7434546549944634
9737,2,
9738,2,1.573329057434127
9739,2,1.8312441057329965
9740,2,1.518340873354556
9741,4,1.3915103973027418
9742,3,1.6203756675956995
9743,3,1.205608775621186
9744,2,2.579623563485279
9745,5,1.2651510501165772
9746,5,2.4675275631988507
9747,2,1.9232447558041925
9748,1,3.5001018664465766
9749,1,3.5001018664465766
9750,4,2.380309194882784
9751,4,1.2602221570091332
9752,4,1.194078194105312
9753,5,1.7833131336721906
9754,3,1.613953499624406
9755,5,1.9798817494687593
9756,3,2.1277986344006656
9757,3,1.9664891516692078
9758,3,1.791485365882349
9759,5,2.4139074585661775
9760,3,0.8036492211888423
9761,5,1.1573557827249061
9762,5,1.3358922697199354
9763,5,1.4514369880967768
9764,5,1.6470750053496814
9765,5,1.6694620735175798
9766,5,1.5424849632172628
9767,2,1.698443333136586
9768,2,2.0502332019304914
9769,2,2.999006011267464
9770,2,1.228567417982424
9771,2,1.6703687013777184
9772,2,2.584756442197479
9773,5,2.8726178105964704
9774,2,2.3315518507670645
9775,2,2.765253935710022
9776,2,1.1401873726643725
9777,2,0.8495828838340544
9778,2,1.3820870047331049
9779,4,1.5991127302431452
9780,5,1.917815772401244
9781,4,0.8158969008565088
9782,2,1.2323325511193204
9783,5,1.3968282107347576
9784,5,1.3980382255762176
9785,5,1.056483821403173
9786,1,0.6237654669648672
9787,3,0.9305180510284984
9788,5,1.8727697187310581
9789,3,
9790,5,
9791,3,
9792,4,0.904883306292275
9793,4,1.3332151263065415
9794,5,2.0849027307865176
9795,3,3.022773997124969
9796,3,2.691720780762697
9797,4,2.4747416261682638
9798,4,2.3378473982152728
9799,4,0.9731820207951929
9800,1,4.674394994378842
9801,1,3.6902798776740293
9802,2,1.4610952677648845
9803,4,
9804,4,2.931209789620126
9805,4,1.492817712058704
9806,4,0.9917732363651991
9807,4,1.6612762553047318
9808,4,1.381075523549206
9809,2,0.8325511003691842
9810,2,2.0386954580503596
9811,1,2.6356966477403656
9812,1,1.0843801807490325
9813,4,1.4146357123785058
9814,4,0.877578868282419
9815,4,1.7219424553772478
9816,4,2.672708680682964
9817,1,1.3677646000647468
9818,4,1.4490866529407633
9819,4,1.537322266698193
9820,2,1.216220850323552
9821,0,1.0110860721425612
9822,1,1.4922703636788488
9823,4,1.6205865905550432
9824,4,
9825,4,1.4233008097954145
9826,4,
9827,2,1.2595300580838718
9828,4,0.8379783965098172
9829,2,1.3405590932024276
9830,2,1.4608177986562423
9831,2,1.6270239133440856
9832,2,1.8245153302166057
9833,4,2.70908293193822
9834,4,2.375666767846444
9835,4,3.757785622771036
9836,4,3.757785622771036
9837,1,1.3104015530124629
9838,1,1.3391593033228335
9839,1,1.9829359284690355
9840,3,0.7878235775662112
9841,3,1.8297659554501864
9842,3,2.078839670498175
9843,3,2.0019164510543965
9844,3,1.7907180387179018
9845,3,0.7066492775794379
9846,3,1.807898126592286
9847,3,2.623066627388472
9848,3,2.452831697781276
9849,3,2.1945175332671734
9850,3,2.388526060690942
9851,5,2.1778902397149538
9852,3,2.487884836297612
9853,4,1.325537251202556
9854,4,1.325537251202556
9855,5,1.9183936658077487
9856,1,2.4939202482450553
9857,4,1.291401558209242
9858,3,1.3954516141934654
9859,5,1.7972224326624928
9860,3,1.527476810429424
9861,3,1.6625026803445444
9862,3,1.997883678455465
9863,3,1.5267188253864772
9864,3,2.1417609661550543
9865,3,1.5256422843282242
9866,3,2.412112033283353
9867,3,1.4037350806205693
9868,3,0.7972687330555092
9869,3,0.9768383084839934
9870,5,1.1039374191734461
9871,4,1.9537684667090123
9872,2,2.6509408057249124
9873,2,3.0710331443961776
9874,4,2.061597785604401
9875,2,2.6509408057249124
9876,2,3.0710331443961776
9877,2,
9878,4,1.7325441421629335
9879,4,1.556247804814958
9880,2,2.1833945550015934
9881,4,
9882,2,1.7416434020368459
9883,2,1.7005817122481983
9884,2,1.9883796920093255
9885,2,2.664236254575497
9886,4,1.6330238349301123
9887,2,2.693740480273693
9888,4,1.1035432308463045
9889,2,
9890,4,1.5720008835076105
9891,4,1.471200379064756
9892,2,
9893,4,2.0071632760002935
9894,4,1.8581652887627427
9895,2,
9896,1,
9897,4,1.9815093259702177
9898,2,2.0706386103933676
9899,2,2.0628711344036565
9900,1,1.7735236063127884
9901,1,1.8242279180361856
9902,1,1.3154074907617457
9903,2,1.9095527617551782
9904,4,
9905,4,
9906,2,1.742079396637118
9907,5,1.5334869832973106
9908,4,2.627128590481873
9909,4,1.9964198914353877
9910,5,1.649520205743248
9911,4,1.4886333772363878
9912,1,1.590646685314805
9913,4,1.8379186434380994
9914,4,1.2129747035738774
9915,5,1.2866557981494768
9916,2,2.7746999793195424
9917,2,2.603046374637929
9918,2,2.7746999793195424
9919,1,2.2548157833189797
9920,1,0.8952798024742685
9921,1,2.563636287718413
9922,1,1.7472240791539606
9923,1,2.4045232492716067
9924,1,2.703382822534272
9925,4,1.873353108391777
9926,2,1.810054486798132
9927,1,2.7707333084096857
9928,0,2.1345502780379895
9929,0,2.1211381883516203
9930,2,2.08661930845825
9931,1,2.3733699811523046
9932,4,1.9428940556024343
9933,4,1.937102061348458
9934,0,
9935,0,
9936,0,
9937,1,1.3814800735275274
9938,0,1.8363432634637429
9939,0,1.876850665527657
9940,2,1.6638403848138552
9941,4,1.2903985919131309
9942,2,1.2069214816832858
9943,2,2.312660311420532
9944,3,1.0362692180408277
9945,1,2.1487818948611843
9946,1,2.135469008159298
9947,0,1.9083449575214304
9948,0,1.9083449575214304
9949,4,0.8361543713565786
9950,4,0.8863649130975558
9951,1,
9952,2,3.2694571220450395
9953,2,1.2521729615820847
9954,2,1.6423305061820852
9955,2,1.3555768717161032
9956,2,2.924809122947952
9957,2,2.6318833228929512
9958,4,0.9517939671839758
9959,4,3.221641660068745
9960,4,2.519361781240025
9961,4,1.356427119786634
9962,1,0.9445367381233006
9963,3,1.905326829682752
9964,1,3.281671828150351
9965,1,1.6129869569111073
9966,1,2.271874082494372
9967,1,2.271874082494372
9968,1,1.5221238817161518
9969,1,1.5766316590997034
9970,1,1.3671175295302809
9971,3,1.547704028346256
9972,4,1.4240679007806047
9973,3,2.560873345553096
9974,3,1.5535940985460828
9975,4,1.4991876613145734
9976,4,1.3830542633791145
9977,3,2.78295452559435
9978,4,1.16499480678457
9979,3,2.585118453618566
9980,3,2.052613634048362
9981,5,2.354217503317812
9982,5,3.190691779320007
9983,3,3.4769761183919234
9984,3,0.562367453535752
9985,3,1.6726645655320957
9986,3,3.3927649466743057
9987,3,2.2489684348254433
9988,3,2.537506469483089
9989,3,3.525799288095419
9990,3,1.8097548165478714
9991,3,1.746160902833605
9992,5,1.4027630158480329
9993,3,1.2776536959063631
9994,3,1.1593251231300847
9995,5,1.5532683261411842
9996,3,1.2077852635215294
9997,5,1.3023333894681326
9998,3,1.4172023316834335
9999,1,1.887592781497069
10000,2,2.010739205460397
10001,5,1.9434299181499453
10002,5,2.354340080151313
10003,5,1.766924546861046
10004,4,2.1549728464120177
10005,4,2.1549728464120177
10006,3,2.540978325362993
10007,3,1.403449234697055
10008,3,1.226240174281399
10009,5,
10010,3,1.119739268762731
10011,3,1.4651873448520971
10012,3,1.9225919460229812
10013,3,1.5330522433068348
10014,3,1.078678685667115
10015,5,0.9698594028151283
10016,3,1.1539191762351828
10017,3,1.1539191762351828
10018,5,2.135814237188006
10019,5,
10020,5,1.9241045958581675
10021,4,1.2426108001846774
10022,2,2.1301886363797733
10023,4,
10024,2,2.0189503368588633
10025,4,
10026,2,2.2637576976677587
10027,4,2.817235371434879
10028,5,1.67093793588359
10029,3,1.6538540393333263
10030,5,1.8567307568787632
10031,5,2.301044339327796
10032,5,2.301044339327796
10033,5,2.1881858855298715
10034,2,2.917922898065333
10035,2,2.917922898065333
10036,5,1.861146585628098
10037,2,1.7241622407018427
10038,2,1.7505837025757098
10039,4,1.5552720040290675
10040,4,1.1368082540730364
10041,4,
10042,2,1.608027735108421
10043,3,1.533183769560816
10044,2,2.2500387262893273
10045,3,1.684188661683283
10046,3,1.167688146318705
10047,3,
10048,3,1.2009564627817222
10049,5,2.478813007572738
10050,1,
10051,1,1.4362231642157122
10052,1,1.4362231642157122
10053,1,1.101805232315446
10054,1,1.101805232315446
10055,1,
10056,1,0.8734551751834674
10057,4,
10058,3,2.3622191902501983
10059,3,2.2962622701737234
10060,3,2.1864691519717048
10061,4,1.7628095259359404
10062,4,1.615783385654273
10063,2,1.3910476430837992
10064,2,2.206843552017777
10065,2,2.069099531816784
10066,4,0.5404498364155871
10067,2,1.8420738908660217
10068,2,2.1999409413362434
10069,4,1.0097492061351168
10070,2,
10071,2,
10072,2,1.9173390920207547
10073,2,2.252287063397215
10074,4,1.1460550286540219
10075,4,1.380126809919939
10076,4,2.36382849644016
10077,4,2.557629384183918
10078,3,2.466249853977501
10079,2,1.772185331445757
10080,5,1.7123278250710063
10081,2,3.1268132307073864
10082,2,1.9239070113431853
10083,4,1.5817325783067462
10084,2,2.1103761272131485
10085,4,1.8022370298718744
10086,2,2.5096621090015723
10087,2,1.7411541503957042
10088,4,1.2760068330317866
10089,4,1.171440086866975
10090,4,0.6622334239721651
10091,2,2.3335308409609943
10092,2,2.019221149524091
10093,2,2.1869444171944443
10094,2,2.4281103077663952
10095,2,1.0921990732299611
10096,2,1.4182220892933324
10097,4,1.677108139871406
10098,4,1.715628093099978
10099,4,1.7067286053046582
10100,2,1.5979250018207944
10101,4,1.7038829510309004
10102,4,1.3924830517667517
10103,4,1.7928479745653791
10104,2,1.7869987737040913
10105,2,1.6344699581192579
10106,4,1.7175053441002908
10107,4,1.155288116277924
10108,4,1.44458500210288
10109,4,1.8898020075805884
10110,4,1.5892104659078774
10111,4,1.3907367276894802
10112,4,1.4901274623219287
10113,2,2.353605030051587
10114,1,2.1294882226835665
10115,2,2.353605030051587
10116,1,1.2080586028985474
10117,1,1.077629950481024
10118,1,1.3274270860450406
10119,2,2.672048695354721
10120,1,2.529474863874304
10121,1,2.1373370220659007
10122,1,2.354840048754232
10123,1,2.1563080012167535
10124,1,1.4815433778624612
10125,2,2.995712383428584
10126,4,
10127,2,4.44335551797698
10128,4,
10129,2,1.6718675618649959
10130,4,2.67547597275263
10131,2,1.120827478899284
10132,2,1.2589075408848283
10133,2,1.1288015544429908
10134,2,2.557561961880475
10135,2,1.5836847633118127
10136,2,2.456185915761852
10137,2,
10138,4,
10139,2,1.6433214505488045
10140,4,1.801134979595622
10141,2,1.9634607991691104
10142,4,1.801134979595622
10143,4,1.122793756025825
10144,2,1.5879024433002351
10145,2,1.4837998374285335
10146,2,1.2323643973621692
10147,1,1.1366130281403104
10148,3,1.7132464849787148
10149,1,1.0557408862329887
10150,1,1.1958894643949565
10151,1,1.319120565679503
10152,1,1.5858863842148574
10153,1,1.406285343772509
10154,3,1.1104900323066367
10155,2,1.763311816935256
10156,5,1.853899848700039
10157,4,1.3844030698204943
10158,5,1.3394381250969178
10159,4,1.3588483211618174
10160,4,1.4524255013908178
10161,5,1.5796958597275519
10162,4,1.5970772481176057
10163,5,1.9291579994993733
10164,5,2.2177467320805184
10165,4,1.938066698024127
10166,5,2.2886371344129386
10167,5,1.7307554264571074
10168,5,2.1432574543103033
10169,5,1.8084935643720506
10170,4,0.8508659530073708
10171,3,1.4559160990747133
10172,3,2.1531155090469585
10173,3,2.18399230775149
10174,5,1.6591574122163342
10175,0,4.295156455271616
10176,3,1.1172536774615434
10177,3,1.6448833753255125
10178,5,1.8516986515240088
10179,5,2.0303443913517123
10180,5,1.595010371372772
10181,0,3.272772704961877
10182,0,3.4234691045756938
10183,0,2.8938924778625763
10184,0,2.8938924778625763
10185,0,3.139631717027336
10186,0,1.9482251806388073
10187,0,2.0442837039823014
10188,0,2.0442837039823014
10189,0,1.312798062737749
10190,1,1.421252144849735
10191,1,1.421252144849735
10192,2,1.1688780299720316
10193,2,1.3179385209065935
10194,1,3.0949028763263757
10195,2,2.935549042792373
10196,1,3.8000759627978558
10197,4,1.563717362652284
10198,4,1.4878149993207277
10199,1,1.3288515400905099
10200,1,1.2949076414218912
10201,4,1.7869884818212358
10202,4,1.7869884818212358
10203,1,1.1742417867681862
10204,1,1.1742417867681862
10205,0,2.757824743025104
10206,0,2.363524194158613
10207,1,1.6728500402046949
10208,0,3.239342026848103
10209,0,1.4014458859888594
10210,4,1.384606621232892
10211,4,1.3175960904827595
10212,4,1.3650164100544755
10213,2,1.7303557134495953
10214,4,2.1861727618832654
10215,1,2.7972469148527948
10216,1,1.2483691089208742
10217,4,1.2798172772949776
10218,2,1.2811607952324036
10219,2,1.729066085314061
10220,4,1.4681741344387043
10221,4,1.312760960234796
10222,2,2.8312388771912254
10223,4,1.3968163010098036
10224,2,1.3432010260584821
10225,2,1.8003319383844627
10226,2,2.4966667640182765
10227,2,2.1857470076405288
10228,4,1.6452066436589923
10229,2,2.253479416542047
10230,2,2.0304058141773336
10231,4,1.8046689779795668
10232,2,1.8898878537644639
10233,1,1.6292774622823267
10234,4,2.244872852722439
10235,4,0.9611562442644369
10236,4,1.117587388047927
10237,2,1.2534164154465004
10238,2,1.7111171364440765
10239,2,2.268498425610594
10240,4,1.7230516680215073
10241,2,1.8170221346125295
10242,2,2.6565447656286594
10243,4,2.2030342709909405
10244,4,1.256534122762743
10245,4,1.400765753503841
10246,2,2.386177415806103
10247,2,1.5217311302604133
10248,4,2.4954431706513125
10249,4,1.0106089906286198
10250,2,1.4541637121936943
10251,4,2.4954431706513125
10252,1,1.3167254560586095
10253,1,1.0788327416941446
10254,2,1.5059307014305512
10255,4,1.2227295989242277
10256,4,1.1708668460261642
10257,5,1.46839141424021
10258,5,1.770740213657969
10259,4,1.7839291234946753
10260,4,1.7839291234946753
10261,5,1.6238840839085835
10262,5,2.2057837714666184
10263,2,2.3499181676445335
10264,2,2.502928968963725
10265,5,1.6941611042402651
10266,2,
10267,2,
10268,3,
10269,1,1.4733645999389364
10270,0,1.4671316491853468
10271,1,1.7831949355048726
10272,1,1.4340492081306975
10273,1,2.1437736180192934
10274,1,2.2466423258578954
10275,1,2.2466423258578954
10276,2,1.1198182786522421
10277,4,1.0513539015765785
10278,3,2.1484364040637214
10279,3,1.8157035105084354
10280,2,1.864421940176727
10281,5,2.083565051717828
10282,5,2.840787657645033
10283,3,1.5915525632073388
10284,3,0.9490392199029464
10285,3,2.1295902485501643
10286,3,1.0162892322127783
10287,1,1.3691429931628476
10288,3,2.063067124387503
10289,3,2.18133056185875
10290,4,1.1768730433547956
10291,2,0.8054258086401969
10292,4,1.175763429538819
10293,4,1.608232438318298
10294,2,1.6703931019527893
10295,4,0.8519048323793542
10296,3,
10297,2,1.8313746764538676
10298,5,2.1398994996516736
10299,4,2.1776932149380372
10300,4,2.104671126103942
10301,2,1.8631760591129252
10302,2,1.61809183967659
10303,2,2.119423396392398
10304,4,
10305,4,1.5505943711149635
10306,2,1.785115245144085
10307,2,1.4494661549385992
10308,1,2.7438423788179374
10309,1,2.7438423788179374
10310,5,1.704646617823555
10311,3,0.8635498014098958
10312,3,2.1020408065102925
10313,5,2.141252119420103
10314,5,2.8681400697188892
10315,5,2.8681400697188892
10316,4,0.6093246174674756
10317,5,2.787365098326154
10318,5,2.258266710363338
10319,5,2.534339939190543
10320,5,1.369765161178173
10321,4,1.8233332132367328
10322,4,0.8653278588650827
10323,2,1.2517830151123077
10324,4,1.8233332132367328
10325,4,1.0939149005326345
10326,4,0.8015336083077911
10327,4,1.8748849988050826
10328,4,1.3077948330811535
10329,4,1.6797792135124192
10330,4,1.7273081284297704
10331,2,1.671454983113599
10332,2,3.5137788167124837
10333,2,2.2145526811746095
10334,2,1.8289990311330273
10335,2,2.7226069712009293
10336,2,1.5343952823474827
10337,2,1.8483289256599433
10338,2,1.7723945217781043
10339,2,1.1524506151896543
10340,2,1.8028702020839307
10341,2,1.328645669546352
10342,4,1.4218896762056492
10343,2,1.4394824251294667
10344,2,1.9656222441248161
10345,2,1.9656222441248161
10346,4,1.8082097781844966
10347,4,1.8082097781844966
10348,2,2.176016868081889
10349,4,0.9803256536173152
10350,1,2.0427404251240167
10351,2,1.9954618296444848
10352,3,1.5476973296921923
10353,3,2.5012457650046884
10354,3,2.8963195497473513
10355,3,2.3835677983202834
10356,3,2.250054516502906
10357,3,1.9207056249793442
10358,3,2.3626479969966256
10359,3,2.8715958380113284
10360,5,1.9854681583996256
10361,5,1.5029522299930214
10362,2,1.762975770585368
10363,1,1.5837865662017538
10364,1,1.4086307332855352
10365,1,1.3916078268817706
10366,3,0.9260761457138025
10367,3,2.706821903820807
10368,3,1.229517089702312
10369,0,1.665321810947113
10370,0,1.1851558663774628
10371,0,1.7856231297224106
10372,0,2.3292319321715516
10373,1,0.8885162102213412
10374,1,1.5856571810306912
10375,0,1.2824894816861292
10376,0,1.4593924759801984
10377,0,0.9343158845329416
10378,3,1.353187098090434
10379,1,1.290670607692727
10380,0,
10381,0,1.312061385890618
10382,0,1.1902966998634457
10383,2,1.1864931513316759
10384,2,1.5430167468153886
10385,4,0.5970579265735861
10386,2,1.6287213848459674
10387,2,2.4603649679915094
10388,2,3.092705516816236
10389,2,2.3436493144491704
10390,2,3.2734567630605085
10391,2,2.6435524978410387
10392,2,1.5094584918393599
10393,2,1.560906472696993
10394,2,1.3759928546972875
10395,3,1.303048787147935
10396,2,2.601041294171191
10397,2,1.6113740016056977
10398,1,1.1021935092160524
10399,1,2.2435041685386974
10400,1,1.1915551783244176
10401,1,1.2385866856968797
10402,2,1.6909435644670407
10403,1,1.9825138057353944
10404,4,1.1075532668337258
10405,2,1.3274529738781906
10406,4,0.8806630838998354
10407,4,1.202560836618512
10408,1,1.1421705982649295
10409,4,1.4157577608500846
10410,1,2.43530844882692
10411,1,2.5016239494269366
10412,4,0.8092764459153429
10413,1,2.0334967860003066
10414,1,2.026160386011215
10415,1,2.365131929018095
10416,4,2.8942373386986895
10417,4,2.8942373386986895
10418,2,2.391213095161083
10419,1,2.500056200207331
10420,2,2.4932420974432374
10421,2,1.7269861626670497
10422,4,1.422025920943933
10423,4,1.5681110270785503
10424,4,1.551163671159996
10425,2,1.8511625461938175
10426,4,2.599291538559586
10427,4,0.9032037193030862
10428,4,2.599291538559586
10429,4,2.1002236365997624
10430,4,2.1002236365997624
10431,4,1.1272239405314037
10432,2,
10433,0,3.6403646919242756
10434,2,3.9421137288529517
10435,2,3.959270464765062
10436,2,2.1515775504857033
10437,4,0.7851768282947612
10438,0,1.994323711353433
10439,4,1.1567283498865513
10440,0,1.4543000439616698
10441,4,1.3122856563617464
10442,0,1.7045830444325272
10443,0,1.4055749588297286
10444,0,1.5945383358294958
10445,0,2.074023401266639
10446,0,1.4402743112371899
10447,0,1.621401964778131
10448,1,1.5356757022469747
10449,0,2.4370551697653093
10450,0,
10451,1,1.815414924010328
10452,0,
10453,2,1.8539533848758594
10454,2,1.7404546656905153
10455,2,1.738678366963097
10456,4,1.1834389472551108
10457,2,1.5701734737054056
10458,4,1.6534006125418428
10459,4,1.4701825542521991
10460,4,2.466766051559233
10461,4,1.630449856495019
10462,2,1.4250953894103677
10463,2,0.684638990758408
10464,2,2.1502251231287355
10465,4,2.554365887153833
10466,4,2.554365887153833
10467,4,3.1024901024381233
10468,4,1.4935992154896363
10469,4,1.282020570235701
10470,5,1.8993080824608568
10471,1,1.5921616560579714
10472,2,2.4781451852326586
10473,4,1.0097128884093296
10474,1,1.9652014643845033
10475,1,1.79419436374161
10476,5,1.8074117232906655
10477,1,1.013383457921027
10478,1,1.1031279640188127
10479,5,1.6418622563097631
10480,2,2.1522715020704215
10481,4,1.2848595129897233
10482,2,1.8051725775284884
10483,2,2.6868143861477134
10484,0,1.7600851563345998
10485,4,1.4804966878257053
10486,1,1.5198320055749628
10487,1,1.7599260986583647
10488,1,1.2681991392550984
10489,1,1.6528618661833745
10490,4,0.9536376570397213
10491,0,2.0713069280247978
10492,1,1.9717577275158777
10493,1,1.8294946474593277
10494,1,1.3570451845474132
10495,1,
10496,0,
10497,1,2.6846386421560102
10498,0,2.1157046781467983
10499,4,1.593729446406675
10500,1,
10501,1,
10502,1,
10503,0,
10504,0,1.7730325436028163
10505,0,1.5771306225730475
10506,1,1.1335557321990593
10507,1,1.046199865324271
10508,0,1.7436238175373924
10509,0,2.1205029151374895
10510,1,1.5291608306785387
10511,1,1.6164835840365204
10512,0,2.8353970739563934
10513,1,0.9557193550665467
10514,4,1.4617751440435836
10515,2,2.98880171721713
10516,1,2.873223461526438
10517,1,1.342438261673527
10518,1,0.8997125772881923
10519,0,1.1809623313028927
10520,0,1.7962726669468219
10521,0,1.7962726669468219
10522,1,1.9664308533352695
10523,1,3.3540434572580162
10524,1,4.218801677994834
10525,0,1.4316976555871002
10526,0,
10527,0,
10528,4,1.3963041885601775
10529,0,2.6601255576758525
10530,4,2.209099385318342
10531,1,1.96390220499221
10532,4,
10533,1,
10534,3,
10535,3,2.308593416874678
10536,3,1.615203028801864
10537,3,1.478515583236762
10538,3,1.5732453048059498
10539,0,
10540,0,1.3613657634538134
10541,1,2.719422065937699
10542,0,
10543,1,1.6599464334198692
10544,1,2.84954625437044
10545,1,
10546,3,2.260309408807745
10547,3,2.4316216318098567
10548,3,2.135259568773522
10549,5,2.1335120468195914
10550,5,2.509764332514567
10551,1,1.3989352115752356
10552,3,1.7194687180534178
10553,3,0.8081350404479853
10554,0,
10555,0,1.5098353206004396
10556,0,2.204631403104984
10557,0,2.2022385231372823
10558,1,2.031522767260668
10559,5,2.3178498637767744
10560,5,2.010097322304971
10561,3,1.4179914389925885
10562,3,1.546699183607105
10563,3,0.9344710314124999
10564,3,1.946123177226132
10565,3,1.2868068541454583
10566,3,2.2206109634974016
10567,3,2.186088697361675
10568,1,1.4261478250714832
10569,3,1.3497208107365308
10570,3,1.448068012383722
10571,1,1.7705986911351863
10572,1,1.957262533747168
10573,1,1.5700596397540652
10574,1,0.8460634638315448
10575,0,1.3455013669841438
10576,0,1.572248516543542
10577,0,1.6992032929768515
10578,1,1.7808302628815857
10579,1,1.9747935289608056
10580,0,2.1179657771523988
10581,1,1.906089096710897
10582,1,1.3386402001794953
10583,2,1.621968313534095
10584,0,1.3712189689921068
10585,1,2.2631353960919025
10586,1,2.2631353960919025
10587,1,2.827713385502042
10588,2,1.9845594258963741
10589,5,1.2937000439378958
10590,3,1.7304299820118245
10591,1,1.471516576863164
10592,4,1.8732302551429874
10593,4,1.7269070073251234
10594,1,1.536202733000999
10595,1,1.717118801016998
10596,1,2.250600928548008
10597,1,2.6699959119643912
10598,4,1.3551273856094859
10599,1,0.8814885040174081
10600,1,1.2366761396876296
10601,5,1.500848637628893
10602,5,1.7478085371756018
10603,5,1.475764159795817
10604,5,1.215712554011932
10605,5,2.252509906025059
10606,2,1.145458228975295
10607,5,1.764476808106162
10608,5,1.8658684149122604
10609,3,1.5450385988658752
10610,5,1.3797423825273973
10611,5,1.4755842066509508
10612,1,1.3085956931907115
10613,1,1.1041541662139736
10614,5,1.4693234276103806
10615,1,0.8247432717242708
10616,1,1.522358713119875
10617,1,1.522358713119875
10618,3,1.2618471686563444
10619,5,1.7720994464034399
10620,5,1.739841275131299
10621,5,2.5005965053071386
10622,1,1.4688209263291343
10623,3,1.397043569228592
10624,1,1.455818602051459
10625,3,1.3364554161069475
10626,3,1.3832921305433263
10627,3,1.6722778952920896
10628,3,2.5470980355590873
10629,4,1.8567830316676885
10630,4,2.661264867766689
10631,2,3.1603839082133556
10632,2,1.327145557213048
10633,2,1.3342126988052259
10634,3,0.48312406108092154
10635,5,1.3369081645516614
10636,4,2.6259629851272095
10637,4,2.6575353666685673
10638,1,1.4686840506866234
10639,5,1.7383199667833549
10640,4,3.536228889130005
10641,4,3.1232500447770866
10642,4,1.4007604638726288
10643,4,1.4102645378637118
10644,4,1.6029714851188366
10645,1,2.2914012822578846
10646,1,1.1824810243592783
10647,1,1.1824810243592783
10648,2,1.5437198785193653
10649,3,1.2727688262930203
10650,3,1.362453441646846
10651,3,1.4554686873788225
10652,2,1.6230682072196372
10653,4,1.2768691698522445
10654,2,1.80038314872671
10655,2,2.14862845517091
10656,4,1.3053905832782209
10657,3,1.132206333560259
10658,0,1.3315833432958128
10659,2,1.823558077840357
10660,2,2.067697616380255
10661,4,2.1540205047666867
10662,2,2.5542146321077133
10663,2,1.429842441350523
10664,2,1.9654225160293333
10665,4,2.1540205047666867
10666,2,2.5542146321077133
10667,0,1.6661962485233417
10668,0,1.629943776919361
10669,4,1.6409888774750176
10670,2,1.5507992093429899
10671,2,1.562376402143851
10672,3,1.4368265740519444
10673,3,0.8015991999175851
10674,1,1.669542738743789
10675,0,1.1387964272781064
10676,0,1.9582828391996527
10677,5,2.13609693596025
10678,2,2.129016949278193
10679,0,2.0553698741027713
10680,0,2.3958286928771217
10681,2,2.072764654579973
10682,1,1.5115334483449872
10683,4,2.3744865918390112
10684,1,1.624209126185181
10685,2,1.743032813574037
10686,2,1.0552740698035794
10687,2,1.5378620604811626
10688,4,1.398807054211137
10689,2,1.5699221885239887
10690,2,1.263316929072564
10691,4,1.3223201550105796
10692,4,1.8811343010655175
10693,4,1.8060601022971199
10694,4,0.6109177378404687
10695,5,1.5968200020984258
10696,2,1.874218439735084
10697,2,1.4953778941572535
10698,2,
10699,3,1.315742087678771
10700,2,2.0606911862976163
10701,5,1.9623276244245702
10702,2,1.6321872255029666
10703,3,1.8612154134649221
10704,3,1.6041281448409366
10705,3,2.691415011358412
10706,0,2.0439453724986265
10707,1,2.5987622976408775
10708,1,2.5987622976408775
10709,0,1.8626450370756686
10710,1,0.5662846327328888
10711,0,2.1298149253921883
10712,1,2.6026318683752483
10713,1,1.688979152486782
10714,0,1.2650370677013576
10715,1,1.5362651934665168
10716,1,1.5757699127902458
10717,0,1.6303379687495578
10718,1,1.5644884110711212
10719,1,1.0789632876988287
10720,4,1.1005472499377094
10721,5,1.4974642201427806
10722,2,1.7610231315227312
10723,2,2.505258835265226
10724,2,1.7719815088592294
10725,2,2.006982629114897
10726,1,0.9937662233648882
10727,1,2.382139665829359
10728,4,1.7142229385170176
10729,4,1.7142229385170176
10730,0,2.1679948897490413
10731,4,1.9086192155201398
10732,0,2.0596613354678763
10733,1,1.942713525662379
10734,1,2.123406186007842
10735,4,2.099112394612797
10736,1,1.6815354350739233
10737,4,1.0732004327338687
10738,4,2.5002572906626472
10739,4,1.3482196644133018
10740,4,2.1488385140172923
10741,1,1.5283505669042339
10742,3,1.230659529626049
10743,3,3.3200500419429235
10744,4,2.4484436079625356
10745,3,3.423133726547119
10746,1,1.0896290514268732
10747,5,1.6073447035857884
10748,1,1.1118729030680345
10749,1,2.335558608237099
10750,3,1.5991896260435756
10751,3,1.8081195894436997
10752,3,1.5317853642230148
10753,3,1.3375520616568872
10754,3,1.7495150220727815
10755,3,1.6604548719294805
10756,1,2.1590073339025153
10757,3,3.2307352970256016
10758,1,2.679731763175753
10759,1,0.878328613008485
10760,4,1.0195830289792707
10761,0,1.6872670159805696
10762,3,1.4007114192110803
10763,0,1.4621499243950322
10764,1,1.5310942540259562
10765,1,1.6325752677790575
10766,1,1.7882805508324064
10767,1,2.3078073592306922
10768,5,
10769,3,
10770,3,
10771,3,
10772,3,1.5518400393514176
10773,5,1.8852657841998586
10774,3,1.3045858356320497
10775,3,1.2636580074106507
10776,1,2.444123092250882
10777,1,2.444123092250882
10778,0,
10779,0,0.9102890818194588
10780,0,1.7762340173252071
10781,3,1.204712277210731
10782,0,0.8300661176865448
10783,0,1.6384253196453813
10784,3,1.4912302593120677
10785,5,2.238542043812803
10786,1,1.2041066685093604
10787,1,1.4629122222435345
10788,2,1.417711696655446
10789,1,0.9310885082442119
10790,5,1.3137227266704772
10791,3,1.4871369836691954
10792,3,1.3703501462257617
10793,3,1.2593606715946783
10794,5,1.7171458562452877
10795,0,1.945843761196245
10796,1,2.0116154874936845
10797,1,1.7007637697221014
10798,0,2.708211553640639
10799,0,1.7027582606320646
10800,1,1.1419095514635156
10801,4,0.9864817486342657
10802,1,1.3864649544410863
10803,1,1.4666842157417217
10804,1,1.919147479964622
10805,0,2.247050822513698
10806,1,1.0987797861763995
10807,1,1.0733531119295285
10808,1,1.305008973027203
10809,1,1.3496929487358031
10810,0,1.811659029459848
10811,0,1.483755393477557
10812,0,1.9370733817896884
10813,1,1.618414118450118
10814,0,2.5352553161544082
10815,1,1.7385092401531608
10816,4,2.3962511745873325
10817,1,1.1356454634789153
10818,0,1.1536794580192826
10819,1,2.529738505735938
10820,1,1.2106381353167246
10821,1,2.050442365474368
10822,1,2.050442365474368
10823,1,1.2661053250819805
10824,1,1.6341529394794263
10825,1,1.4822890297658045
10826,1,1.3672281453276915
10827,1,1.5817287740903425
10828,3,1.9895143690330195
10829,1,1.8942773256603416
10830,1,2.9740634191149646
10831,1,4.198637560500038
10832,3,1.1435480223746661
10833,5,1.678698394866472
10834,3,2.2594608763687796
10835,1,1.3883222258582695
10836,1,1.3883222258582695
10837,3,1.7686075631545424
10838,3,1.2130737003468297
10839,3,1.9938692901452708
10840,3,0.9325157952677287
10841,5,2.150545647301988
10842,5,1.91747690582259
10843,5,2.0968110534426483
10844,5,1.8433738497118952
10845,3,2.4248481689064594
10846,3,1.5384684088579708
10847,5,1.59713270441744
10848,3,1.6874587163987558
10849,3,1.470970624854949
10850,1,1.3549965088247695
10851,1,1.4407345065133614
10852,4,1.7303639173300551
10853,0,2.6620058179193182
10854,1,1.137040263700627
10855,0,2.2879137767401554
10856,4,1.3665340041504985
10857,1,1.7411816973098526
10858,5,1.9932127970457254
10859,5,2.3302675274516718
10860,3,1.9648973992578627
10861,3,2.5743120226368057
10862,3,1.3387190759619294
10863,3,1.4831969448419737
10864,5,3.0371244156283352
10865,1,1.8158483221057138
10866,4,1.0528642193739994
10867,5,1.4608620796547453
10868,1,3.1126484747318357
10869,1,3.4145042175979796
10870,1,2.1906095501672955
10871,1,2.2967770822395073
10872,2,1.9238237968602232
10873,0,2.0228635886884114
10874,2,2.091276392594161
10875,1,1.8489170101803705
10876,1,2.4291834543105444
10877,1,2.122436178250791
10878,1,2.2992551378360675
10879,0,1.344116680168718
10880,3,1.262684414634718
10881,3,1.328540093698367
10882,0,2.9935527739876298
10883,3,1.6438529972652034
10884,3,1.476190841788744
10885,3,1.7190329142085468
10886,1,1.4190257573057197
10887,1,1.453138476605501
10888,3,1.4974067850308355
10889,3,1.8185405681079287
10890,3,1.5051497322294836
10891,3,1.6116917030551268
10892,3,1.733167702969322
10893,3,1.8988515488938331
10894,3,1.2465366350291929
10895,1,2.53562248041973
10896,1,3.0331166327486665
10897,0,2.0502762607729155
10898,0,2.318494065224497
10899,0,2.6574308804122118
10900,0,2.340676484924464
10901,0,2.0584746327433416
10902,0,1.8276002612893565
10903,0,2.4877972535403767
10904,0,2.4877972535403767
10905,3,1.4896579427371917
10906,3,
10907,3,
10908,3,
10909,5,
10910,3,1.3694985833744395
10911,1,3.1791870785931957
10912,1,2.7377531544547615
10913,4,1.3276133020276828
10914,4,1.4319010642692667
10915,3,1.5425940200438404
10916,3,1.2302785282601476
10917,0,1.3579873561379054
10918,0,2.259843808998425
10919,0,1.3182682979164646
10920,3,1.5632949718447915
10921,3,1.6086478980758336
10922,1,1.472552308543226
10923,1,1.0197529609848286
10924,1,2.1001687773587654
10925,1,2.1001687773587654
10926,1,1.4831485682088137
10927,0,2.3775634374395396
10928,0,1.9680242729638227
10929,0,3.2659838398249312
10930,0,3.7838082256874945
10931,0,3.5475281840215205
10932,0,1.9010140472703196
10933,0,1.7629697156789035
10934,0,1.4286802613286345
10935,0,1.9558831390600082
10936,5,1.5825981585242097
10937,3,3.0660021914516085
10938,3,2.70160752059179
10939,3,1.8511738172304593
10940,1,1.0152587602453502
10941,5,2.8372759184264593
10942,3,2.2267316633381835
10943,4,1.9009627619965614
10944,1,2.2677811805791532
10945,1,1.774227409179775
10946,1,1.7672563620633888
10947,1,1.2908630161172665
10948,1,1.7050801995499563
10949,1,1.334252222220104
10950,1,1.6520824692788625
10951,5,1.8825197982960238
10952,5,1.3872596308908325
10953,5,
10954,3,1.4167366089063258
10955,3,3.240610361830116
10956,3,3.240610361830116
10957,5,1.3088877047353453
10958,1,2.296457131295867
10959,0,0.8792680592797267
10960,0,3.0315475104292586
10961,1,2.384816958308874
10962,0,1.2318951943501306
10963,0,1.4155350320503421
10964,0,1.070651554128069
10965,0,0.9496513728775532
10966,5,3.6091320549486188
10967,5,3.847110628516706
10968,3,3.2903276596489244
10969,5,2.55427035680975
10970,5,1.7977172450499797
10971,5,2.8795512485697228
10972,4,1.1344048837110607
10973,4,1.3156941614290685
10974,3,0.735288769714786
10975,0,1.1005564595637096
10976,5,1.6505058514481847
10977,3,1.2861862234044683
10978,3,1.9071506756246872
10979,0,2.1139591002888762
10980,0,2.4586309131152477
10981,0,0.7913739710324622
10982,1,1.786782279782037
10983,1,1.792883024340129
10984,0,1.7803444096312044
10985,1,3.1385391097726405
10986,1,3.6093963570629004
10987,3,2.3658226636948427
10988,1,2.0418550501665016
10989,1,2.296326785181972
10990,3,1.623708646438576
10991,3,2.2216591645769257
10992,5,1.886098302546785
10993,5,1.2183244041934072
10994,5,2.10143959058158
10995,5,2.0938155157561176
10996,1,1.885050642980733
10997,1,1.9224622438112917
10998,3,1.3135382617208742
10999,3,1.601157567325807
11000,3,1.9085422687985654
11001,3,2.428990772552424
11002,3,3.0543230395725804
11003,3,2.2674637150021417
11004,3,1.7568299745675071
11005,3,1.642137262493678
11006,3,1.2852371403964304
11007,3,1.4520932161871067
11008,3,1.6340821798844718
11009,1,1.2741580149263414
11010,3,1.3163065946945565
11011,5,2.2640754853284246
11012,3,2.2357096113600012
11013,0,
11014,0,
11015,2,1.6397208863154922
11016,2,1.285961607363878
11017,2,0.9568119224368423
11018,2,2.4775367048232124
11019,2,1.594746142878657
11020,4,2.2207282867236744
11021,2,1.3371035727655838
11022,4,1.2329486636602134
11023,4,2.417862783968518
11024,4,
11025,2,
11026,4,1.6883179555567815
11027,4,1.3944480557535717
11028,4,1.2480203779181316
11029,4,1.7470168652512075
11030,4,1.6424370778574902
11031,4,1.4584331598462603
11032,2,1.9889788020149024
11033,4,1.5268581674911685
11034,4,1.1244249931025656
11035,1,
11036,5,
11037,1,
11038,4,
11039,4,1.2387997488352491
11040,1,1.3745298316433452
11041,1,2.4304756922154436
11042,1,1.8498569290400444
11043,2,2.1701721600077204
11044,2,2.7146896395169637
11045,2,2.2768214273261744
11046,2,2.507130135657411
11047,2,2.143387786969519
11048,4,1.2555918527437315
11049,4,1.5186184616614757
11050,5,2.229914757589877
11051,4,1.6725148612405194
11052,5,2.4861955912563993
11053,4,1.423697544969744
11054,2,2.702047188189112
11055,5,1.558049333425594
11056,4,2.1915453657833814
11057,4,2.2206072048204812
11058,5,2.8881625384126473
11059,2,1.912210534309982
11060,2,2.0441104224155984
11061,2,2.0441104224155984
11062,4,2.93554001108353
11063,4,2.93554001108353
11064,2,2.753766203902233
11065,2,3.9962132195933715
11066,2,1.1141386733190974
11067,2,1.2313221303723625
11068,4,0.640007574198084
11069,2,1.625577872797562
11070,4,1.8073447481729144
11071,4,1.6586843857401614
11072,2,1.664418859210665
11073,4,1.9361946554799034
11074,2,2.6510021419098404
11075,4,2.3767095824409203
11076,4,1.8907539504400763
11077,2,2.61836720136991
11078,4,
11079,4,
11080,4,
11081,4,0.7936892640860705
11082,2,1.1541070093005963
11083,2,1.1673415591552574
11084,4,1.687284394158425
11085,2,1.8093104625902396
11086,4,1.8651430825782271
11087,4,1.8651430825782271
11088,2,1.3723435512846789
11089,4,1.8068243544733016
11090,4,1.2576294604920852
11091,5,2.221338645896632
11092,1,2.5377402867717618
11093,1,1.7337968543334659
11094,1,1.641305835018986
11095,1,1.7552512174334398
11096,3,1.4762884129784963
11097,5,1.9197721615106718
11098,5,2.374451277404261
11099,5,2.317344863842369
11100,4,2.2924428285435297
11101,2,2.5552630236663645
11102,3,2.4061076506619012
11103,1,3.127257255148154
11104,1,3.139722503568279
11105,1,1.806096314194179
11106,1,1.5865588756571398
11107,4,1.8896572694564875
11108,2,2.7268644204797776
11109,4,1.9758177804074823
11110,4,2.4889135185624345
11111,4,1.3026821542546188
11112,4,2.0327303672125208
11113,1,1.7922636574565933
11114,1,1.6943496977824102
11115,1,2.3582445807802075
11116,1,1.859910596813568
11117,2,1.4307242192345926
11118,1,2.0755767551642004
11119,2,1.9099504825153768
11120,3,1.4024619463575532
11121,3,1.5783625988707728
11122,5,2.268833981939865
11123,2,1.713766628918873
11124,3,1.4024619463575532
11125,3,1.334156264219005
11126,3,1.1588464111886705
11127,3,1.2995105292354376
11128,1,2.2602634155063797
11129,1,1.6761377538611075
11130,1,1.6761377538611075
11131,1,1.678647378978463
11132,4,2.5066904390201112
11133,2,2.1152852460971405
11134,0,1.502610160186181
11135,1,1.0858394230161859
11136,1,1.631606065884341
11137,4,3.104810149170183
11138,1,1.979413729480785
11139,4,1.5738479495005142
11140,2,2.328060525878885
11141,4,1.6625488873469814
11142,0,2.6962131256201523
11143,0,2.4730038583331937
11144,0,0.9879948287826291
11145,0,1.5344925370555655
11146,4,1.7140609533997027
11147,1,0.9941119933913899
11148,2,1.779406114539637
11149,2,1.562203562056218
11150,1,2.3660907208441397
11151,1,1.7909096229357777
11152,0,1.7837465026102908
11153,0,2.760799953281426
11154,0,1.8933200121325866
11155,0,1.918035398446834
11156,0,1.8933200121325866
11157,1,1.6601869493867594
11158,1,1.6716130215141545
11159,1,1.7642061991837685
11160,4,1.131304912827668
11161,3,2.806107668192933
11162,3,1.9321374361014363
11163,3,2.713806686418602
11164,1,2.340231052852529
11165,1,1.825435561087707
11166,0,1.7934255946163993
11167,2,1.6219939741856941
11168,1,1.6023119285910297
11169,1,1.6478831598890722
11170,4,3.6028400830132723
11171,1,3.3791855367100814
11172,1,2.718210013889497
11173,0,1.51551197891768
11174,0,1.0493270593487691
11175,0,1.3095778608862974
11176,0,1.702452740294482
11177,0,2.088097716693955
11178,0,1.4671321885594404
11179,0,1.210705060823662
11180,1,1.578078683599982
11181,1,2.8286770440765165
11182,1,2.8286770440765165
11183,4,
11184,4,
11185,4,2.5616559232434835
11186,1,2.071965258995421
11187,4,1.269008938951871
11188,3,1.9348492710293592
11189,5,2.172371238779277
11190,3,2.5411372816147013
11191,3,2.019355663221412
11192,3,2.082574144050656
11193,1,2.1283891092136082
11194,0,1.9767312159429187
11195,0,1.9767312159429187
11196,0,2.0868278635114192
11197,0,2.711092530603063
11198,1,2.0586105999819844
11199,0,1.19621406721217
11200,0,2.578402277446192
11201,1,2.116401495124868
11202,0,2.839272904052529
11203,0,2.501275915066057
11204,0,1.3434111435811562
11205,0,2.4437465083284122
11206,1,1.4375729078707469
11207,1,
11208,1,
11209,1,1.8001921145613102
11210,1,1.8001921145613102
11211,0,
11212,1,
11213,1,
11214,1,
11215,0,
11216,0,
11217,0,
11218,0,
11219,0,
11220,5,2.1809349985003186
11221,1,
11222,5,
11223,3,
11224,3,1.430054056081967
11225,4,1.9605841364720957
11226,4,
11227,5,
11228,3,
11229,1,2.9875881239847946
11230,1,2.1023204611487873
11231,1,1.136330884755187
11232,0,1.976329738736073
11233,4,1.1647099939334538
11234,1,2.083975793688576
11235,1,2.083975793688576
11236,1,2.1286236509305194
11237,0,1.5280464726584002
11238,4,1.3987702919441485
11239,1,2.002282145706739
11240,1,1.6582117135985062
11241,1,1.0201982832898382
11242,4,
11243,0,
11244,0,
11245,1,2.0714710699531675
11246,1,2.0714710699531675
11247,3,
11248,5,1.6852188151002074
11249,4,
11250,3,1.91301920154543
11251,3,2.0286755377424597
11252,4,2.2609127252228345
11253,4,
11254,1,
11255,1,
11256,1,1.6850012287320653
11257,1,1.7208155479340463
11258,5,2.169664142179281
11259,2,2.9021736121095363
11260,5,2.4350011660033877
11261,1,2.959651255592947
11262,1,1.6154958333157623
11263,3,1.77443192307997
11264,3,1.680972667385884
11265,3,2.268125433330196
11266,3,2.07588034056157
11267,3,1.6710760538434226
11268,3,2.8187256393429583
11269,3,2.347942181360362
11270,3,1.0208486306837838
11271,2,1.769585221138808
11272,1,2.41744276670692
11273,1,2.1093855877403063
11274,0,2.913984108522873
11275,2,1.9079644031616672
11276,0,1.7788221988285824
11277,1,2.7193689718255674
11278,1,2.0791399456715034
11279,1,3.007059482419452
11280,0,1.4134695573652165
11281,1,2.1222657893951817
11282,1,2.022014961996402
11283,1,1.7844161221693238
11284,1,1.8036441603484823
11285,1,2.059901095543475
11286,1,1.84703510625221
11287,0,1.8009144940199613
11288,0,1.823706995267056
11289,0,1.7202151977369093
11290,0,1.0049771063720885
11291,1,1.4881978314777715
11292,0,2.635949633001337
11293,1,1.2103049771754266
11294,0,2.5762195119674955
11295,2,1.6788928120265725
11296,0,2.6134473564069216
11297,0,2.413338097638907
11298,1,1.3739485962660143
11299,5,1.444182817882669
11300,5,1.0344107650035141
11301,3,0.839269305146644
11302,3,2.385759662975624
11303,1,2.579428859148496
11304,1,2.878166053682106
11305,3,0.9945324159518214
11306,3,2.02436262402779
11307,3,2.02436262402779
11308,4,2.0675197443692794
11309,4,1.4533903012775964
11310,2,1.9843866439042206
11311,4,1.7434748399754856
11312,4,1.4171255255774913
11313,3,1.0731327858730493
11314,5,1.5471985503461068
11315,3,2.2836019795251814
11316,5,3.1341493101255624
11317,3,0.8657887968861969
11318,3,1.3702106518111357
11319,0,1.4286528198078945
11320,0,2.1994433996983274
11321,1,1.487766050096223
11322,0,1.1382649395703595
11323,0,1.389636696299207
11324,0,1.9063152608221319
11325,0,1.649411312487496
11326,0,1.8022712802959393
11327,4,1.3576283135827247
11328,0,1.7258074663249143
11329,0,1.8061147573449599
11330,0,1.8163490526432604
11331,1,1.4989391408385435
11332,1,1.4989391408385435
11333,4,1.7304694507030849
11334,1,1.6115527603620283
11335,1,1.6115527603620283
11336,0,1.1103915932225419
11337,1,1.8613662462336156
11338,0,1.1713792972648553
11339,0,1.5812781128238649
11340,0,1.3399941448654507
11341,1,2.7196604428263607
11342,1,
11343,1,
11344,0,1.5579555837765495
11345,0,1.7246087422666299
11346,1,1.9375106080818794
11347,1,1.7998912023385958
11348,0,1.814970343030241
11349,0,1.618262230400166
11350,3,0.9645233433524583
11351,0,2.1754689199411334
11352,3,1.692581304244428
11353,1,1.8782420706869527
11354,2,2.2075958452926443
11355,1,2.5276571755390433
11356,1,2.5276571755390433
11357,1,0.9856060546173855
11358,1,2.2070544743710023
11359,1,1.720418333495362
11360,0,2.5663903485659074
11361,0,1.7918302363665906
11362,0,1.054818722608144
11363,1,1.0279620977679662
11364,0,2.3842411514897344
11365,4,
11366,4,2.417986385863502
11367,1,1.2248162406077865
11368,1,1.8747174516910903
11369,1,1.5234918960874368
11370,3,0.9643073775631507
11371,3,1.5475967561537807
11372,3,2.300597411327338
11373,3,2.4619739013490536
11374,3,2.031664386103347
11375,0,1.9463148718105074
11376,0,1.5896421954350546
11377,0,1.7921449488818118
11378,1,1.6341641449171862
11379,0,2.3739683693175473
11380,1,2.0353300277829938
11381,0,2.8455619999934547
11382,1,1.5061410603148433
11383,0,2.7478647999453094
11384,0,3.457616496438988
11385,0,1.9136686535805045
11386,0,1.8618080571705866
11387,0,1.9136686535805045
11388,0,1.6870197249671037
11389,0,1.62531981460857
11390,0,1.0384748132803574
11391,3,1.1138970375271886
11392,3,1.1881449497761947
11393,3,2.4892308641821743
11394,3,1.8033062818835408
11395,1,1.3616827010620214
11396,3,2.343116247813326
11397,3,2.2236644614369694
11398,0,
11399,5,2.5838587383049547
11400,2,2.5208461785129272
11401,5,1.3237894212809764
11402,2,2.1063207438114047
11403,5,1.7810758082705724
11404,3,
11405,3,
11406,5,2.068373880857734
11407,3,0.960252723679891
11408,4,0.6121259769883344
11409,2,1.0253895884637836
11410,4,0.7302719532349559
11411,2,0.8874990578360915
11412,2,1.0588343581151651
11413,2,
11414,2,1.308572785303682
11415,2,
11416,2,
11417,2,
11418,2,1.1217074862527772
11419,4,
11420,4,
11421,4,
11422,4,
11423,3,2.1436067694915755
11424,3,1.2218185863428224
11425,5,1.0004456440664677
11426,5,1.198399945009231
11427,1,2.3721413672711145
11428,1,2.3661867162348407
11429,1,2.232738013267472
11430,1,1.9649384225418591
11431,1,2.4577521476538546
11432,1,0.9136065010729046
11433,2,1.941925452540545
11434,3,1.4380186776128712
11435,2,2.743499042418596
11436,2,1.787114975931147
11437,2,1.946000037723103
11438,2,2.035301166126658
11439,2,1.2970964981592121
11440,2,2.127719055840951
11441,5,1.4445191793886714
11442,4,1.4713075289052513
11443,4,1.897251188574729
11444,4,1.6708207318372004
11445,4,1.2279537543329124
11446,4,1.7359840252291876
11447,4,1.4972048149083208
11448,4,1.2162283283973252
11449,5,1.5165310373318805
11450,1,2.1994889808322378
11451,1,2.1994889808322378
11452,4,1.1028784443686308
11453,4,1.156910765908708
11454,2,1.676803935421331
11455,0,1.4684332155434565
11456,1,1.5860096299369233
11457,2,1.4515794439848877
11458,1,0.7512314582533528
11459,1,3.0369617515792724
11460,1,2.761989585924269
11461,0,1.7655001035640325
11462,1,1.2239861125155593
11463,0,1.1900523363501088
11464,0,1.7023185337418734
11465,0,1.2682143806864346
11466,2,
11467,3,1.2294380750553247
11468,3,1.2992048847472732
11469,3,1.1852136385324799
11470,3,1.6495121172007252
11471,3,1.3035947102181327
11472,3,1.4589879250354614
11473,3,1.7287391881472294
11474,3,1.9902064469774132
11475,4,1.9250615040641612
11476,4,2.604360649044443
11477,4,1.95942869805403
11478,4,1.8358827125952502
11479,4,2.6409324172254474
11480,4,1.301649972615577
11481,3,1.0354668230766597
11482,0,1.8981828487294663
11483,0,
11484,0,2.230444877702772
11485,1,1.8700582980753708
11486,1,1.569608367567294
11487,0,2.4907587045173942
11488,5,
11489,1,
11490,1,
11491,3,2.842886390102195
11492,3,2.842886390102195
11493,0,0.9608399492683325
11494,0,1.1165654498527215
11495,1,1.7234690309187588
11496,0,1.3410631287226724
11497,1,1.7234690309187588
11498,1,1.055916624106046
11499,0,1.9918778064089047
11500,0,1.499542460986918
11501,0,1.734511314135072
11502,0,1.8805982200343527
11503,2,
11504,2,
11505,5,
11506,2,
11507,5,
11508,1,
11509,1,
11510,4,1.2312799222692528
11511,1,1.9512792229398055
11512,1,1.9316621945766725
11513,2,2.2720767584945367
11514,2,1.4350430048993303
11515,1,1.2125883725016826
11516,1,1.897373831548302
11517,1,2.0678822162689716
11518,1,1.9288006996966702
11519,1,1.5538149596123754
11520,3,0.8899296634577956
11521,5,1.691157544303894
11522,3,2.2339630227841476
11523,5,1.6467572395888694
11524,2,2.0009972721912725
11525,3,1.8416551866758626
11526,1,1.2215405279259632
11527,4,1.2828861978008672
11528,2,1.7074944656125552
11529,4,1.3921594799183703
11530,5,1.7379039823260418
11531,5,1.4602506965969448
11532,4,1.3732558962372658
11533,4,2.477856451382016
11534,4,2.3080125014035824
11535,4,1.4829677351677983
11536,4,1.317550362328838
11537,4,1.1215332353819198
11538,4,1.0637590692482577
11539,5,1.3707656559254215
11540,3,1.3850296048437736
11541,3,1.5480373022303024
11542,3,1.3227954452622215
11543,4,1.6157691494503377
11544,2,1.741650767047545
11545,3,0.9967602604059098
11546,3,
11547,3,
11548,5,
11549,5,
11550,3,1.114647064882674
11551,3,2.26580694145434
11552,3,2.619830626277452
11553,3,0.7773165615865891
11554,3,1.3582603358086727
11555,3,1.3812889950380836
11556,3,1.3237014793992734
11557,3,1.0482908322451499
11558,4,1.2132037047951134
11559,2,1.4367890013342592
11560,5,2.6605855077597877
11561,4,1.3572868822040802
11562,4,1.2524574342295436
11563,4,1.5719794803005063
11564,1,0.9516414477557683
11565,2,1.3151743481402018
11566,2,1.416698526625721
11567,2,1.9174992018310517
11568,2,2.6891669996929153
11569,5,2.408072974610432
11570,5,2.194859498689823
11571,2,2.189436583471846
11572,4,0.7349869799420744
11573,2,1.378589075418071
11574,2,2.133561058326755
11575,5,2.515735698886836
11576,5,2.4092968297562893
11577,2,2.0312849282384713
11578,2,2.2554664999337724
11579,5,2.286747076038146
11580,5,1.047044121026122
11581,3,1.4290167914903527
11582,5,1.393773598854381
11583,3,1.4514190165102907
11584,3,0.9886003987322891
11585,4,0.9449967965807105
11586,0,1.2828720208584699
11587,4,0.8636313161410658
11588,0,0.8606066807128614
11589,1,1.1122085212516657
11590,4,1.4483354185483095
11591,4,1.587510095078638
11592,2,2.155061708994268
11593,4,
11594,4,1.6060928175556568
11595,4,1.5347808608046176
11596,1,1.769476279738624
11597,4,1.3249875048255784
11598,1,2.209136918223262
11599,4,1.6228908149677608
11600,4,1.2692731247622582
11601,4,1.1418089193553533
11602,2,1.7912147515590948
11603,2,2.1844910256063246
11604,4,1.1657718170106532
11605,5,1.9843741116178584
11606,2,2.232553581714299
11607,4,1.6549172333320041
11608,4,1.6549172333320041
11609,4,1.5647795285539898
11610,4,1.6746158454572198
11611,2,1.3061184746548056
11612,2,2.2689693710875165
11613,4,1.6193578716506276
11614,2,1.7397671235645966
11615,2,1.7488838330560184
11616,2,1.428774234686394
11617,4,0.9371798401638163
11618,2,1.816265993283015
11619,1,1.5291367391887567
11620,2,1.5664344543743116
11621,1,1.644250361687495
11622,4,1.862642044999449
11623,4,1.9965726434972135
11624,4,1.8538572750259859
11625,4,1.037404303552106
11626,4,1.2011326895124788
11627,1,1.0587383259276926
11628,4,2.4316119730410097
11629,4,2.2180819810084174
11630,4,1.0419715739319169
11631,4,0.9479066248644741
11632,4,1.4514828633686176
11633,2,1.1369003507888886
11634,2,
11635,2,2.420345873835792
11636,2,1.095944859604321
11637,4,1.698470129949681
11638,1,1.8349395976078473
11639,4,1.4565426822096301
11640,0,2.007022321954067
11641,1,2.2738753849266162
11642,4,2.0457181683316774
11643,0,2.4317588502761596
11644,0,1.1035965913107924
11645,0,1.8416891707043206
11646,2,2.055168491215149
11647,2,1.95333198274197
11648,2,1.4098956290171252
11649,2,1.9592327076624192
11650,2,2.0201572628931346
11651,2,1.9463397397018194
11652,2,2.3459832578535664
11653,2,2.0080613774902063
11654,2,1.6469037383442253
11655,1,1.3635607468800817
11656,4,1.161982870062313
11657,4,1.0491283166713379
11658,0,1.3993881246835673
11659,1,1.2093819904650187
11660,0,1.1847954345629217
11661,2,1.923151901008235
11662,1,1.3120785835429327
11663,1,1.6811277375082585
11664,2,2.8877446146714134
11665,2,1.897718736932272
11666,0,1.6824807745611243
11667,2,1.9497133099098027
11668,1,1.799927697406084
11669,1,1.799927697406084
11670,1,1.968065282177932
11671,1,1.3600036258241412
11672,2,1.9110680811349618
11673,2,2.5477053488570482
11674,2,2.623788472826102
11675,4,2.4705573757748636
11676,1,2.2251788695829697
11677,4,2.658090793651376
11678,4,1.414599618493248
11679,4,1.396307631007442
11680,2,2.9027620583731935
11681,5,2.1384833699264916
11682,5,2.513877098941173
11683,2,2.9027620583731935
11684,3,2.89074341016194
11685,2,2.1399389609303583
11686,5,1.598664378912127
11687,3,0.6799169936965076
11688,5,1.4201220070111187
11689,5,1.1208680538551583
11690,5,2.911985610453605
11691,3,0.7269461660462728
11692,3,2.390665189286095
11693,3,1.961347778678688
11694,3,1.961347778678688
11695,3,2.8090144428243438
11696,3,1.200683622598671
11697,3,1.1627240454705798
11698,3,1.2669267802292854
11699,3,1.3615455161437924
11700,5,1.2262913721208493
11701,2,1.430914079961383
11702,1,1.1354230383165032
11703,1,2.085677993242342
11704,1,1.4846943374570565
11705,1,1.8896599557412135
11706,1,2.028809074770111
11707,0,1.147581526696369
11708,0,1.835525428205488
11709,5,2.113205140880783
11710,1,1.178138174991628
11711,1,1.2906749997781986
11712,5,1.4809257705972172
11713,5,1.4549830834038116
11714,1,1.608767683949027
11715,3,1.0514387990885004
11716,3,1.4826158080139895
11717,3,1.7327893451478276
11718,1,2.406616677562397
11719,1,2.406616677562397
11720,2,1.6706797524875465
11721,2,2.2608132385249475
11722,2,1.7931018110908292
11723,2,1.2274093604840484
11724,2,
11725,5,1.5083605741387764
11726,4,1.4673015918375791
11727,4,
11728,4,
11729,4,
11730,4,2.0116623083024523
11731,4,2.3535435536230285
11732,4,
11733,4,
11734,4,1.3552624001660474
11735,4,
11736,3,1.2861627435122378
11737,2,2.3283860253748587
11738,2,3.215729887209294
11739,4,1.7578306413048561
11740,2,3.656727615814775
11741,2,2.949402913423758
11742,4,1.1998585263182788
11743,1,2.8728538448368393
11744,2,1.815091075835631
11745,1,3.0207349245925696
11746,2,1.4910328855359898
11747,0,2.1614163402536626
11748,0,1.7675242769668498
11749,0,
11750,0,
11751,1,
11752,0,
11753,1,1.6292431119062722
11754,2,1.9459963917625154
11755,1,1.5360443319533625
11756,1,1.5360443319533625
11757,4,2.330232675020622
11758,2,2.1296747555612985
11759,1,2.2421130832104486
11760,4,2.6147920950550034
11761,1,1.6648043954889615
11762,1,1.6648043954889615
11763,1,1.0203532013271979
11764,5,2.654269101511984
11765,5,2.755818901605439
11766,3,1.792304151829457
11767,3,1.792304151829457
11768,3,1.5402256696898273
11769,2,1.9062747568376655
11770,4,1.3796498304044071
11771,4,1.283322296475759
11772,1,2.7353278249206623
11773,0,2.251341626892637
11774,1,2.3880983324045593
11775,0,2.1155787705805404
11776,0,2.343169062746462
11777,0,2.6862764333840303
11778,1,2.1747092826581094
11779,0,2.552565535171387
11780,1,2.425962655138143
11781,1,1.8661425977791497
11782,1,1.8661425977791497
11783,2,1.6366022334787622
11784,0,1.9581461260499555
11785,0,1.5229027211616475
11786,0,1.8269408799762399
11787,0,1.7456686884328134
11788,0,1.7720732472197973
11789,0,2.206530610284648
11790,0,2.252873019596776
11791,1,1.7238051481249754
11792,1,1.5882697553326446
11793,0,0.9922727566923389
11794,0,
11795,0,2.283713738507598
11796,0,2.3526765711653423
11797,0,
11798,0,1.5268959009881427
11799,0,
11800,0,
11801,0,2.134572319853109
11802,1,3.3047925052630958
11803,1,2.742853452368818
11804,0,2.1334683375355152
11805,1,
11806,1,
11807,1,1.0673288620070611
11808,1,1.0908648526900102
11809,0,
11810,1,
11811,1,
11812,0,
11813,0,
11814,1,1.208046152558148
11815,0,2.60542492832297
11816,0,
11817,0,
11818,5,1.296540078523019
11819,0,1.6165903382319373
11820,0,1.3483825685085016
11821,3,1.6788533998666255
11822,3,1.9718828280252945
11823,3,2.0803658316977813
11824,3,2.0803658316977813
11825,3,
11826,0,2.348831612757143
11827,1,1.2119227615212167
11828,1,1.325554400206321
11829,0,
11830,0,1.2304696655867848
11831,0,
11832,0,
11833,0,
11834,0,
11835,4,1.0834025734415886
11836,1,1.666465016351838
11837,1,1.8273411742225214
11838,0,1.683789778823547
11839,1,1.6337576928910853
11840,0,2.2211174554350506
11841,2,1.513273261509139
11842,1,2.284304433739219
11843,5,
11844,5,
11845,4,1.0669370894904633
11846,3,
11847,3,1.0984283179321865
11848,3,1.7859879930271447
11849,3,1.7127872597478258
11850,3,
11851,5,2.445739319038998
11852,5,2.2594028001917335
11853,5,1.3388936427049756
11854,3,
11855,3,1.862234269539868
11856,5,1.2332452443289021
11857,5,2.387889101618004
11858,4,1.089949998303259
11859,2,2.4545761921854834
11860,1,2.0499342072375715
11861,5,2.793600241291927
11862,1,1.7591738568737119
11863,2,2.4545761921854834
11864,4,1.9101842406375673
11865,4,1.3001135255091745
11866,4,
11867,2,1.9826596193834003
11868,4,
11869,4,
11870,4,1.1498014862354269
11871,2,1.2077582052665916
11872,0,1.7145820024627647
11873,4,2.1348524103727526
11874,1,1.2251685376063581
11875,1,1.1978332527232014
11876,1,1.0825094523759815
11877,4,1.4524500462839758
11878,0,2.0746351031207277
11879,0,1.8546679980539806
11880,0,1.5734378513125524
11881,0,1.5151807883238457
11882,0,1.5826275976735025
11883,0,1.8938507626314178
11884,0,1.2711220804613939
11885,1,1.744365365820097
11886,0,1.8406471504645219
11887,5,1.4361303934094145
11888,3,1.5127240786609346
11889,5,2.5972637894096593
11890,5,1.5757986263565293
11891,5,1.6567967641502872
11892,4,1.6841658068693872
11893,4,1.2420811833948033
11894,4,
11895,2,1.7832326214147627
11896,4,1.0592011362587233
11897,4,1.3697405657712405
11898,2,1.5779670635848129
11899,2,1.8168602655810229
11900,2,1.6374871506425133
11901,2,3.4375133765346173
11902,2,3.3136438497249405
11903,4,1.3097550466888548
11904,5,1.4687095180148588
11905,4,1.476056277115798
11906,4,1.2990290502881325
11907,4,1.8666700974772823
11908,4,1.8900857100124777
11909,4,1.7303929099612552
11910,4,
11911,4,1.1804768418926832
11912,4,2.3238423438604676
11913,4,
11914,1,1.2353269438686454
11915,4,
11916,3,1.5336443166530083
11917,1,2.650615788963897
11918,2,2.272191499797917
11919,3,1.8473321913151568
11920,1,1.0409012021206652
11921,1,0.9832516854082383
11922,4,2.481701142977443
11923,4,2.5274884424144872
11924,4,2.4728340873628283
11925,4,2.1079509560636485
11926,2,1.2561121470912846
11927,4,2.24573210202301
11928,2,2.2376221918554133
11929,4,1.0565772052249998
11930,2,1.2565894909202007
11931,2,1.8756073130098987
11932,2,1.5690550875710123
11933,2,2.34027556294396
11934,2,2.615854488864825
11935,4,1.2480081665552578
11936,2,1.5157758483523784
11937,2,2.1162488878688257
11938,4,1.2254613915791543
11939,2,1.196003722102031
11940,4,2.763954204784553
11941,4,1.21655988337058
11942,4,1.6605945082515
11943,4,2.8078237136399884
11944,4,1.6787966947703865
11945,3,3.7537442520103026
11946,3,3.7537442520103026
11947,3,2.465631642157008
11948,5,1.5054411386334399
11949,5,1.9427146952228487
11950,3,2.0060803929968607
11951,5,3.1482996780558095
11952,5,3.100865867668826
11953,3,1.1541952768117154
11954,3,1.1022184009996858
11955,3,1.9317455528677514
11956,3,
11957,3,
11958,2,
11959,5,
11960,1,1.093863544826093
11961,4,1.723839543181973
11962,2,1.840010399155425
11963,4,1.9616122744321471
11964,1,2.014094282814555
11965,2,2.7420321600472355
11966,2,2.7420321600472355
11967,2,2.833533798741013
11968,2,2.779280235749009
11969,2,1.4449409772748787
11970,4,1.9004730048469045
11971,4,1.7499958574373762
11972,4,2.5041009206520726
11973,4,1.3424982538332222
11974,4,2.8983552667185846
11975,4,1.0588243178022312
11976,5,2.0040178627018914
11977,3,2.35701729184948
11978,3,1.5062463003504882
11979,3,1.732960253770887
11980,5,2.806346182932242
11981,3,1.9000954138417079
11982,4,2.641029333331796
11983,2,1.5716354568747186
11984,3,1.2017337075746237
11985,2,2.145359983825139
11986,2,1.7065266544052144
11987,2,2.002327886996913
11988,5,1.5965020037740383
11989,5,2.645977285158295
11990,5,2.7755769090668587
11991,5,2.6909508075149278
11992,3,1.3556662060672786
11993,3,2.5569988098414056
11994,2,1.4810806832178707
11995,2,1.2072306773922432
11996,4,1.1749105061143557
11997,4,1.7937433831208918
11998,4,1.6383398865147338
11999,1,1.3531463128696577
12000,1,2.2168380281381803
12001,4,1.6443151471013417
12002,5,1.8105538985184149
12003,2,
12004,4,0.6200287641951693
12005,3,
12006,2,2.369013842030386
12007,2,2.2792463962219567
12008,4,2.036770657414699
12009,4,1.7066506589647854
12010,2,2.6815412137100547
12011,2,2.4483298173858628
12012,4,1.1854405521129587
12013,2,
12014,2,
12015,2,
12016,2,
12017,4,
12018,2,1.97138826572448
12019,2,3.0345091636865003
12020,2,1.2515588756734664
12021,4,1.9548675450106565
12022,4,1.9548675450106565
12023,2,1.9837780348103327
12024,4,1.7097614380277877
12025,4,1.0311320234772188
12026,4,0.9946500742314648
12027,2,2.089257412380264
12028,4,2.878343201667354
12029,4,2.878343201667354
12030,4,2.0170220070340887
12031,2,3.016095035279643
12032,4,1.2158479971423244
12033,4,1.2612488845116685
12034,4,1.2244948807943101
12035,2,1.9602970152290544
12036,2,1.3933185836377788
12037,4,2.424055255330725
12038,4,2.972650999867762
12039,1,1.3057014202911934
12040,4,2.4728520094406927
12041,1,1.0770958928003764
12042,4,2.4638026157702813
12043,2,1.3347608008508223
12044,2,1.7005101972990038
12045,2,2.122125417175613
12046,2,2.0633323192155193
12047,2,
12048,2,2.4317800215923384
12049,2,
12050,2,1.1668046775441605
12051,2,1.321896341537556
12052,4,0.872884872079047
12053,4,0.5620234893364536
12054,4,2.7727947023819466
12055,4,2.7727947023819466
12056,4,1.5198754854903136
12057,2,1.8165060593177182
12058,4,1.3429679189650794
12059,4,1.0614217138844737
12060,4,0.9129216908676869
12061,1,2.726804287751138
12062,2,2.0013026234315427
12063,4,1.992496262406062
12064,2,2.2778950765430337
12065,4,0.798524033635356
12066,4,2.2775964371713346
12067,0,3.427052839869368
12068,0,3.427052839869368
12069,2,2.7234258206830315
12070,5,1.793306642255153
12071,0,2.6669294877645244
12072,2,1.6413251749292836
12073,4,0.9745396539314393
12074,2,1.287743587071215
12075,1,1.751670325151864
12076,1,2.0308491497399683
12077,2,0.8004835460670495
12078,1,2.3780133445126457
12079,1,2.5435523691159085
12080,2,2.1901713545570773
12081,5,1.7769485334146926
12082,4,2.1707467699574843
12083,5,1.6464128669566096
12084,5,1.0368527563530439
12085,3,1.5213764600355213
12086,5,1.9194054103423939
12087,5,1.2562646010998397
12088,3,1.5359843005183615
12089,3,1.6122023270944368
12090,3,1.28379833300997
12091,3,1.4754886598158856
12092,3,1.4754886598158856
12093,5,1.643992783472355
12094,5,1.8113465030465772
12095,5,2.1060689906693537
12096,4,2.9033916192789686
12097,4,1.5702277168147007
12098,4,3.1738180522751325
12099,4,1.2625796864179342
12100,4,1.8769023257008244
12101,5,1.339619175283383
12102,2,1.1786775248806285
12103,3,1.3437914142303888
12104,5,1.7701911991663977
12105,5,1.7701911991663977
12106,3,1.4714033725483473
12107,5,2.3187429034853873
12108,3,0.8142720137517164
12109,3,1.6282202255683884
12110,3,1.6282202255683884
12111,3,0.9665769705706889
12112,2,1.5821149582720302
12113,5,1.4798684523388523
12114,2,3.3626628705770765
12115,1,3.3198040708423955
12116,1,2.7259943282469594
12117,2,3.0157122246439516
12118,1,1.302899813938988
12119,4,1.2152252535323804
12120,4,0.8676465727215487
12121,3,2.814605704112553
12122,3,2.4813838204376224
12123,2,1.6436827937191956
12124,4,1.242759290422316
12125,2,1.541507195995873
12126,2,2.456349151430258
12127,2,1.8976012331263845
12128,2,2.2203056991267998
12129,2,1.8976012331263845
12130,2,2.2766352966419654
12131,4,0.9796070012569598
12132,2,2.6533548673359277
12133,2,2.4843186397362302
12134,2,
12135,4,1.0644959715117428
12136,4,1.6269047122345341
12137,2,1.69434634449569
12138,2,1.6750486487028788
12139,2,2.769381663707469
12140,1,1.4813602788909936
12141,4,1.0778765358601339
12142,2,1.3901539317433629
12143,2,1.4196884162143844
12144,4,0.8735903950268942
12145,2,1.3958015226408078
12146,4,0.8748365102625324
12147,4,1.042939270994431
12148,4,1.9023056746754718
12149,4,2.2758495802923595
12150,4,1.826491568839368
12151,4,1.3723062260099737
12152,4,
12153,2,2.2493596202949133
12154,2,2.680433059854489
12155,2,1.8447885937014235
12156,4,2.242383649504115
12157,2,1.7042181644786458
12158,4,0.9387043940627604
12159,5,1.7398617749466259
12160,2,1.9448210551948155
12161,2,
12162,2,2.01790420570424
12163,2,2.0477357046219664
12164,2,1.3428707110131046
12165,1,1.4241287944699204
12166,1,3.032280624251554
12167,1,1.8945151507141156
12168,1,0.8808032903665756
12169,1,2.052804476273663
12170,1,1.715966077108988
12171,1,1.6932889587929618
12172,3,0.8371774400521653
12173,1,1.3119469543161153
12174,1,1.3469951427325917
12175,4,2.5255652502267303
12176,3,1.8221281668079985
12177,1,2.6025954805870595
12178,2,2.149714618066063
12179,1,2.781240590385045
12180,2,2.3002827031226034
12181,1,1.11798936558444
12182,2,1.5544950567297184
12183,1,1.140839296393157
12184,1,1.629816286440679
12185,4,1.5477454169216738
12186,1,0.7952747252910162
12187,4,1.6424821428331067
12188,5,2.4580269723298787
12189,5,1.4261734127225971
12190,4,2.2930726278322595
12191,2,1.4224389086453073
12192,2,1.416739222443791
12193,5,1.9917585200084862
12194,2,2.466528936716073
12195,2,2.466528936716073
12196,5,2.0989777703160852
12197,5,1.608222790151789
12198,5,2.1797380635661576
12199,5,2.810882117246895
12200,5,1.5171835145882657
12201,3,0.9395782879292424
12202,2,1.6434527656982603
12203,5,1.9540833099364132
12204,2,1.8902351288887755
12205,3,1.4647721993231906
12206,4,0.9991994518396798
12207,3,
12208,3,
12209,3,
12210,5,
12211,5,
12212,2,1.9939815936509366
12213,0,1.6849551575191446
12214,2,2.2207471383943256
12215,4,2.6401541379132722
12216,2,1.5523483804313356
12217,1,1.3737861157019757
12218,1,1.7766203859220189
12219,1,2.0285650552482535
12220,1,1.582075401562336
12221,1,2.2326548599415927
12222,4,2.863883890545542
12223,4,2.503921434736417
12224,2,2.113951600181442
12225,1,1.8060504423452413
12226,2,2.0628116865649857
12227,1,
12228,2,
12229,2,
12230,1,1.6951630990774715
12231,2,1.0660697649429214
12232,4,0.7867725656124493
12233,2,0.91792274405441
12234,2,1.9305928946267912
12235,2,
12236,2,1.7749191826090451
12237,2,2.3682977225154396
12238,2,2.1224661343202866
12239,2,1.5743865291809382
12240,4,
12241,4,
12242,2,1.8898190039206486
12243,1,
12244,1,
12245,4,
12246,1,2.475370423048372
12247,1,1.6733540828672966
12248,5,1.3579090708741548
12249,2,1.553641632534187
12250,2,1.5778448112237693
12251,3,0.8140329792101485
12252,3,1.7768046320831021
12253,3,1.4352883642470797
12254,3,1.287882972315863
12255,1,0.9739369448125729
12256,1,1.2959887977536213
12257,3,1.753402318528138
12258,3,1.8994628167578305
12259,1,1.2548745063596927
12260,5,1.3402665209116569
12261,5,1.9340269245700594
12262,3,1.7144826784015066
12263,3,1.3578672922028383
12264,3,1.181038041720079
12265,3,1.5478611868104977
12266,0,1.840576508258564
12267,2,
12268,2,1.5211183836682298
12269,2,2.2303585822594245
12270,4,1.3192807186579152
12271,2,1.7677171419347764
12272,2,2.2303585822594245
12273,1,1.2907001669565468
12274,4,2.2309466131756173
12275,4,2.3399947782758477
12276,4,1.9681713566199173
12277,4,0.9184567245694979
12278,1,
12279,1,
12280,1,
12281,1,
12282,5,1.4487265131838096
12283,3,1.8250635498861678
12284,5,1.3709425164561346
12285,0,
12286,3,1.5618281540108596
12287,3,2.309421586021603
12288,0,
12289,0,
12290,3,1.357408026136671
12291,0,1.943307024410603
12292,1,2.109685125119805
12293,1,1.7352425574218646
12294,1,2.4819622852431946
12295,1,2.688779967656457
12296,0,1.4510433210724039
12297,0,1.4622977230409677
12298,1,1.6631755636906318
12299,1,1.1885525197605453
12300,0,1.5547893242122104
12301,1,
12302,0,2.4316171687598023
12303,0,1.8804769476831433
12304,0,2.8524530521991665
12305,4,3.1683069448145056
12306,1,1.9968930010566217
12307,1,2.6322478525222834
12308,1,2.529286527483222
12309,1,2.2669784215100806
12310,1,3.052779885744865
12311,3,2.297534854021302
12312,4,1.1221384728906487
12313,4,1.571970280332879
12314,4,0.9583575517734967
12315,4,1.341023422859784
12316,5,
12317,5,2.217983974623224
12318,5,1.301454809676197
12319,3,1.5925017806903623
12320,3,1.870916299441454
12321,3,
12322,5,1.5851971154302587
12323,3,
12324,1,1.0969495938345444
12325,1,1.1754741931391903
12326,2,2.1733922516812507
12327,2,2.2107854435599146
12328,1,1.1500733272186032
12329,4,2.0051580466486176
12330,5,
12331,3,
12332,3,
12333,3,
12334,3,
12335,5,
12336,3,
12337,3,
12338,3,
12339,3,2.2410168582334746
12340,3,1.4904550851362308
12341,5,1.609639106615009
12342,3,1.702619877817017
12343,5,1.7568335010456397
12344,2,1.191362704893692
12345,3,1.8388311507139627
12346,3,1.741904640205899
12347,5,2.1813263720145586
12348,0,1.1176794660194092
12349,1,2.0619990757603897
12350,1,2.036280077636388
12351,0,2.384787884689131
12352,0,2.338929512658678
12353,5,2.789366662571081
12354,5,1.8958571302413012
12355,3,1.1004843584074848
12356,3,2.5141210829158878
12357,5,2.9720670687098085
12358,3,3.1207645659754433
12359,3,1.0236384095353899
12360,3,1.0610470771061995
12361,5,1.611243030622599
12362,5,2.425872042762602
12363,2,
12364,2,2.996211687861598
12365,2,3.4286415100176235
12366,4,1.9056324049308266
12367,5,1.5203504340360015
12368,4,1.5366025773834002
12369,2,2.996211687861598
12370,2,3.4286415100176235
12371,2,1.6497610613092557
12372,4,1.911878698721499
12373,4,1.2906840953638608
12374,1,2.4873544281126905
12375,1,2.9487581856799987
12376,1,0.9077125656699719
12377,4,1.0056085838542814
12378,3,1.6806742233202705
12379,3,2.446517060823135
12380,3,2.1698468533078654
12381,5,1.5116668966843598
12382,3,
12383,3,1.5197839084861604
12384,3,0.715786343260569
12385,3,1.524281238584503
12386,1,0.9546652315645772
12387,4,1.2854755895815433
12388,0,2.6973394810180014
12389,2,1.3280977294447354
12390,1,3.4331426683031014
12391,1,3.0564304294733082
12392,1,2.4816813150593604
12393,1,2.3714002557517286
12394,1,2.081764190736865
12395,2,1.4426201614748257
12396,0,2.2878051113891273
12397,0,2.4778865732684277
12398,1,2.735434998200806
12399,1,2.4999179953678428
12400,1,1.4822331168794485
12401,4,1.0981472468442397
12402,5,1.9785391394646428
12403,5,1.5786266895679721
12404,5,1.878949537951261
12405,5,1.9332118146679889
12406,3,1.852061576980628
12407,5,1.8382361817009971
12408,5,1.527817652005767
12409,3,1.5095200572744927
12410,3,1.8024148192026104
12411,3,1.766101597037267
12412,3,1.7268400372714736
12413,3,1.9314841124028401
12414,3,1.8615498551227718
12415,4,1.98151945374771
12416,0,1.5958299859625538
12417,1,2.085951869024616
12418,1,1.667550381840511
12419,0,1.8625501799207533
12420,0,1.5310195189802405
12421,0,1.572640840050103
12422,2,2.742692418987149
12423,0,1.8678678499046957
12424,4,0.9672510006614127
12425,2,1.407211562902551
12426,4,1.1144887379309842
12427,4,1.222524292474527
12428,2,1.9050609873959243
12429,4,0.9354800757159035
12430,4,1.6210380450503654
12431,4,1.5229702535497993
12432,2,1.4114328538724197
12433,4,1.4896301273214492
12434,4,
12435,4,1.2395848588471328
12436,4,1.043423835326266
12437,4,1.7531292394956064
12438,4,2.0614999421518068
12439,4,2.7809647404481805
12440,1,1.7801979100331684
12441,5,2.2328169531436646
12442,5,1.0321570463843994
12443,3,1.6031561467384803
12444,2,2.2508643450688677
12445,4,1.3984878680932753
12446,4,1.3984878680932753
12447,2,1.0664746304821429
12448,2,2.5376893640987834
12449,2,1.2315627035925236
12450,2,1.8025182387093
12451,2,1.1347706921981793
12452,2,1.4056477068235618
12453,4,0.6922011603713858
12454,2,0.9390812667855984
12455,2,2.635107467057765
12456,2,1.8514004075615378
12457,2,1.9406095628861872
12458,4,2.8319237559537527
12459,4,1.1564239201823017
12460,4,1.4765955976175331
12461,4,1.6181023816270201
12462,2,1.6339572391760653
12463,2,1.6339572391760653
12464,2,1.8589415528295068
12465,2,1.486288099559663
12466,2,1.9997120483142865
12467,2,0.9474230400454813
12468,4,0.8640109945435172
12469,4,1.148698405399189
12470,4,1.7984906945820027
12471,4,1.3088153415258965
12472,2,1.5522357535640123
12473,2,2.2550311201147832
12474,3,1.6515202077904383
12475,3,1.4864544745127666
12476,2,2.0688591245402796
12477,4,1.24304578703991
12478,4,1.0374626490592551
12479,4,2.597711350627987
12480,2,2.00223816635559
12481,0,1.117951339340638
12482,2,2.862531206176116
12483,1,2.102111599236793
12484,1,1.809979977100221
12485,0,1.4202994938202296
12486,2,2.7159246521114513
12487,4,1.638662874537292
12488,4,1.638662874537292
12489,1,1.7656969933730537
12490,1,1.0703221412503676
12491,2,1.3189654308803758
12492,2,1.2638073215899246
12493,1,1.7656969933730537
12494,1,1.4580478945795694
12495,1,1.153257621525519
12496,1,1.180798285932738
12497,1,1.4456191834987213
12498,1,1.63941627826057
12499,1,1.1198790904574814
12500,1,2.280967949166783
12501,1,2.403051312065768
12502,1,0.9927369421272462
12503,1,1.6992066819275469
12504,1,1.94775736939738
12505,0,1.210536185529806
12506,2,1.9959373023332183
12507,2,1.9102414854621481
12508,5,2.32956371554967
12509,5,2.542437272813098
12510,1,1.656846117290087
12511,5,2.590643527853308
12512,5,1.831861336284614
12513,3,1.6701296671898858
12514,3,1.847878261512435
12515,3,1.6701296671898858
12516,2,1.8017280114820444
12517,4,2.0504867193812317
12518,4,1.6051413632159346
12519,4,2.336820555596888
12520,4,1.1746119698668507
12521,4,2.2545393938718883
12522,4,2.175467928348475
12523,4,1.6202461470893148
12524,4,1.6202461470893148
12525,4,1.2573095913584127
12526,2,1.503668744028868
12527,2,1.2422559628114274
12528,4,1.3026800603230828
12529,2,1.2221196199303075
12530,4,2.9341710167551778
12531,2,3.2267124094171336
12532,2,2.6576575771659035
12533,4,3.557988001900121
12534,4,2.097644907177404
12535,4,2.065415784180788
12536,2,1.4632087147323127
12537,4,1.8371021746988525
12538,2,1.6973109343845725
12539,4,1.1186309357965394
12540,4,0.7673923063050306
12541,4,1.1559817568711512
12542,4,1.0183663576449384
12543,4,1.9752448731269021
12544,4,1.7032847224637722
12545,1,1.8491633529437832
12546,2,1.4426871667595809
12547,2,2.1975783268315356
12548,2,1.5544674518107986
12549,4,0.7872533430038273
12550,2,2.850215329587866
12551,4,3.3157600683750936
12552,2,1.6584950749534526
12553,4,2.378128573962647
12554,4,2.378128573962647
12555,1,2.1260654545218016
12556,1,2.801492876439947
12557,4,
12558,4,
12559,2,1.1874263597522898
12560,0,2.338383974302191
12561,1,1.8222036443760459
12562,1,1.5001783425387658
12563,1,2.1563683517938466
12564,0,2.255117912660178
12565,0,2.615491563761248
12566,1,1.3732191823733684
12567,1,1.6020855949037376
12568,2,1.877907871600619
12569,0,1.5327258753823303
12570,0,1.5170187391648557
12571,0,1.463677656779665
12572,0,2.031805692760311
12573,0,2.319763420121162
12574,0,1.7605001672669824
12575,0,1.6760832433963244
12576,1,0.9208271041343111
12577,0,1.5101029638734584
12578,1,1.1164466101929063
12579,0,1.2869528584435692
12580,2,1.5705378071960197
12581,5,1.2925552654732426
12582,2,1.5614423194214027
12583,5,1.996727416892039
12584,3,2.8123253874159224
12585,3,2.8123253874159224
12586,5,2.2218311458224496
12587,5,2.044656720645651
12588,2,
12589,2,
12590,2,
12591,2,
12592,2,
12593,2,1.3258363381391887
12594,2,1.2510696169827082
12595,4,1.8673111269087979
12596,4,1.6426828723509408
12597,4,1.5799433014015285
12598,4,2.1960700773628643
12599,4,2.1960700773628643
12600,5,1.5684282379841876
12601,3,1.4431579322783492
12602,5,1.5543057032518661
12603,3,4.334929037829431
12604,1,1.2542841467651213
12605,3,4.550598260601384
12606,3,3.854710298672711
12607,1,1.263390146064081
12608,5,1.670625188071469
12609,3,1.1749610137415694
12610,3,1.4039562714856917
12611,5,2.608051773039849
12612,5,2.9136949702997
12613,2,3.0808126663179545
12614,3,1.1619236684274548
12615,5,2.590941348451599
12616,1,2.065753848336352
12617,1,1.1128203342362908
12618,1,1.5329884027371183
12619,1,1.5329884027371183
12620,2,1.6745335659568072
12621,2,1.8574119547772852
12622,2,1.5093126040794917
12623,4,1.5520920041624453
12624,4,1.7909080484526798
12625,4,1.1596739219134082
12626,4,1.9816626632273044
12627,4,1.2089866481677134
12628,2,2.033651051337518
12629,2,2.0727416780682413
12630,1,2.113584242752447
12631,1,2.113584242752447
12632,4,3.358574799248607
12633,4,3.358574799248607
12634,4,1.7486393595521652
12635,4,1.3670049731331622
12636,4,1.3670049731331622
12637,4,2.509936927625326
12638,4,1.2529755043513218
12639,2,3.179301322999711
12640,4,1.305362670002679
12641,2,1.9910753033691877
12642,2,2.4008828867710705
12643,4,0.7072008195497493
12644,5,2.3542419718927468
12645,4,0.9177542790213805
12646,2,1.402779399555325
12647,2,1.8634461857120184
12648,2,1.7930276320808953
12649,2,2.3926493049963327
12650,4,0.7337392508630057
12651,2,1.559731889427215
12652,2,2.9290462191475597
12653,2,1.7257776361807367
12654,2,1.8661956333863317
12655,2,1.205844867052158
12656,2,1.4374572853647785
12657,4,1.277982266840087
12658,4,1.4513377140418555
12659,4,0.9156763080151105
12660,2,1.7039401390895001
12661,2,1.7039401390895001
12662,2,1.3803522134729818
12663,4,2.487460732303333
12664,4,2.487460732303333
12665,5,1.8185345858566762
12666,5,1.297008442448744
12667,3,2.405989967752278
12668,5,1.3909953662869534
12669,5,1.4451885909383648
12670,3,1.9477299939453079
12671,2,1.3042461019549398
12672,5,2.6085635118351442
12673,5,2.1857206867966896
12674,2,1.499931061892059
12675,2,2.062889337876073
12676,4,1.521518698747851
12677,4,1.3272180886795373
12678,4,2.794114501798011
12679,4,1.1171924751167481
12680,4,1.0784211460977415
12681,4,1.3945354730912094
12682,4,1.8449475023267934
12683,2,1.177847730437368
12684,2,1.334536648797738
12685,4,1.2079250492190814
12686,2,2.01471901726051
12687,2,2.094639536874355
12688,3,1.5164266724645743
12689,1,2.526118580865684
12690,4,1.2255670047456066
12691,1,2.727686116984293
12692,3,0.7604278444247147
12693,4,2.803348715546077
12694,4,1.9721125626168254
12695,4,1.9721125626168254
12696,4,2.9949119365765737
12697,2,1.5751798086095312
12698,4,2.1312621678477384
12699,4,2.083348694958212
12700,2,1.802594142832028
12701,2,2.289816931772411
12702,4,2.2985342392996304
12703,4,2.2985342392996304
12704,4,1.2692596035301018
12705,2,1.958338711545273
12706,2,1.3716627471459237
12707,4,1.4214825025186082
12708,2,1.576339402753158
12709,4,1.6147665495024426
12710,0,1.2151886856989833
12711,1,1.1666279706007416
12712,1,1.2508607703285481
12713,5,1.7410507600388159
12714,3,1.606685633105591
12715,5,1.2783701210930127
12716,3,1.089044272505881
12717,2,1.3850724187934909
12718,2,2.7108797979893438
12719,4,1.055863142482675
12720,4,1.3161149843317257
12721,4,1.372707158596891
12722,4,1.2872307218758192
12723,2,1.1456416240853844
12724,2,2.157336790224069
12725,5,1.8015747521745809
12726,2,2.157336790224069
12727,1,0.8089797538346467
12728,2,1.1461614898733148
12729,5,1.2440100030491255
12730,5,1.4960614451604517
12731,4,1.948824953153926
12732,2,1.3434426119128842
12733,4,1.0612889288648808
12734,4,2.127022423666872
12735,2,2.36423040226754
12736,2,2.182563388570592
12737,2,1.134945920676212
12738,1,1.5587009204874167
12739,2,1.5477926267340363
12740,1,0.716189580265729
12741,4,1.7122018270465238
12742,4,1.7122018270465238
12743,5,2.2665393758732058
12744,5,1.7346249446975315
12745,2,
12746,2,1.758654510926886
12747,4,2.2377676672386806
12748,1,1.3486699941904103
12749,1,1.6119248905316745
12750,1,1.3305443070583338
12751,1,1.4625389968567903
12752,4,1.5435146830603428
12753,4,1.986775305326227
12754,4,1.6768738111803674
12755,4,1.617787155666043
12756,2,1.9161569179410667
12757,5,1.971020939468192
12758,5,2.2788039458815548
12759,2,0.9192340792344087
12760,3,1.713864619257004
12761,5,2.1184017575203042
12762,5,1.548441555182624
12763,5,1.548441555182624
12764,5,1.8659910682916379
12765,5,1.598426425459785
12766,3,1.240193736801295
12767,3,1.26418455867353
12768,5,1.869472281583434
12769,2,
12770,4,2.4946810495943645
12771,4,2.4946810495943645
12772,2,3.376779936627206
12773,2,1.6955326265563242
12774,2,3.6781305424953588
12775,2,2.0428616141370117
12776,4,1.1779011970521986
12777,4,1.2737773256361908
12778,4,1.490504417043943
12779,4,1.04937343669412
12780,4,2.5103401322836327
12781,4,
12782,2,2.096349764076829
12783,2,2.931692611294112
12784,4,1.1779528511771102
12785,2,1.7174245293762693
12786,2,2.2156389021524605
12787,2,1.7298722657509242
12788,1,3.0409359515786725
12789,1,2.427270798770057
12790,1,2.6099623492376582
12791,2,1.8591813861596098
12792,0,1.3195089651922154
12793,1,1.7434727711923133
12794,1,2.7882743872521774
12795,1,1.8868860071756692
12796,1,1.2855951889089907
12797,0,2.367344871833457
12798,0,1.731305811043802
12799,0,2.4590629678688445
12800,1,1.1664542099986743
12801,1,
12802,1,
12803,1,
12804,1,1.3971913490701193
12805,1,2.501503695897585
12806,0,
12807,1,1.5326159030690327
12808,1,1.4193131924951023
12809,1,1.374189871019287
12810,1,1.2698611705060392
12811,3,2.0448215228409525
12812,3,2.273901718002465
12813,3,1.6960531236055019
12814,3,2.1224879781293082
12815,3,1.3000325805649626
12816,3,1.6255389311389885
12817,3,1.6255389311389885
12818,3,1.443647844239175
12819,1,1.4831845616652084
12820,1,1.9150697045806013
12821,1,1.8495976362988045
12822,1,1.8495976362988045
12823,1,1.3146974612756905
12824,3,1.3434746789915095
12825,3,1.9987466551179094
12826,3,2.6701979859922806
12827,3,0.938704450267272
12828,2,2.8152716746687276
12829,2,3.2446229598905227
12830,0,2.4476510449875715
12831,0,3.9602375686029743
12832,0,3.9602375686029743
12833,4,1.4161590335953957
12834,0,1.6828110240892387
12835,2,1.732866330402634
12836,2,2.102742247946274
12837,2,1.9512622663926065
12838,4,1.0302000889538327
12839,2,1.760006413325131
12840,4,1.5050217703703848
12841,2,1.2089797090242047
12842,4,
12843,2,
12844,4,1.3193427845561856
12845,2,1.4209093992553727
12846,2,1.7742199174755318
12847,2,1.3584647641519265
12848,0,3.6696413112703694
12849,0,3.551833093592922
12850,0,1.9671938809440808
12851,1,2.4482751783769285
12852,2,1.9259720999040826
12853,1,1.1649992295822007
12854,2,1.535884540376353
12855,2,2.56491265259219
12856,2,3.2860494084424072
12857,1,2.4482751783769285
12858,1,1.7790946823104778
12859,1,1.6655590646658642
12860,4,1.4590040777599655
12861,1,1.1946101296309584
12862,2,1.3021169035116857
12863,4,1.525992870994704
12864,2,1.5482424607461054
12865,3,1.7237916868245327
12866,5,1.9787112067553394
12867,1,1.1397538498757247
12868,1,1.1560121131007448
12869,2,1.5545485030717383
12870,4,1.1270964007992668
12871,4,1.0917939469254905
12872,4,2.383161085968875
12873,4,2.296826116901732
12874,2,2.376478325267527
12875,2,2.3454180321137414
12876,4,1.399567950506056
12877,2,1.2309802379578105
12878,1,1.5003937471336806
12879,3,1.5093691560935052
12880,5,1.2195072731761354
12881,5,1.6947921803442472
12882,3,1.372944397241899
12883,1,1.6964626173747988
12884,1,1.3108344992165004
12885,5,2.263661231141281
12886,5,1.8229799176186865
12887,1,1.7810799661917376
12888,5,2.116920329441657
12889,1,2.9721249192779573
12890,4,1.7900370516004869
12891,5,3.64570849992746
12892,5,3.15794515666682
12893,4,1.7147613760571532
12894,0,
12895,3,2.1129798249820344
12896,3,1.8408444607753875
12897,0,2.0978973549643607
12898,0,2.283955143095021
12899,0,3.7227430014210787
12900,0,1.4303136392003835
12901,0,2.002229395158372
12902,0,1.4049928315564795
12903,0,1.0918246941148695
12904,0,1.9383077362324976
12905,0,1.8918462062414003
12906,0,1.8805740835255822
12907,0,1.0789891750476235
12908,0,1.302819141460023
12909,0,1.246856735016201
12910,0,1.5681290424173537
12911,0,
12912,0,
12913,0,
12914,0,
12915,1,1.1568569566276312
12916,0,
12917,1,
12918,0,
12919,0,
12920,0,
12921,1,2.5182612943494815
12922,2,3.56882724191961
12923,2,2.9244957161598664
12924,1,1.4935764966404752
12925,1,2.376848448901905
12926,1,2.325002132217807
12927,1,0.9445959239936348
12928,1,1.0754598372346111
12929,1,2.2329307166903707
12930,1,1.835679419917589
12931,4,2.313731317110723
12932,1,1.7648486916244466
12933,4,3.000382596700835
12934,4,1.3630346515877425
12935,1,1.3607771227970051
12936,1,
12937,1,
12938,1,
12939,4,0.7341442907604816
12940,1,1.685226201503707
12941,1,
12942,0,
12943,0,
12944,0,
12945,0,
12946,1,
12947,1,
12948,3,1.9146698291199422
12949,3,1.1184164964075687
12950,1,1.5573696916040214
12951,3,
12952,3,1.1073508394302944
12953,3,1.145971466014601
12954,3,
12955,3,
12956,3,2.1193722521607197
12957,3,
12958,0,
12959,5,
12960,3,
12961,5,
12962,0,1.8930777048777607
12963,0,2.539530112127601
12964,0,2.531044266816028
12965,0,2.531044266816028
12966,1,1.8629450260487577
12967,5,
12968,3,
12969,3,
12970,1,2.2223921144588097
12971,0,
12972,0,
12973,3,2.7984188497510774
12974,3,2.4501618785117727
12975,3,2.5415920601535094
12976,1,
12977,1,
12978,1,
12979,1,0.9634878027511781
12980,2,1.8123995366430226
12981,5,1.6659912460274993
12982,2,1.0121114664815416
12983,2,3.716068556199756
12984,4,2.658628335143737
12985,4,2.2574287799813453
12986,2,2.4891754124583296
12987,2,1.3224801274669868
12988,2,1.9067269639437987
12989,2,3.0550722064139557
12990,2,1.113543010904582
12991,2,1.959765386410435
12992,4,1.4643343289127273
12993,4,1.1206774401945574
12994,4,1.3070350767588845
12995,1,1.014621778026092
12996,2,1.732213378341925
12997,4,0.9068448277336864
12998,2,1.49861857199418
12999,5,1.0380653710467285
13000,2,2.8565204085977864
13001,4,3.568366428747422
13002,2,1.6515291202387705
13003,5,1.092687990681851
13004,2,
13005,5,2.634882815268607
13006,5,1.247660952679014
13007,5,1.7641266753957414
13008,3,
13009,4,
13010,2,
13011,2,
13012,4,
13013,5,
13014,2,1.2756658075807814
13015,3,1.8123749413666623
13016,5,1.883272097723402
13017,3,1.2713720234549097
13018,3,1.2713720234549097
13019,5,2.4664609190189015
13020,1,1.418751158940991
13021,3,1.6566420066353131
13022,5,
13023,5,
13024,5,1.5674305776210358
13025,1,1.739191572514084
13026,2,
13027,3,1.1546775600777162
13028,3,
13029,5,
13030,5,
13031,3,
13032,3,
13033,3,0.8828603372990604
13034,3,0.8828603372990604
13035,3,1.4694798674877987
13036,5,2.001138103383339
13037,1,2.1427671776383588
13038,1,1.979348380327066
13039,3,1.473351306932831
13040,3,1.207616640372964
13041,3,1.2459600443823782
13042,5,2.4625696996585313
13043,5,2.3770171646178495
13044,5,2.3254767985186064
13045,5,1.9267850716297656
13046,5,1.8934691157344938
13047,3,1.5739396621453599
13048,2,2.5162209960995194
13049,4,1.5021573318561163
13050,2,3.7867962985763564
13051,4,1.6957695500983319
13052,2,1.582123392463339
13053,2,1.95823070167734
13054,2,2.030509882058969
13055,5,2.1395933910158687
13056,2,2.088217673541573
13057,2,3.144162657704711
13058,2,2.4892081217255506
13059,5,1.3470169315224372
13060,3,2.8922146507412223
13061,3,2.8922146507412223
13062,5,2.800751104054148
13063,5,1.4897386480634924
13064,5,1.7145781835115932
13065,2,1.929042334921256
13066,2,2.379651818655707
13067,5,2.629067126798855
13068,4,2.619586553130853
13069,4,2.3235207049414957
13070,5,2.747606913619459
13071,5,3.009938430479689
13072,4,1.3112573956554217
13073,4,1.3292196235121618
13074,4,1.1264069820879412
13075,5,1.885562574455797
13076,1,2.070386680922612
13077,1,2.4625581142956023
13078,1,2.2755493480197857
13079,3,0.8997370364600294
13080,3,1.5131580563986373
13081,5,1.8475895575447794
13082,5,1.9747950099251559
13083,3,1.7409480677490683
13084,3,1.6241758640344874
13085,3,1.95201055504674
13086,3,1.945180969163454
13087,3,1.945180969163454
13088,3,0.9424238848362173
13089,1,1.4739994312964164
13090,1,1.4739994312964164
13091,1,2.346652437826979
13092,4,1.4885510229636705
13093,4,1.5346346670504774
13094,1,1.1200526190206233
13095,2,1.9355846820159879
13096,1,2.245445917802143
13097,1,1.9792223036012777
13098,1,2.76129810315563
13099,1,2.014271685045444
13100,2,1.8463426704927681
13101,4,2.03178606674506
13102,4,2.006588888530256
13103,4,2.1171623212360537
13104,4,2.4578707497958234
13105,2,1.4889433059115906
13106,4,2.568043383312881
13107,1,1.6328040604553993
13108,4,
13109,3,1.0059957391972962
13110,2,1.3586371376357935
13111,2,1.283051364644057
13112,2,1.574783868660537
13113,2,2.415704029762597
13114,2,1.1684292353470649
13115,2,1.8769609598304091
13116,4,1.7413465040490608
13117,4,1.4946157951845769
13118,2,0.9942152802740986
13119,5,1.1040483757120023
13120,3,0.6705998583912472
13121,5,1.7941496962547814
13122,5,1.6354195348835983
13123,3,2.421784164584962
13124,3,1.8469456455080624
13125,5,1.2377136549944563
13126,3,1.292739015850421
13127,5,1.730240779650462
13128,3,2.336779464590761
13129,3,1.8309339576988668
13130,1,2.3664495253873143
13131,1,2.3664495253873143
13132,2,2.2230705523269694
13133,2,2.2230705523269694
13134,4,2.2205030406094
13135,2,1.2835072826237253
13136,2,2.1812639334548707
13137,4,2.2205030406094
13138,0,2.5457778215522393
13139,4,2.217492722917657
13140,1,2.5231631765854767
13141,0,2.675861385113322
13142,1,2.0151919922947457
13143,1,2.280741818324142
13144,1,1.706401639586885
13145,0,1.5551201912073138
13146,2,1.9129578752064964
13147,2,2.1703431509574895
13148,1,2.1679943970932785
13149,2,1.7261894364413335
13150,1,1.4378401634031002
13151,1,1.305622146802303
13152,0,3.1390295224351563
13153,0,2.536011812176705
13154,1,1.449308929685364
13155,1,2.38583202288988
13156,1,2.016133445532086
13157,4,1.8327951220962355
13158,4,1.8327951220962355
13159,1,1.9097234685997901
13160,1,2.277478746000069
13161,2,2.325041001348158
13162,2,2.5982871104239598
13163,4,1.8091048497032967
13164,4,1.5925405790171905
13165,1,1.397657730025914
13166,4,1.078232111888837
13167,0,2.8926366656024984
13168,1,2.109961510544624
13169,1,1.8971970632162964
13170,1,1.403734751966608
13171,1,2.658145810624048
13172,2,3.4267918872077696
13173,1,2.7282632266820825
13174,1,3.234440790894375
13175,2,3.783430676008818
13176,2,3.783430676008818
13177,1,1.107858731464379
13178,1,2.575771828862108
13179,2,1.7286306287794178
13180,1,2.6384544480771837
13181,2,1.1064804362355236
13182,4,2.6136128080328556
13183,2,1.4224972268368956
13184,4,1.2062245687909967
13185,4,1.1824299455270522
13186,4,1.5782692143681147
13187,4,2.143720658915882
13188,4,1.7574302303589806
13189,4,1.0973219889227543
13190,2,1.8429864599771757
13191,2,1.2739552767437947
13192,2,1.4927351886188047
13193,2,2.3870268486359345
13194,2,2.422716793835046
13195,2,2.122969855186749
13196,2,2.70739705791272
13197,4,1.210341724209959
13198,2,1.7195744032741458
13199,2,1.861194575749778
13200,2,1.2727501367753753
13201,2,1.2816895379643334
13202,4,2.7812839180704327
13203,4,2.6226558051996425
13204,4,1.4571177534628228
13205,2,2.2295293699183825
13206,2,1.431510202238709
13207,4,1.150621928467682
13208,5,1.661899792853549
13209,5,2.267879935895455
13210,3,0.8279239720592092
13211,5,2.569337962516596
13212,5,2.1040723228700426
13213,5,2.0161051337404627
13214,5,1.9401328411262935
13215,5,2.271684082063398
13216,4,0.7401853077150534
13217,4,1.5707243198580005
13218,4,1.6186843395673842
13219,2,2.8388017863302735
13220,2,1.0969839404411084
13221,5,1.749220541111041
13222,4,0.66025907042582
13223,5,2.49117183083131
13224,3,1.35656675264942
13225,5,2.49117183083131
13226,5,1.842394843290598
13227,2,1.9458838523945294
13228,1,1.0500406962316307
13229,1,2.2972824455673075
13230,2,2.5035222216165294
13231,2,2.4440482862081603
13232,2,1.4664613364490848
13233,4,1.6402330454209013
13234,4,1.5988788980871185
13235,2,1.709933862657447
13236,1,1.0266767103482253
13237,1,1.0254312061733692
13238,2,1.3344276903559633
13239,1,2.4002762134553772
13240,4,2.0954418710201934
13241,4,1.7628640741928183
13242,1,1.7672356246218843
13243,4,1.6055462192746535
13244,1,2.01765390061181
13245,1,1.94408038346274
13246,4,1.6055462192746535
13247,1,0.9768761235527018
13248,1,1.9647855296230459
13249,1,
13250,3,1.0677301652629503
13251,5,1.808750470604232
13252,2,2.931504935343749
13253,2,2.6007053032200806
13254,5,2.0105777349385594
13255,4,3.499537168386034
13256,5,
13257,4,
13258,4,1.0635427536674038
13259,4,0.9954208670954979
13260,4,
13261,5,1.6036613024869002
13262,2,1.6820003263247865
13263,4,0.9678259186031706
13264,2,3.7425124374846392
13265,2,0.7523064883489866
13266,2,
13267,2,
13268,2,
13269,2,
13270,2,
13271,2,
13272,2,
13273,2,
13274,2,
13275,4,1.4067939191275256
13276,3,0.7527729372378618
13277,3,0.8931287625883183
13278,1,2.0068924361302476
13279,1,2.938894998348398
13280,1,2.85240749059804
13281,1,0.8480089608062595
13282,2,1.3958387465641373
13283,4,2.2504820429713006
13284,2,2.2185893226422833
13285,4,2.3913765752099625
13286,4,2.570421447268335
13287,4,2.2160433409201388
13288,4,1.0649055463196038
13289,4,1.5266201515264584
13290,1,1.1723492422319746
13291,1,1.162834243530804
13292,4,1.4095701057530754
13293,4,1.8424285556130742
13294,2,2.360787104564876
13295,2,2.076205822456496
13296,2,0.975791739307368
13297,1,1.7115953258733076
13298,1,1.7115953258733076
13299,4,1.4809910344011181
13300,4,2.433911966482544
13301,2,1.5882681446151217
13302,2,1.749617864071789
13303,1,1.058815407954736
13304,4,1.6229541775879224
13305,4,2.204063688556031
13306,4,1.3955709768065607
13307,4,1.6431114922863672
13308,4,1.1874175642484777
13309,4,1.3451912846141747
13310,1,1.8029413538769348
13311,1,0.7912513723047547
13312,3,1.1939035333874035
13313,5,2.15064050949409
13314,2,2.6928287879375863
13315,2,1.188674035151834
13316,2,2.8848538884819703
13317,2,3.028710413999392
13318,4,0.9326777644363263
13319,4,1.0510996780605684
13320,4,1.1764816782264147
13321,4,1.2157237500280156
13322,2,1.5196029872021277
13323,2,0.9859313760560058
13324,4,0.8725700093616282
13325,2,1.1967402904935593
13326,2,1.470440359000943
13327,4,0.7042626046326275
13328,2,1.3351341943607802
13329,2,1.6754158106658683
13330,4,0.7119739182176884
13331,2,1.4073821522283847
13332,2,1.4973206960473682
13333,2,2.5397578772798464
13334,4,2.039442937142555
13335,5,3.0771835972748094
13336,4,0.9411656133841435
13337,2,1.8885780580263505
13338,4,0.9092716003759508
13339,4,1.6756826448572348
13340,2,1.819615263129732
13341,4,2.5211997059573714
13342,4,2.1377109166246075
13343,4,0.6642230702781653
13344,4,1.7359376959645225
13345,1,2.444522087759881
13346,4,
13347,2,
13348,4,1.3729446900096274
13349,4,1.4657670011377266
13350,4,1.4330985642841023
13351,2,2.2582523335476314
13352,2,1.4878223707494236
13353,4,0.8341232898006606
13354,4,1.1154864047819195
13355,4,1.4806724663903765
13356,2,1.7933961419761724
13357,2,2.1207257430436726
13358,4,2.9579266984791954
13359,4,3.1704139301950303
13360,4,1.9793263579928644
13361,4,1.1400064773986658
13362,4,1.056462263206045
13363,4,1.8748413129515835
13364,4,1.5292819996229903
13365,5,1.8467883671701903
13366,4,1.9550784483885557
13367,4,0.9337506347876258
13368,2,2.2405069474223707
13369,2,1.9833702866208522
13370,5,2.4212046087568813
13371,2,1.9463466258574051
13372,4,1.7527993220274898
13373,5,1.8319417850823896
13374,5,1.4353917238072682
13375,2,1.3188560244817118
13376,2,1.644360730407759
13377,2,1.5193532798322904
13378,5,2.496153128238248
13379,5,1.6359541829050297
13380,5,2.2328966900145546
13381,5,2.2328966900145546
13382,5,1.3016906705432805
13383,2,1.4420669362348972
13384,2,1.221289317986347
13385,4,2.3886828261561748
13386,4,2.4010205489197913
13387,2,1.256169001026612
13388,2,1.942781482949836
13389,3,2.0719443951699232
13390,3,1.9462172764066397
13391,4,2.15632405134774
13392,4,1.5096390151337848
13393,4,1.520451814473524
13394,4,1.0505611192220643
13395,3,1.3150817276052704
13396,3,2.087958659633722
13397,3,2.087958659633722
13398,3,1.4391220162564387
13399,3,0.9828338069230625
13400,3,1.0481374357826645
13401,3,1.113518433698818
13402,5,2.1866460550577145
13403,3,0.7548302283436132
13404,3,2.1980995372640204
13405,3,1.6226656850778876
13406,3,2.3823782463467964
13407,3,1.4150833155298042
13408,3,1.8669358114941432
13409,3,1.4757025577899017
13410,4,1.1371289676940033
13411,3,1.6094438773783415
13412,3,1.7030574734062254
13413,3,2.2356166728017133
13414,3,1.0197332889663266
13415,2,1.7837019389254152
13416,1,1.7257781560774885
13417,4,1.8081476684855964
13418,4,1.1687629031223188
13419,0,1.6965712414822034
13420,2,1.4226735934943873
13421,1,1.8960387591160333
13422,1,2.452979634940479
13423,4,0.9930993586451617
13424,1,1.8057246720378728
13425,4,2.078905088407346
13426,4,2.198033871722475
13427,1,1.346896117810873
13428,1,1.9598461280187618
13429,0,3.742784952034391
13430,0,3.7766077126352755
13431,0,1.9533870543363447
13432,0,2.073877194498418
13433,0,1.4197197261572763
13434,0,1.7152195102566257
13435,0,2.577912469965548
13436,0,2.6514398693265226
13437,0,2.340964324593302
13438,1,1.893931799074999
13439,0,1.843829230045197
13440,0,1.7571562909090634
13441,0,1.3442411341176916
13442,4,
13443,4,
13444,4,1.551900148605943
13445,4,
13446,4,
13447,4,
13448,1,
13449,4,
13450,4,
13451,4,1.0706724549735491
13452,4,1.219572907198965
13453,4,1.2229532624495831
13454,4,
13455,4,
13456,4,
13457,4,
13458,4,
13459,1,2.645246849421189
13460,2,1.5349067444367646
13461,4,1.310851164650582
13462,1,1.8988309402917796
13463,1,1.9513033103889241
13464,2,1.1991628276183188
13465,0,1.1928732777771782
13466,1,1.9329237382989715
13467,0,1.4771774091984788
13468,2,2.3814981465306992
13469,0,1.8846085621139572
13470,2,1.9610003812292052
13471,0,2.6655802517665195
13472,0,2.2912341513411754
13473,0,2.047036814742509
13474,2,2.3307438424579727
13475,0,2.546171179255359
13476,0,1.0950880057158463
13477,0,1.5533045270058163
13478,1,1.0513817618264076
13479,1,1.113644829997991
13480,3,1.2663682676600367
13481,5,1.6922975559449802
13482,3,2.654189392116295
13483,3,2.415660416160139
13484,4,1.8721797766518709
13485,2,1.3374332869958052
13486,4,1.741718509650242
13487,4,2.2317561873195952
13488,4,2.101776660379195
13489,4,
13490,4,
13491,4,1.0448818072843244
13492,4,1.6722110751568824
13493,4,1.7134040608203958
13494,1,1.89544572476051
13495,5,1.6309901632864165
13496,5,1.9050382637540657
13497,5,3.3177862859291
13498,5,1.1924510680422329
13499,5,1.2729177524809898
13500,5,1.8013128837009895
13501,5,2.088011316622528
13502,4,
13503,2,
13504,2,
13505,5,1.5931960992847594
13506,5,1.9373696818080257
13507,5,2.119962350784471
13508,4,2.285406606285463
13509,1,2.8820597402729065
13510,1,2.8820597402729065
13511,5,2.141356154941586
13512,4,1.3176099132396337
13513,4,1.8294443566117304
13514,3,1.1515110337716439
13515,3,2.2638634804164117
13516,3,2.5532826443845615
13517,1,1.3555948474253945
13518,4,1.73015874552945
13519,4,1.3154340975102516
13520,1,2.8268604249394147
13521,3,1.505371217271015
13522,4,1.813132942414934
13523,4,1.3487032374730754
13524,1,2.9367280822256534
13525,1,1.1634531890592459
13526,1,2.629663857597551
13527,4,1.5582467315564807
13528,1,1.086712392073597
13529,4,1.0860851188665883
13530,4,1.8020199298057857
13531,4,1.7113625372411674
13532,4,1.596297568537575
13533,4,0.929457503707911
13534,2,3.31188120118696
13535,0,2.7040340620539305
13536,0,2.317500925215111
13537,2,2.2914911421729354
13538,0,2.0603618215535184
13539,0,1.767551247794271
13540,1,1.2608022380863695
13541,1,1.7814192225456114
13542,1,1.6171988572815779
13543,4,0.9570397770911527
13544,5,1.7083127743150648
13545,5,1.584790333971433
13546,2,
13547,5,1.800391175406066
13548,5,1.7904282925868513
13549,5,1.973764605315949
13550,3,
13551,3,2.009514812823662
13552,3,2.009514812823662
13553,5,1.8898261422347318
13554,3,1.0877478007926489
13555,5,
13556,5,1.3201965795865693
13557,3,0.8246240930833784
13558,2,1.8786613086567225
13559,4,3.151050735042844
13560,4,1.0815493584929596
13561,4,2.0091095765562077
13562,4,1.8585213074182594
13563,3,1.3061399073131545
13564,3,1.4287093755526676
13565,3,1.4287093755526676
13566,5,1.5746953957782308
13567,1,1.6935499621866819
13568,1,1.6671264884530732
13569,3,2.380827413975563
13570,3,1.9062481999253773
13571,2,1.2674346565738295
13572,3,1.7514758562928934
13573,3,1.7514758562928934
13574,4,1.42249694633739
13575,1,1.4979866161865114
13576,4,1.42249694633739
13577,2,2.1780814568270657
13578,2,1.4653575337607694
13579,1,2.4460663064094814
13580,4,1.1357760987652052
13581,1,1.3422835188655133
13582,4,0.9861761124458839
13583,0,1.5817624864708009
13584,0,1.9242337187808192
13585,0,2.1067753983768864
13586,2,3.2258349522986722
13587,0,3.1637879761447882
13588,1,2.028505131740677
13589,0,3.2483310927707003
13590,2,2.082420722925756
13591,4,1.9837397285585878
13592,4,1.979475230801001
13593,5,1.4285912978631627
13594,1,2.5083175761033942
13595,1,2.2499069876492053
13596,1,1.8794754115139147
13597,1,1.953467416423623
13598,2,1.7780451706431948
13599,2,2.1933747103943686
13600,2,2.848583251529659
13601,5,1.5894601445620307
13602,1,1.9665661254371594
13603,4,1.9693213740416984
13604,1,2.215269022046158
13605,4,1.7034779367918504
13606,4,1.4840459388650689
13607,1,2.210456051440228
13608,1,2.210456051440228
13609,1,1.017244289574704
13610,1,1.6927638056256618
13611,1,1.0723770135064952
13612,1,0.975023782619077
13613,2,2.117941879342429
13614,2,2.5137213806075827
13615,4,1.7121555855240678
13616,4,1.7121555855240678
13617,4,1.4673369447667712
13618,4,2.445365262110829
13619,4,1.7358729195451112
13620,2,1.3835696060197462
13621,2,1.3812139638922754
13622,4,1.7812793957026931
13623,2,1.9434986580799278
13624,1,1.7982248357084105
13625,1,1.6837303832356603
13626,4,2.1836298587162792
13627,4,1.0495422000072727
13628,4,2.1836298587162792
13629,4,1.3881634826008864
13630,4,1.3881634826008864
13631,4,1.5810748840005338
13632,4,1.3918894644933673
13633,4,1.7493245185455846
13634,4,1.7990324263378896
13635,4,1.989405569231826
13636,4,2.2257315563474758
13637,4,2.0458765856804537
13638,1,1.4256401434148553
13639,4,1.465923986921984
13640,5,1.9104510467817564
13641,2,1.0878024073206018
13642,2,1.8144277216685492
13643,5,2.5097918335558664
13644,2,1.9865145941064213
13645,2,1.9865145941064213
13646,2,2.925113011313314
13647,2,1.1701782994897694
13648,4,0.9413702699247044
13649,4,0.5840849936907824
13650,4,0.789019528771891
13651,3,1.8538810749392711
13652,5,2.1625228971431945
13653,5,1.4703323586061696
13654,3,1.158636860157991
13655,4,2.324269636193573
13656,4,1.4186608185555178
13657,2,2.404237590014664
13658,2,1.9339282597028187
13659,4,1.540969837122989
13660,4,1.450486231654491
13661,4,1.6784973771885496
13662,2,1.7369740906747528
13663,1,2.0555713233772748
13664,1,0.950463039824678
13665,4,3.0990240410905314
13666,4,1.8224432797583148
13667,4,2.3405867262273197
13668,4,1.9951294041122138
13669,4,1.9698438438885442
13670,5,1.9426885173371804
13671,2,3.252456044976374
13672,2,0.8666780232546852
13673,2,1.2828982241703235
13674,2,1.9388081319822388
13675,2,2.049168033598963
13676,2,2.13529498043347
13677,2,2.682286207062456
13678,2,1.0035504740821604
13679,2,1.4560175515106828
13680,2,2.064879649174704
13681,4,0.8208641847345852
13682,5,2.8888095771511626
13683,2,1.1615814963089595
13684,2,1.6193861735827544
13685,2,3.1440686980571164
13686,4,2.2614826739081537
13687,4,2.015907098589991
13688,4,
13689,4,
13690,4,0.978417853047426
13691,5,0.9046794888397399
13692,2,1.539140434451445
13693,2,1.6774377830340663
13694,2,2.648122128990789
13695,3,1.398585560196906
13696,3,1.4812992199952075
13697,3,2.2651886875506504
13698,3,2.297967034406336
13699,2,1.628595149724731
13700,2,1.4002235870752473
13701,4,0.8547249230840451
13702,4,1.5367627567938509
13703,2,2.7546058918872816
13704,4,1.6239137603382472
13705,4,2.590300284780614
13706,4,2.4933536518463764
13707,2,2.9543941643343796
13708,4,1.011037941531807
13709,2,1.4386680011825945
13710,4,2.048656678178525
13711,4,1.4231563544850092
13712,3,2.788927592325827
13713,1,1.3347447477846883
13714,4,1.8983141910184247
13715,4,1.8868049386853916
13716,4,3.5699149145776747
13717,4,2.0000140018219694
13718,2,1.4273272383464404
13719,2,
13720,4,
13721,4,
13722,2,1.5830986524303945
13723,4,1.6578715884613333
13724,4,1.8809497662889985
13725,4,1.6664525330338424
13726,4,0.6271364293560955
13727,2,0.894193681435292
13728,2,0.9544305305234843
13729,2,1.578615232721809
13730,2,2.4840678269461707
13731,4,1.1396259066175856
13732,4,1.8566328367476854
13733,4,2.046137449727056
13734,4,1.6793981624090937
13735,4,1.7892328817503858
13736,4,0.8411022216053918
13737,2,1.8327370697167915
13738,2,1.5576603970233551
13739,2,1.6420264861602183
13740,4,1.3920272833086842
13741,4,1.2402217762822136
13742,2,1.5435004018592884
13743,2,1.889321760625479
13744,2,1.6147283836330966
13745,2,1.8282458145384084
13746,2,1.8767136765240293
13747,2,1.9844803694179514
13748,2,1.961931973006219
13749,2,1.8326484188562253
13750,2,1.6949808374063537
13751,2,1.8876673107200856
13752,2,1.7930520448889478
13753,3,0.7614919871414517
13754,2,1.0075817042154622
13755,4,1.065571937795607
13756,4,1.2205645827636247
13757,1,2.5941088518241204
13758,4,1.8916014915632156
13759,4,1.8808443742568994
13760,4,1.8916014915632156
13761,4,2.7053593873529844
13762,4,2.104834376255677
13763,4,1.4899691348722228
13764,4,1.158732004886708
13765,5,1.7306693829634907
13766,3,1.99971491089031
13767,3,2.028140228047002
13768,3,1.151121442993359
13769,1,2.856167114756962
13770,2,3.6821340782574845
13771,4,1.5991918874673
13772,4,3.12344503387568
13773,4,1.4083734762464284
13774,4,1.8564510009725963
13775,1,1.13800482482115
13776,4,1.5075162955778787
13777,4,3.567873728908558
13778,0,1.0765786004844764
13779,5,3.0619623256869524
13780,1,1.7098611674362214
13781,4,1.2965829850436708
13782,2,2.427120344667534
13783,1,1.6748711184210636
13784,1,1.6748711184210636
13785,1,1.8772841617470521
13786,1,1.4674536390663526
13787,5,1.5175589586395701
13788,1,1.3658624286635677
13789,1,1.717193341863805
13790,2,1.5843170418841004
13791,2,1.1250951286852542
13792,5,1.92894570357293
13793,1,1.424071182092228
13794,1,1.8345459492645824
13795,1,1.785835530150223
13796,1,1.5162133941670453
13797,4,0.7699533783072386
13798,5,1.4641845265872302
13799,2,1.6644147634443633
13800,2,1.6765528209334357
13801,4,2.4984324767109305
13802,2,1.6343244096213008
13803,4,2.4984324767109305
13804,4,
13805,2,
13806,5,
13807,4,0.6853842674482764
13808,3,1.0132515463358278
13809,3,1.843224500285065
13810,3,2.145047863030774
13811,3,
13812,3,2.145047863030774
13813,3,
13814,5,1.9758897151615422
13815,1,1.2969918589189513
13816,5,1.5646715071301744
13817,1,1.4829878695869225
13818,5,2.6190467753263773
13819,2,1.334970180524904
13820,2,1.8251085432729401
13821,5,1.6340920625714856
13822,1,1.7317217023081388
13823,4,1.6627884454678616
13824,5,2.1465243589326213
13825,5,2.1465243589326213
13826,5,2.4414906288722507
13827,5,1.2960634810034175
13828,2,2.1580000467770892
13829,2,2.1580000467770892
13830,3,1.0459565651560823
13831,5,1.7176562686255024
13832,5,1.6660743822914308
13833,5,1.1069704006513768
13834,5,1.2784266142819096
13835,4,2.2989792848013133
13836,2,2.782378328186178
13837,4,
13838,4,1.78063543155119
13839,5,1.8960910693257071
13840,4,2.2989792848013133
13841,2,2.782378328186178
13842,5,2.45976823099078
13843,2,1.4078498007605564
13844,4,1.757623535448092
13845,4,1.9482222583558066
13846,4,1.8471780168811487
13847,2,1.5672122293168163
13848,2,1.6006303405107167
13849,4,1.2889953139005579
13850,4,1.479524417626789
13851,2,1.1230551756988536
13852,2,1.2543415013647632
13853,1,2.1279829354636584
13854,1,1.6990888856319706
13855,1,1.5108040694129325
13856,1,1.5942253526884957
13857,1,0.9508616852697932
13858,4,0.8829131936092054
13859,4,2.227050864120904
13860,4,2.1612203120251805
13861,4,0.8557321153308626
13862,2,2.3709582216807124
13863,2,2.7469369906781376
13864,2,1.5237283556545285
13865,4,2.175888639593457
13866,4,0.7670328083417737
13867,4,0.8811638492789573
13868,4,1.0267872726277392
13869,2,
13870,5,
13871,3,
13872,2,
13873,5,2.319243950608613
13874,5,2.7859627694239544
13875,2,
13876,3,1.379413115364217
13877,5,1.8005176790183801
13878,1,
13879,1,
13880,1,
13881,1,
13882,1,
13883,5,
13884,5,
13885,5,
13886,2,1.881270094538962
13887,3,1.9369634705586785
13888,3,1.488675017700873
13889,3,2.279494904547284
13890,3,1.4575675125033738
13891,3,1.15459799716856
13892,3,0.7320651452218856
13893,5,1.648735280770432
13894,4,2.8107932934352897
13895,2,1.3581492573310605
13896,4,2.8107932934352897
13897,2,2.3773978888499063
13898,2,1.1741434569054972
13899,4,1.4061019283373615
13900,4,1.7538494465794927
13901,4,1.7538494465794927
13902,5,0.9961460842134597
13903,5,1.3408812178337504
13904,5,1.646176953178074
13905,5,1.9350392782255168
13906,3,2.0269353398593353
13907,3,2.028034101734447
13908,3,1.7637061289933815
13909,1,1.1758527506395626
13910,3,2.136610498976784
13911,3,2.1990097352263334
13912,1,1.1141443936082147
13913,3,2.4218065647347524
13914,3,2.4218065647347524
13915,3,1.5266198999258378
13916,3,1.7942153359745636
13917,2,1.4648266782334727
13918,5,2.122201910715484
13919,5,2.1300400399711408
13920,5,1.500340026513624
13921,2,1.706500583065478
13922,2,2.1740902866306753
13923,1,1.925367186556645
13924,1,1.6143514410463355
13925,2,1.706500583065478
13926,4,0.9122496509988992
13927,4,1.3259994168880034
13928,4,1.0908141640912852
13929,2,2.029288299576578
13930,2,1.1414662995152782
13931,4,1.15615751086172
13932,2,2.437545492947461
13933,2,2.106634971509373
13934,4,1.507521956826911
13935,1,1.5674830159041817
13936,2,2.271028041391137
13937,2,
13938,4,
13939,1,2.235013076625007
13940,1,1.4110665875175783
13941,1,1.3672079498957244
13942,2,1.4204296332416115
13943,2,1.7456373244059815
13944,4,0.6728947990577313
13945,4,2.1386428821411245
13946,2,2.9822177202317874
13947,2,2.2966897797882817
13948,2,2.8331320544971184
13949,2,1.4105516489101242
13950,2,
13951,2,
13952,4,1.321939987483065
13953,2,1.1751445057623602
13954,4,1.535573323351836
13955,2,1.7986791902404724
13956,2,1.7808319160700412
13957,4,1.3973491548546157
13958,1,0.8143760852758571
13959,4,1.7508769548487997
13960,4,1.5148921477964228
13961,4,1.8994196724880337
13962,4,1.60722767333728
13963,1,1.3944700605597085
13964,1,1.3521823642848414
13965,1,1.8722950658124873
13966,1,1.751946506654211
13967,4,2.172222033021837
13968,4,2.1627810084730914
13969,2,1.641955317270749
13970,2,1.2802388146420791
13971,4,1.728006700451
13972,4,1.7214917150897937
13973,2,1.3462568972980462
13974,2,1.051977645318646
13975,2,1.998716355984329
13976,2,1.7478028963727594
13977,2,1.998716355984329
13978,4,1.351135845035177
13979,5,1.868954217348474
13980,4,1.113542072949697
13981,4,1.5275564544436573
13982,5,1.868954217348474
13983,4,0.9474577777081586
13984,2,2.0056545079828654
13985,2,
13986,3,1.479566125199094
13987,5,2.328621264328384
13988,2,1.908397346198914
13989,5,1.9291679167752442
13990,5,1.7959330001909977
13991,2,1.1528612602009272
13992,4,1.3827305058368922
13993,4,1.2632154565286946
13994,4,1.4237455408899298
13995,5,1.6520606176671535
13996,5,1.7896088157901446
13997,3,1.4025070128985124
13998,3,1.0637304344171141
13999,3,1.9234895792501552
14000,3,1.3329756283708545
14001,5,1.7844334510234032
14002,1,1.7442202093555044
14003,3,1.4164576930440669
14004,3,2.369172072393901
14005,3,2.7258554134076265
14006,3,2.541801750885428
14007,3,1.402759638320968
14008,3,2.139394109853846
14009,3,2.139394109853846
14010,1,1.727086594229301
14011,2,0.7377201054000215
14012,5,2.7605098831812285
14013,2,2.1156044644385203
14014,2,1.6774304219299698
14015,4,0.8432211701148804
14016,4,1.4688065297533224
14017,4,1.3097983359899155
14018,2,1.7257434860076963
14019,2,2.4644428112971037
14020,4,1.4495485891351998
14021,2,1.8350281362230159
14022,2,2.119584236094835
14023,2,2.2656117058854375
14024,4,3.1071853258859345
14025,2,0.8877477623405831
14026,4,1.2039394542896846
14027,4,2.4740598481688623
14028,4,2.2061875027509563
14029,4,2.263420759380213
14030,2,2.0179960684129084
14031,4,1.1109288729228366
14032,4,1.527834421341033
14033,2,1.6849168915395007
14034,4,0.9605072441579091
14035,2,1.3895853552782766
14036,4,1.0607993284519677
14037,4,1.707352369160494
14038,2,2.5822104911612356
14039,2,1.2145928412318887
14040,2,2.702833160847855
14041,4,1.93591997875439
14042,4,1.93591997875439
14043,1,0.8030435143488969
14044,4,1.0378737836143241
14045,5,
14046,2,1.1905376087130133
14047,4,2.4449023455294556
14048,2,1.7550946019506337
14049,2,2.47703184296008
14050,4,2.382352956959346
14051,2,2.7180186170098923
14052,2,1.4085466821242725
14053,4,
14054,4,1.1284701628333884
14055,4,1.2252408604617213
14056,4,1.241255474476193
14057,4,1.1706134348545245
14058,4,1.1542194467730398
14059,4,1.1172884752759247
14060,1,2.556458846185174
14061,1,2.923157727284579
14062,1,2.723211898206189
14063,1,2.6320358842116387
14064,4,
14065,4,
14066,5,1.8706957257419827
14067,5,1.1682635620120527
14068,5,2.074715171410598
14069,5,1.9330648212022923
14070,5,2.4380135034733144
14071,5,2.625402680602381
14072,5,2.231700043244664
14073,5,2.7437269489203975
14074,4,1.0626012232770223
14075,4,1.1330527808228332
14076,5,2.158382488151112
14077,3,0.8331394098758113
14078,5,1.5310515781248426
14079,3,1.298952126975537
14080,3,1.8108359722870195
14081,2,2.0656100220248255
14082,2,2.5145582252179626
14083,4,1.9890815175452938
14084,4,1.903887649440843
14085,1,2.189130175399488
14086,2,2.295478236089653
14087,4,1.35827165400123
14088,2,
14089,1,1.292818542900994
14090,1,1.44607192295751
14091,1,1.6266449543820873
14092,2,2.555550578878412
14093,2,1.8117747567714337
14094,1,2.0259255734256
14095,1,2.0107832551470093
14096,1,0.817325610993365
14097,2,1.6903391770274636
14098,2,2.790223200167138
14099,2,2.790223200167138
14100,2,2.0431091310925287
14101,2,1.7651701549764232
14102,4,1.9545500761150922
14103,2,2.2379603164083637
14104,4,0.9394799180484015
14105,4,1.4594436100366663
14106,2,1.440889917203865
14107,4,1.6233119751240734
14108,2,1.38070288129818
14109,2,1.4262742835472089
14110,4,1.5717753975434838
14111,4,1.4566652199504726
14112,4,1.5010788945390052
14113,4,1.4589685418581835
14114,1,1.5482863692546502
14115,4,1.2531273321217156
14116,1,1.371740292384354
14117,4,1.4860289456545872
14118,1,1.1719881920414512
14119,1,2.107715866860573
14120,1,1.9421486463533697
14121,1,1.2925523510474632
14122,1,1.1181725644590268
14123,1,2.218448507958159
14124,1,2.0241927558866406
14125,4,2.441273865899688
14126,0,2.3303988666423416
14127,0,1.8227563928676953
14128,0,1.7680520546820817
14129,4,1.7969589650265392
14130,4,1.5908867650910798
14131,4,2.2769127495620904
14132,4,1.225136932876242
14133,3,2.6465582512754886
14134,4,1.5160139148563154
14135,5,1.452432798029915
14136,5,1.7532636759016256
14137,4,1.3418635927206515
14138,2,2.6808015767729128
14139,5,1.854313726500361
14140,4,1.1900874432962343
14141,4,0.9468811450548266
14142,2,1.4972534018449644
14143,2,1.9596010346977861
14144,2,2.2295805749413713
14145,2,2.0385085390265814
14146,4,2.0111326032129315
14147,4,2.668867812712856
14148,4,2.668867812712856
14149,4,1.9401142906857765
14150,4,1.555125906865898
14151,2,2.1064269832386873
14152,2,1.544101745859489
14153,4,2.517153601858526
14154,4,1.598754548451249
14155,4,1.4947839107618413
14156,4,1.4710299842484147
14157,4,1.23180611275355
14158,2,1.308392784658827
14159,4,0.9529346269081361
14160,2,2.110258098873125
14161,4,1.6506578635665778
14162,2,2.3317791492084585
14163,2,1.6673260860746988
14164,4,1.500640020133213
14165,2,2.1726053746249296
14166,4,1.500640020133213
14167,4,1.3891270909030398
14168,4,1.5090980390216895
14169,4,1.6818981217305924
14170,4,1.6050471785591247
14171,2,2.469278494653105
14172,5,1.2731506368421153
14173,3,0.6667332802075935
14174,5,2.459645172011239
14175,4,1.946085098296885
14176,1,2.238293816010964
14177,4,2.113719011803621
14178,0,1.25995149214627
14179,4,2.13988709688003
14180,4,2.13988709688003
14181,4,0.9272898785799915
14182,2,2.339894020849343
14183,2,2.0724256072496643
14184,3,0.9821032161710864
14185,2,1.3860057965656585
14186,4,2.228876571432621
14187,4,2.0462130480706278
14188,2,1.2067088141742097
14189,4,1.0993941506018603
14190,1,2.676672888476875
14191,0,3.2574477998027698
14192,1,0.7170809175110757
14193,4,1.2816428018041337
14194,4,1.2396608743831314
14195,1,2.1413952959123046
14196,1,2.3620133328127793
14197,1,1.1940113440409392
14198,5,0.9618021178740227
14199,5,2.041733210317547
14200,2,1.6206074558913004
14201,2,0.863709219539341
14202,4,1.1143271449043377
14203,4,1.6813580141577378
14204,4,1.6172293699749793
14205,4,1.1087725871337413
14206,2,2.339567921416984
14207,2,1.6240342551264297
14208,2,2.345236985983596
14209,2,1.897910646964759
14210,2,1.897910646964759
14211,5,1.5573605173049585
14212,4,3.197493386501506
14213,4,2.7595707935113802
14214,2,2.7198940187937874
14215,2,2.117883128576613
14216,2,2.917099855080528
14217,4,1.1235454059207735
14218,5,1.5463732689843146
14219,4,1.9380106794649963
14220,4,1.3169573851865692
14221,4,1.4350133077376008
14222,4,1.4350133077376008
14223,4,1.28645413327545
14224,3,0.9726261867383069
14225,2,1.5011934565839193
14226,3,1.0064215702056467
14227,2,1.6096506207898622
14228,2,
14229,5,1.9260254183116527
14230,4,1.485965481580803
14231,4,1.485965481580803
14232,2,2.2652906867608085
14233,5,2.5010826202463687
14234,5,2.8698383358508632
14235,2,0.866634782227911
14236,4,1.6649981099999687
14237,5,2.45534059058595
14238,4,1.689340954544467
14239,5,1.4159520276937179
14240,5,1.1529090365521584
14241,3,
14242,3,1.1627641430193343
14243,3,1.6234682281713968
14244,3,1.5985941368157837
14245,3,1.2508105495185897
14246,1,2.522994316884235
14247,1,
14248,1,3.2431336139530553
14249,3,2.1096052618621486
14250,3,0.7576726706846821
14251,5,1.604212642441599
14252,3,2.8011030643892374
14253,3,1.050738120497535
14254,2,
14255,5,2.1181232738472064
14256,4,
14257,4,1.8570738818219652
14258,2,1.9484376612642256
14259,5,3.023476643881318
14260,5,1.871715047012925
14261,2,
14262,2,1.6578473416618076
14263,2,2.4632223709530394
14264,2,1.632976863245695
14265,2,1.3658541436268177
14266,2,1.4248400895118025
14267,2,3.364538082497464
14268,2,
14269,4,
14270,4,2.0329815965947446
14271,2,2.457570113576732
14272,2,2.3550038183415203
14273,4,1.98808566865888
14274,2,1.6693027695981324
14275,4,1.3789702062354927
14276,4,3.1427885845097507
14277,4,1.042040987048411
14278,2,1.3561740517454133
14279,4,2.7318324465611297
14280,1,3.1113787891359306
14281,1,1.318932814297673
14282,4,3.288213048416575
14283,4,1.1904293252519391
14284,1,1.0079967190721488
14285,1,1.340097487138799
14286,4,1.0995026262882441
14287,4,2.3975840732454516
14288,4,1.2633203583655153
14289,1,1.906802462656276
14290,1,2.1183592522331947
14291,1,1.864857819203123
14292,1,2.1167654378695224
14293,3,1.3796506876719314
14294,5,2.0113651765387157
14295,5,1.8626704688542173
14296,5,2.0487029863033523
14297,4,1.4452267315572063
14298,5,1.716337561395085
14299,5,2.5568717120457145
14300,2,1.1033934095084124
14301,5,1.716337561395085
14302,5,2.7317061281108352
14303,5,2.0698361058842982
14304,1,1.3873461436345462
14305,3,2.2399859236266866
14306,5,1.4255645201125893
14307,1,1.697087872858855
14308,3,2.889528068984917
14309,1,1.8048736848701938
14310,1,1.096088236625292
14311,1,3.2823222606810463
14312,3,1.7086289792820268
14313,3,1.5667055686694908
14314,3,1.5877300565296046
14315,3,1.959121468179318
14316,4,1.9420967572299472
14317,1,3.1536604708435063
14318,4,2.3085814064295858
14319,1,1.2714011576318953
14320,1,3.1536604708435063
14321,5,1.6114760740775846
14322,5,1.730409708318543
14323,5,1.730409708318543
14324,2,1.4300944495896486
14325,5,1.4941407757640008
14326,5,1.446144426027905
14327,2,1.0032859979509499
14328,3,2.26845551038866
14329,5,2.449130690623159
14330,3,2.503116232824473
14331,5,1.3165921861474748
14332,4,1.2306923230494176
14333,2,2.9401058797455395
14334,2,3.0949625400382796
14335,2,1.5374131260779291
14336,1,1.7391924986560396
14337,1,1.7391924986560396
14338,2,1.0763499521520932
14339,2,1.4975119942121657
14340,2,1.4973575581124114
14341,2,1.6737551193426417
14342,2,3.536585166058089
14343,5,1.4937191577383273
14344,2,1.2832288040966053
14345,2,2.6941502007203333
14346,4,2.2619185357410836
14347,4,1.0353428533699551
14348,4,1.0578212364716564
14349,2,3.0644149063511925
14350,2,1.716690778562053
14351,2,1.772519175680175
14352,3,0.8629911489804438
14353,5,1.715096167274437
14354,5,2.1939160479320523
14355,3,2.4075671344198946
14356,5,3.2739334609042667
14357,3,
14358,3,1.6474965505769479
14359,5,1.2143294163468101
14360,5,2.8161793130283996
14361,5,2.957203435500017
14362,2,1.428160744435669
14363,4,2.141140610478906
14364,4,2.258948459646064
14365,2,2.118183825023487
14366,4,4.000970211290911
14367,1,3.034589720975224
14368,2,2.197430281913121
14369,2,2.1885805126053586
14370,1,3.034589720975224
14371,1,1.0407667612116347
14372,1,1.017025495632833
14373,2,1.4467443774022428
14374,5,2.3092625791701904
14375,5,1.9857267069859705
14376,5,2.57529407838056
14377,3,2.468694895024734
14378,3,2.468694895024734
14379,3,2.0168034003777078
14380,5,
14381,1,1.675762571356979
14382,1,1.8357737435007924
14383,2,1.5944270417036153
14384,5,1.620143878321631
14385,2,1.487950584667674
14386,4,1.0764386868427143
14387,2,1.870056817842522
14388,1,1.23106413606485
14389,1,2.109773751515977
14390,1,2.1060709722400386
14391,2,2.5176492033888405
14392,2,1.9557507709109498
14393,1,1.5389030437649887
14394,2,2.2909305262706896
14395,2,
14396,1,2.5132531714396413
14397,1,2.5132531714396413
14398,4,2.137041296941808
14399,0,2.6056811497289005
14400,4,1.073588458330428
14401,2,2.040732215652486
14402,5,2.2425788550148695
14403,5,
14404,5,
14405,4,0.7889352464009153
14406,5,1.4423409298730743
14407,5,
14408,4,
14409,3,1.9513271808033008
14410,5,1.7885409556220686
14411,3,1.9017722056419442
14412,3,1.8130277876040122
14413,5,
14414,3,1.0931203374749388
14415,5,1.544506141546527
14416,3,0.85712579950025
14417,3,2.616845858685279
14418,3,1.1660895039366732
14419,3,2.05468161243521
14420,1,2.378079972272544
14421,5,1.776569960855946
14422,5,1.5908833347163573
14423,5,2.0134093895673244
14424,5,1.9790501959390812
14425,5,1.4851261596655658
14426,3,0.6487014286269709
14427,3,1.0635586128302652
14428,3,0.8870736049140696
14429,3,1.3667285439366896
14430,5,1.508437782275974
14431,2,
14432,4,1.1875274068349555
14433,2,
14434,2,2.6026233457540657
14435,2,
14436,4,2.083055321117533
14437,2,2.3925886307350877
14438,4,
14439,4,1.9142902251246134
14440,4,
14441,4,2.113885491342653
14442,2,
14443,4,
14444,2,
14445,4,1.7611817772499019
14446,4,1.8343217916875194
14447,2,1.3409539729280693
14448,5,2.7608538559638274
14449,5,1.9268783690268052
14450,5,2.4285994901966923
14451,5,1.8538085424740618
14452,5,1.6001257942724532
14453,2,1.134042395192711
14454,2,1.5283392585574127
14455,4,1.1129839056522497
14456,1,0.8935063193457035
14457,2,1.6783416089520027
14458,1,1.2242726796990646
14459,2,1.3273728750112113
14460,1,1.9968955235072121
14461,1,0.9327416654626559
14462,5,2.186842615375149
14463,3,1.2264186445201692
14464,5,2.2679258816987913
14465,3,1.6961782280890245
14466,3,1.1932008048606528
14467,5,1.8901289027766857
14468,5,3.5470267313366755
14469,5,3.5470267313366755
14470,4,2.397390336774881
14471,5,1.6927582428948047
14472,1,2.301334911084444
14473,4,1.148506078172891
14474,1,0.969556891054454
14475,1,1.5960983283974202
14476,1,1.7161102085060744
14477,1,2.131677702183457
14478,1,1.3304648807645585
14479,1,3.0416880831432014
14480,1,3.0416880831432014
14481,3,1.6842249243863454
14482,3,1.6222402124546456
14483,5,1.0479323790963415
14484,5,1.7207500775578353
14485,3,1.3374974403074962
14486,3,1.8444478433957805
14487,5,4.6995874335525425
14488,5,4.6995874335525425
14489,5,1.257600796122704
14490,0,1.4188826307667837
14491,0,2.814461562042568
14492,1,1.2887784929870048
14493,0,2.264335511677226
14494,0,2.2555122698960433
14495,4,1.967203448854197
14496,1,2.106483739030203
14497,1,2.1548833265305394
14498,1,1.8929315561167086
14499,1,2.49467997237353
14500,0,0.9599932567042411
14501,1,1.2935029045685587
14502,1,0.8914047433985821
14503,0,1.2173764341222648
14504,1,0.9356061045462558
14505,2,2.8913851355951663
14506,2,1.8832551647451863
14507,2,3.5245612720310318
14508,2,3.578907981947989
14509,4,1.2004228585332128
14510,2,3.4779684622217073
14511,2,1.483114899056697
14512,4,1.0616468425592005
14513,4,1.8396547454391403
14514,4,1.8396547454391403
14515,4,1.4792198054246077
14516,2,1.9555717155690389
14517,2,2.6984234774765024
14518,4,0.6834249436344785
14519,4,1.7090185350222762
14520,4,0.8889655764758004
14521,2,1.6075653169188393
14522,2,1.2603683503836112
14523,2,1.5833769248252514
14524,2,1.5243659349390455
14525,2,1.7534408940343478
14526,2,1.5723995536981052
14527,4,1.6074002316001799
14528,4,1.6796670143789263
14529,2,2.470164338929552
14530,4,0.7206226613740812
14531,2,1.933451959733202
14532,1,2.3726770648936224
14533,2,2.9628157538321735
14534,2,2.183842352018784
14535,1,2.494166497469601
14536,1,2.9402545046993858
14537,1,1.4703966033787168
14538,2,2.2233992077826894
14539,2,1.8906083917181453
14540,2,1.6021497097312425
14541,2,1.7121210901281654
14542,2,
14543,2,1.8272292897622
14544,4,1.6708292437360701
14545,4,
14546,4,
14547,2,1.9638405737475206
14548,2,2.1891567923880695
14549,2,2.1891567923880695
14550,2,1.459423881189053
14551,4,1.0396683158000342
14552,2,
14553,4,2.5139332579319995
14554,4,2.3704573511018268
14555,4,
14556,1,2.2061056545012785
14557,4,2.0772533193467435
14558,4,2.0772533193467435
14559,1,2.2061056545012785
14560,1,2.0575569816438146
14561,4,1.380521662831621
14562,1,3.0228890040307905
14563,4,2.3681991156742477
14564,2,0.9301578253974724
14565,2,1.6159426356795392
14566,2,
14567,5,2.4560112122865605
14568,4,
14569,2,2.340439493105478
14570,4,
14571,4,1.4543513550910798
14572,4,2.152837627807949
14573,1,1.572103266988319
14574,2,1.4082702387593313
14575,2,2.058082096328133
14576,2,1.665750223412384
14577,5,2.181981397901782
14578,4,1.8129925935370594
14579,4,1.657378191463609
14580,2,2.214592526147836
14581,4,1.3851579274475163
14582,0,2.820805503678265
14583,1,3.287706929499314
14584,1,3.479321280243428
14585,1,1.439190957520672
14586,1,1.6343282200159093
14587,5,
14588,4,1.621045583430595
14589,4,2.2438140628246415
14590,4,1.602198718055841
14591,4,
14592,2,
14593,2,
14594,4,
14595,4,
14596,4,
14597,4,
14598,4,
14599,5,1.8192379688163256
14600,3,1.1300025995356586
14601,5,1.9206520414763175
14602,3,1.3281643373177345
14603,5,1.4843072153802674
14604,1,2.032162033981369
14605,2,1.8410885889239594
14606,1,2.7379315116244487
14607,4,
14608,4,
14609,1,2.689191335934401
14610,2,1.8527587729952695
14611,5,1.3723401957983434
14612,2,1.7079807119997164
14613,5,1.533063873254551
14614,2,1.8095683487672356
14615,2,1.7634789562092175
14616,1,2.0169411423968637
14617,2,1.426919496113911
14618,2,2.8169402144881937
14619,2,1.2947444500666965
14620,2,2.1340487636252243
14621,2,3.322383917416832
14622,4,1.1387434629162603
14623,4,2.860787860866966
14624,2,1.5319540536688487
14625,2,1.7812059740416695
14626,4,2.860787860866966
14627,4,2.5967386773834122
14628,2,1.186618643841776
14629,2,2.916076069606797
14630,2,1.958958968731969
14631,2,2.7501809891885722
14632,4,1.3726030836057963
14633,2,1.1536381362013841
14634,2,2.0523292003040994
14635,4,1.660157501553419
14636,4,1.6609306031326923
14637,4,1.6491690067161622
14638,4,2.0789667811689525
14639,4,1.6014447218344467
14640,4,1.5492083063452522
14641,4,2.2053444142838083
14642,2,1.9900934042553744
14643,5,1.9236922663300364
14644,3,2.2419852001687213
14645,5,2.266853063540462
14646,5,2.3856201336261273
14647,2,1.6770796762865487
14648,5,1.5760642425843068
14649,2,1.2329389218095856
14650,0,1.1796951457151013
14651,2,1.9222315205504452
14652,1,1.2622593136097764
14653,1,1.0917659782482312
14654,0,2.1693027030355254
14655,0,1.8448224229049635
14656,1,2.277708866635353
14657,4,1.2997914360728045
14658,1,2.0861541383774287
14659,1,1.671884881433741
14660,2,1.2487801696250505
14661,2,1.3067829178403103
14662,2,1.7978262436716024
14663,2,1.898133476419256
14664,2,0.8808468884498981
14665,2,2.057531147998952
14666,2,2.3352023622873643
14667,3,1.1295038669726913
14668,2,1.054705701883336
14669,2,0.8154019054836338
14670,2,2.5192407594604855
14671,3,0.9320634753702761
14672,2,1.2669107734918708
14673,4,
14674,4,0.6554814238033331
14675,4,2.8118939689690805
14676,4,1.7656015871072417
14677,4,2.151742274241078
14678,4,2.0130694267820655
14679,4,0.6315158681435246
14680,4,0.8683563223668475
14681,4,1.3750002868194826
14682,4,1.0524540774185254
14683,4,1.7118640717425262
14684,4,1.52584990021442
14685,2,3.3514032219047736
14686,4,2.9427046969269783
14687,5,2.1899596336705094
14688,5,2.9556315117064718
14689,2,1.6054036288596145
14690,4,0.8927016277655432
14691,4,2.5320545532378183
14692,4,2.5320545532378183
14693,4,1.4534620565410699
14694,4,1.5479505432731064
14695,4,1.0251423518713132
14696,4,1.1396228151141743
14697,5,1.6640560272524765
14698,4,0.5969477482661693
14699,3,0.7720909554152524
14700,3,0.7006507637452413
14701,3,1.255141746102185
14702,3,1.255141746102185
14703,3,1.3210750125461328
14704,5,1.5055674917637363
14705,2,1.9715158278683171
14706,1,2.031503920378972
14707,1,2.031503920378972
14708,3,1.5502251821538928
14709,3,1.7194384066364983
14710,2,2.7545336079000773
14711,2,2.2461963344355276
14712,1,1.3745689804531314
14713,2,2.639680273618627
14714,2,2.639680273618627
14715,2,2.206265653139459
14716,5,2.2491663529601857
14717,3,2.221720510606196
14718,5,1.5086122550480046
14719,4,1.8815549078965539
14720,4,1.8815549078965539
14721,4,1.7814784639370884
14722,5,1.6301005716085113
14723,4,1.7814784639370884
14724,3,3.047559668461402
14725,3,3.047559668461402
14726,5,2.2255129304127736
14727,5,2.204322047434378
14728,3,2.2086990048246986
14729,3,2.3103810132973734
14730,3,1.6915350786910466
14731,3,2.2904070204365725
14732,3,1.9923783786986509
14733,1,1.2249131655401728
14734,5,1.8876051959249027
14735,5,1.0602629829263943
14736,1,2.2832360386596258
14737,1,2.684339366870897
14738,4,1.0834170651326152
14739,1,2.514730315226257
14740,1,2.0626826955882427
14741,1,1.0758737082759138
14742,4,1.0413824675813765
14743,2,2.0817792964520208
14744,1,2.3368510695239686
14745,1,1.8080867921134371
14746,2,2.8524874560263873
14747,2,2.7067647256870453
14748,1,1.6564112939823428
14749,2,2.497878010881743
14750,1,2.924514422566642
14751,4,1.6788640180800307
14752,4,1.1788322762214627
14753,1,1.6382386507732722
14754,1,1.71416266792376
14755,1,1.6469667838684536
14756,1,1.891685038321681
14757,1,1.891685038321681
14758,1,1.7368492240067663
14759,0,3.1689857605824403
14760,4,1.6121013340267705
14761,2,1.7867164748086164
14762,1,
14763,2,
14764,0,
14765,1,
14766,2,1.6646851483479137
14767,2,1.2371617913286819
14768,4,0.7674722701563346
14769,4,1.4981564528140356
14770,2,2.7356521532193323
14771,4,0.7674722701563346
14772,4,1.8501336735266896
14773,2,2.7356521532193323
14774,2,1.7335675557796413
14775,4,2.7934724800961708
14776,2,1.1879053973689861
14777,4,2.1373340523323954
14778,4,2.318650621318213
14779,4,
14780,4,
14781,1,1.425971196943341
14782,1,1.9620769385900971
14783,4,
14784,1,
14785,5,2.0164020199018635
14786,4,2.234393302985024
14787,4,2.0100001398265457
14788,4,3.0564068365645642
14789,4,3.0564068365645642
14790,2,
14791,4,
14792,4,
14793,1,1.8024340885105772
14794,2,2.064389055292993
14795,2,1.598236378191148
14796,2,1.3809332200964648
14797,1,1.4131679614395263
14798,4,2.3295048927277255
14799,2,2.2694396049033605
14800,1,2.3399840122573505
14801,1,1.9169952911831025
14802,4,2.0991184211369855
14803,2,1.7168649206405526
14804,3,1.6833981449272017
14805,5,1.6747419344411623
14806,5,2.805027578031542
14807,5,1.4612424501808328
14808,5,
14809,5,1.8236744359827552
14810,5,1.0632633821479294
14811,5,1.3217506944026836
14812,4,1.0233264286555468
14813,5,2.1439546746604523
14814,4,1.3036024664345
14815,4,1.3036024664345
14816,4,1.3212213052616133
14817,4,1.3346205654432068
14818,2,1.8857219250585362
14819,5,2.197302733041406
14820,2,1.4638827994900612
14821,5,1.6905730811023847
14822,5,1.7048120437039036
14823,2,2.1794539684404137
14824,4,0.7866972427248458
14825,2,1.663407820187262
14826,4,1.0427165242747587
14827,4,1.4529269940380367
14828,3,0.9929008185088163
14829,3,
14830,5,
14831,5,
14832,5,
14833,2,2.3732630858997568
14834,2,2.3732630858997568
14835,2,0.7408301661791902
14836,3,
14837,2,1.2666000212593815
14838,2,1.7184020492557563
14839,4,1.8843360293194358
14840,5,2.458458526970845
14841,5,
14842,2,1.2569145775769273
14843,5,1.6949936315283396
14844,2,1.4718961638706947
14845,3,2.601931293154304
14846,3,2.4473098369395148
14847,3,1.105160055024206
14848,1,1.8454750908646147
14849,5,2.3367517485465115
14850,4,1.4943307841574844
14851,2,2.297206784122406
14852,2,1.6772657763707517
14853,2,1.6772657763707517
14854,3,2.152838304894195
14855,2,1.099565516279474
14856,4,0.6196784696235477
14857,4,1.4011684270189944
14858,4,1.1962973526460663
14859,4,1.1962973526460663
14860,4,1.6406558060664307
14861,4,1.1725907276927316
14862,5,1.2394220232540107
14863,3,2.739327285528358
14864,3,2.956720775928337
14865,3,2.4463105405029335
14866,3,1.9073097520922777
14867,3,1.6614057212211129
14868,3,0.9087760957134372
14869,1,1.1616636613247748
14870,1,1.386431576508622
14871,4,1.3537098024448118
14872,0,2.6004228114182393
14873,2,1.5771890858623066
14874,2,2.9746775953027287
14875,2,1.1336968877932367
14876,2,1.5128196247973942
14877,2,1.9730184656237697
14878,4,0.613469125347576
14879,2,
14880,0,2.84739729068109
14881,0,0.886806738798966
14882,0,1.4974121912906777
14883,1,1.1734729538144846
14884,1,1.1734729538144846
14885,2,1.7228366361911969
14886,0,2.84739729068109
14887,4,1.1007157290799787
14888,4,1.1164105642538373
14889,2,1.8706993188456107
14890,2,
14891,5,2.035769869812185
14892,4,1.9282358476487178
14893,2,2.2216667340746916
14894,2,2.0691770799314217
14895,2,
14896,2,
14897,3,
14898,3,
14899,3,
14900,1,1.0460459539095213
14901,1,1.698592550392648
14902,4,1.458808766326424
14903,1,1.5852343772018052
14904,1,1.575406633749038
14905,2,1.8347224260751327
14906,4,0.8457273906875888
14907,4,1.1346809992052158
14908,4,2.8113009290669515
14909,4,2.4041832685123685
14910,1,2.1389857981543425
14911,1,1.8308793372869685
14912,1,2.412974075525541
14913,0,4.764378507048674
14914,1,4.387876583507107
14915,2,2.7830712650196694
14916,2,2.162527030203805
14917,1,2.1372295181306535
14918,0,2.3174326267997656
14919,1,1.1068127788217144
14920,1,1.4234707863307186
14921,0,2.656859334103465
14922,1,1.5278569052856197
14923,0,1.6539278507475188
14924,0,1.5521352589943282
14925,1,1.9687430384985767
14926,1,1.3623885702947494
14927,1,1.2441200767302791
14928,1,
14929,1,
14930,2,
14931,5,1.8982776270109745
14932,2,
14933,5,
14934,2,
14935,2,
14936,5,
14937,4,
14938,4,
14939,3,
14940,5,
14941,3,1.072705390727389
14942,4,1.7044541571859444
14943,4,1.102123210061552
14944,4,1.363031796712513
14945,1,1.2582798917557791
14946,1,2.0011739935571256
14947,2,2.746933024057885
14948,2,2.518672124367726
14949,1,1.2505366042556612
14950,4,
14951,4,1.6352281786125933
14952,2,
14953,4,
14954,4,
14955,2,
14956,2,
14957,2,1.3988735637448813
14958,4,1.1801237440262857
14959,4,
14960,2,1.4326410003469412
14961,4,
14962,2,
14963,2,
14964,2,2.2806982499543436
14965,2,1.6508592548767143
14966,2,2.469008113082819
14967,5,2.0782555054731935
14968,4,2.007852413502653
14969,4,2.5264597820481303
14970,4,1.3586807918286343
14971,1,2.448622732457749
14972,2,1.4727826604169318
14973,3,1.200171871680523
14974,3,0.9311021086523523
14975,3,1.2179936033925776
14976,1,1.493028273100721
14977,1,1.6129863027033826
14978,1,2.1539911775865557
14979,2,1.2341912172035368
14980,4,1.9647102116440507
14981,1,1.9046681029977024
14982,1,1.6570499778411023
14983,4,1.2460198059997238
14984,4,1.6711122273637657
14985,2,1.4819073667729181
14986,4,2.359533072958634
14987,4,2.100531622134847
14988,4,1.1812519213420443
14989,1,2.0282294178397233
14990,1,1.3446947710089556
14991,1,1.1767784527971683
14992,2,1.3243254002363567
14993,2,1.1205939378359082
14994,4,1.5712242186934748
14995,4,1.9702048770248268
14996,4,1.8725867519841346
14997,4,1.6805566714642632
14998,4,2.0603983301328332
14999,4,1.8974369629824124
15000,4,1.7034990049563736
15001,4,2.0785370782221
15002,2,1.0167776085180606
15003,4,1.5059898773580558
15004,4,1.516082534607038
15005,2,1.6865149625194715
15006,4,0.7870092167454856
15007,2,1.486106157524968
15008,4,1.690386356661924
15009,4,1.504972860704564
15010,2,2.010138656628933
15011,2,2.461010801241402
15012,4,3.521703710736102
15013,4,3.521703710736102
15014,2,2.339149706056069
15015,2,2.036490133708138
15016,2,2.240807710807223
15017,4,0.98685773896372
15018,2,2.5684925119747026
15019,4,0.911090656257148
15020,2,1.485848568894382
15021,2,
15022,2,1.622987990884662
15023,2,2.36756590385372
15024,2,2.35310087760341
15025,2,2.321718813837826
15026,2,1.1544508984821489
15027,2,1.3909515309396838
15028,2,1.8856101714638913
15029,4,0.8151053812789545
15030,4,1.1577853934241746
15031,4,1.141299082071124
15032,2,1.9645635642993418
15033,2,
15034,2,1.2467289962267671
15035,2,1.1959879773813644
15036,2,
15037,2,
15038,2,
15039,2,1.0963740002100948
15040,2,1.6248888453877384
15041,2,1.05871302318482
15042,4,1.4821000282042602
15043,4,1.734563598472174
15044,4,0.8177904607586286
15045,2,1.7235892318823376
15046,2,3.642632256379097
15047,2,3.642632256379097
15048,2,1.591427652228846
15049,2,1.0743064893618737
15050,4,3.8155195081025424
15051,4,3.8155195081025424
15052,4,1.3191030222069664
15053,4,0.7442346550169221
15054,2,1.761464105678688
15055,4,1.8785332985672436
15056,2,1.3468002270648807
15057,2,1.5012336535544284
15058,2,1.5531134031193232
15059,2,2.591426215104465
15060,2,
15061,2,2.3382735469855365
15062,4,
15063,2,2.422548312485495
15064,2,
15065,4,
15066,4,0.9785925711846489
15067,2,
15068,2,1.5387752275860092
15069,4,
15070,2,1.5801173457267894
15071,1,1.6310102118535348
15072,4,1.1763176135880344
15073,1,1.6310102118535348
15074,4,2.3228976032198476
15075,4,2.3783923044623663
15076,2,1.3862729783684282
15077,4,1.4922437089095786
15078,4,1.4048177584467791
15079,4,1.600678497394849
15080,2,
15081,4,1.0942819014756084
15082,4,2.971954494851894
15083,4,1.1418611295570502
15084,4,2.071548573631289
15085,4,3.222045174404703
15086,4,1.8396093630393757
15087,4,1.8396093630393757
15088,4,1.135791152892424
15089,4,3.876744731440615
15090,4,2.685498398369302
15091,4,2.4255085009765063
15092,4,1.8099176326300834
15093,4,3.3043264918386948
15094,4,2.2802349259373624
15095,4,2.1628794577608397
15096,1,1.0127154350686232
15097,1,2.145446530194616
15098,2,1.234450330074693
15099,2,2.0400866847181844
15100,2,1.7961301541497703
15101,2,1.696441482275391
15102,2,1.4155081243950862
15103,4,1.3452827965096348
15104,2,1.5244338008745586
15105,4,
15106,2,2.0903296417270383
15107,2,2.2936253981969683
15108,4,1.3580656769496156
15109,4,1.436628628506745
15110,4,
15111,4,1.2627630151498297
15112,2,2.0949944074599918
15113,2,1.3472160726481395
15114,2,1.3997642278381033
15115,2,2.8197868107751622
15116,4,2.2516486716960453
15117,4,1.1993369531679057
15118,2,1.7318659214945302
15119,2,1.6877433845236331
15120,2,3.061416609952734
15121,4,1.2101859896472493
15122,4,1.0934081156883735
15123,4,1.5349865732304873
15124,4,0.9539209886707247
15125,4,0.8946298770459628
15126,2,1.2981060124549515
15127,2,1.799723382376859
15128,2,1.4925942466393447
15129,4,1.272035314001648
15130,2,1.2339133535874018
15131,2,1.6620385650462755
15132,4,1.5027179366250951
15133,4,1.5710024884754026
15134,4,0.9195169023313732
15135,4,0.7934473741304241
15136,4,1.8803434929342435
15137,2,
15138,3,1.8834507003262189
15139,3,1.8834507003262189
15140,5,2.4926246077518783
15141,2,2.7877543560453035
15142,1,2.3950132516892193
15143,2,2.14854885669674
15144,2,3.3542751122219476
15145,1,2.3950132516892193
15146,1,2.112853149324787
15147,5,2.6461140741800935
15148,0,2.2118182816895415
15149,2,1.5331570340000416
15150,4,1.1929013363941618
15151,1,2.516112987444792
15152,4,1.7534706201948937
15153,4,0.9414048542750705
15154,5,1.7219682977614474
15155,3,2.1419425733772934
15156,3,1.8357387294365421
15157,2,1.278009170453829
15158,3,2.6982311796108793
15159,3,2.2461139743218728
15160,1,0.8543943015404661
15161,1,2.290777279900073
15162,1,1.9426167934992382
15163,1,1.9426167934992382
15164,1,2.228054041721609
15165,1,2.18240394777834
15166,4,1.7396133236166733
15167,1,2.0378524067002055
15168,5,1.8899306167644818
15169,5,0.8617791371588589
15170,3,1.4231779407583192
15171,5,1.6356697814265455
15172,3,1.4091021537580481
15173,5,1.721938239306698
15174,5,1.3701017315556339
15175,3,0.6474852912735535
15176,5,
15177,3,1.6483830961964179
15178,3,1.5371595120590287
15179,3,1.747991067180737
15180,1,1.3897483545669704
15181,3,1.1285852346556728
15182,5,
15183,5,
15184,5,1.9006969035102208
15185,5,1.878941640637952
15186,5,2.0663177445829057
15187,5,
15188,2,
15189,2,
15190,2,2.0532437929329554
15191,2,1.9233343797709996
15192,2,1.3725977601537565
15193,4,1.1687825412282256
15194,4,1.0316347139133364
15195,4,1.3690224668486106
15196,4,1.3416930067014352
15197,4,1.3958272531751528
15198,2,1.258003259257458
15199,5,1.7407279958205797
15200,4,1.6719725178620495
15201,5,1.828855557019565
15202,4,1.558418367946021
15203,2,1.2026098787545676
15204,4,2.3218127404135123
15205,4,1.8638222450883861
15206,2,2.114453453023243
15207,4,1.215597995899235
15208,4,2.4183040952248005
15209,2,1.7938265009871424
15210,4,0.8470703717413312
15211,4,1.1842574552369642
15212,4,1.584241701531448
15213,4,1.541474715450593
15214,4,1.541474715450593
15215,4,1.565859139578207
15216,4,1.713541464407493
15217,4,0.9876448525866951
15218,1,2.618316165593219
15219,1,2.618316165593219
15220,2,2.5190411042519445
15221,4,1.153318111392907
15222,4,2.7849573144800512
15223,4,1.8777513305111582
15224,4,2.516357689170684
15225,2,1.0333994535006734
15226,2,
15227,2,
15228,2,1.745718969692974
15229,2,1.5403324869312163
15230,2,1.3441575038716034
15231,4,0.997030748765939
15232,2,1.1265520526635333
15233,4,1.389062496204646
15234,2,1.144306756754851
15235,5,
15236,3,
15237,4,1.219148030489185
15238,4,
15239,2,
15240,2,
15241,2,
15242,4,
15243,4,0.8649557398507847
15244,4,1.0060958114254315
15245,2,1.7599897679609717
15246,2,1.7156129542364649
15247,2,1.83178840610697
15248,5,1.5526204685506004
15249,3,1.6477890645973488
15250,2,1.7673094830875618
15251,4,1.5823112354238578
15252,5,2.1136907079068927
15253,5,2.209825728429426
15254,1,0.6020168871059353
15255,3,2.469628610041067
15256,3,2.5352661690453875
15257,3,1.3140117821947996
15258,3,1.0834836390808948
15259,4,0.8550621851013098
15260,3,1.9990236025523351
15261,3,1.7760103596898464
15262,4,1.1489652041805847
15263,5,1.0393047883527533
15264,5,1.5996419070738348
15265,3,1.1971280040746695
15266,3,1.2268218797878996
15267,3,1.2172590725331551
15268,3,1.1781886667329506
15269,2,1.7244708387953034
15270,4,2.2853273853155303
15271,4,2.072666062074538
15272,2,1.9889114240393841
15273,4,1.337831321541687
15274,4,1.415221414800604
15275,2,1.7906208540594657
15276,2,1.5434532488612047
15277,4,1.9804898854898525
15278,2,1.9336526951851638
15279,2,1.5451571207287729
15280,1,1.8076260555382755
15281,4,1.000951957683779
15282,4,2.121967748546315
15283,4,2.121967748546315
15284,4,2.0297327633968036
15285,5,1.410944085769795
15286,5,1.6806571095467335
15287,5,1.4441464077180295
15288,5,1.330062754690324
15289,3,1.1174123838927958
15290,3,1.2133346337833018
15291,5,2.1801353017396607
15292,3,2.8422617615333774
15293,3,2.602365375893227
15294,5,2.3407875821517177
15295,3,1.3000913428506264
15296,5,2.1160197257879485
15297,5,1.6629014361310466
15298,5,1.942265180160372
15299,3,2.522722681452596
15300,3,1.966716844307515
15301,3,1.7492210524314122
15302,3,1.8238118520313964
15303,5,1.5309537274569165
15304,5,1.6767543520916246
15305,5,1.481991860648201
15306,3,0.6225353341879124
15307,3,1.3941114436267064
15308,5,1.6590487083005654
15309,3,0.7253690570586041
15310,2,1.8307162029162096
15311,1,2.0635723014928216
15312,1,2.0635723014928216
15313,2,2.0419959983755933
15314,2,1.8904752111167706
15315,1,2.5146238240712266
15316,1,2.7169510963372003
15317,1,1.764850008655622
15318,1,1.7501302657685247
15319,4,1.7028308779265244
15320,4,2.5385189472842677
15321,4,1.8743988257642157
15322,4,1.7028308779265244
15323,4,1.2749240308171568
15324,2,1.4710157227200775
15325,2,2.0631149319794706
15326,2,1.5724099736242947
15327,2,1.5882579429331174
15328,2,1.7987603567960582
15329,4,0.9311359699030781
15330,2,1.423930865758864
15331,4,1.8670850928637168
15332,2,2.2273056687691475
15333,2,2.2528262095832483
15334,2,2.4567260980380636
15335,4,1.0822847340108137
15336,2,1.7793889258435922
15337,4,0.8039015929007722
15338,4,1.069027109093672
15339,5,1.9089316796339928
15340,1,1.9241468920057743
15341,1,1.606360422504431
15342,1,2.1033381978449546
15343,1,2.7552791930916145
15344,1,1.2138934827292875
15345,5,1.2493696625592228
15346,5,1.705116032700969
15347,5,2.2374564450013223
15348,5,2.3504453589339036
15349,5,1.8332235243125217
15350,5,2.5170496626305163
15351,5,
15352,5,0.8037970071250016
15353,5,1.1313633311759208
15354,5,1.6258019394311574
15355,4,2.5417317346001624
15356,2,1.8795154724567027
15357,4,
15358,4,
15359,4,2.5417317346001624
15360,4,1.1474750427045588
15361,2,1.6062775459475245
15362,2,1.4980820609033703
15363,2,1.800100967875762
15364,2,2.0008558792338764
15365,2,1.6062775459475245
15366,2,2.7513920587600507
15367,2,2.2923428350224433
15368,2,2.173660387607055
15369,2,0.8099098918212979
15370,2,1.667463639473925
15371,2,1.5100137257201254
15372,2,1.8908745058742753
15373,4,1.0461341306118657
15374,2,1.4225507241195754
15375,2,1.6994204658238505
15376,4,1.2388578531569947
15377,4,1.1106197747592113
15378,2,1.3546589217433698
15379,4,1.0892571136473341
15380,2,1.1814180414607782
15381,2,1.5501979803664845
15382,2,1.380555783304923
15383,2,1.7512172459964928
15384,4,1.2669541378220115
15385,4,0.8515942319873189
15386,2,1.626405772241291
15387,2,1.3894981903180197
15388,2,1.3879493220365788
15389,2,0.9991668932601921
15390,2,1.1387145993313872
15391,5,2.9457209293924733
15392,1,1.753526381477143
15393,1,1.4163493012724315
15394,1,2.163716282651419
15395,1,1.6985815383507363
15396,2,1.6854959623779457
15397,5,3.1255351017330937
15398,5,3.1255351017330937
15399,2,2.1675528881834545
15400,2,1.2258290027444385
15401,3,1.411273199542208
15402,2,2.1652730813881824
15403,0,2.0881820449665214
15404,2,2.6982906359320133
15405,2,2.21196791054672
15406,2,1.763278854120197
15407,4,1.530535038861139
15408,4,1.5124040420733045
15409,2,2.6708543222632377
15410,2,3.5859291524975583
15411,4,3.103564624308175
15412,2,3.746658206496742
15413,2,1.8958636446416566
15414,4,3.103564624308175
15415,2,1.8977273437592088
15416,2,3.3637729361457676
15417,1,2.101514226409276
15418,1,1.4074379293987123
15419,2,2.5864015290262636
15420,1,2.101514226409276
15421,4,1.9922741593928976
15422,2,1.8952088955139605
15423,2,1.8952088955139605
15424,2,2.0761125416452506
15425,2,1.9418349072378145
15426,4,2.1100168292102106
15427,2,2.3265358130129323
15428,2,1.674097484529947
15429,4,1.101695892193431
15430,4,0.8761202142990038
15431,2,1.1920899589817977
15432,5,1.114546784159826
15433,4,1.330032594077771
15434,4,1.4401025951671405
15435,5,1.8401042378778127
15436,2,1.947317840920072
15437,2,1.183095825236015
15438,4,1.766794211445138
15439,4,1.5159983469356408
15440,2,0.985916952020057
15441,5,2.0176055475049792
15442,2,0.8765989505180265
15443,2,0.9039348161490204
15444,2,0.9944721038395166
15445,2,1.3255793308096666
15446,4,1.8610467684015735
15447,2,1.74360425997815
15448,2,2.4690381052306103
15449,2,1.8172007823905048
15450,2,1.5516764912340961
15451,2,2.876909749572357
15452,2,1.8790267460576515
15453,2,1.543816428665303
15454,4,1.0093088050411052
15455,2,1.1170768711363408
15456,1,0.5847656790145418
15457,1,1.5280221294916532
15458,4,1.371576778724971
15459,2,2.282021398653061
15460,4,2.5482731335626108
15461,4,1.5278429449196949
15462,1,2.957627281266693
15463,1,1.9559635191812794
15464,0,0.941384378764087
15465,0,1.4125285914622956
15466,0,2.0004921149615424
15467,0,
15468,0,
15469,0,
15470,1,1.3540685677345543
15471,4,2.0604832375807502
15472,1,1.3847868651962825
15473,0,1.0586974011759613
15474,3,1.5739873645506484
15475,3,1.3857046596711358
15476,3,1.7968164255100427
15477,3,
15478,0,2.196601628460185
15479,0,2.0767032535793537
15480,0,1.7464551846185163
15481,0,2.4518903849762004
15482,0,2.0327740725166614
15483,0,1.921775591561818
15484,2,1.4680287507193885
15485,0,1.3637589871490503
15486,0,1.9950787933077847
15487,0,0.9822016448578771
15488,0,1.021908569938464
15489,0,1.942323403846984
15490,1,1.034738319801168
15491,1,1.077542634673926
15492,1,2.1356687692178675
15493,1,2.1356687692178675
15494,1,1.154244341530755
15495,3,
15496,3,1.707217555796298
15497,3,
15498,1,1.7845402220342825
15499,0,1.5758249676329534
15500,1,1.690220297881904
15501,1,1.9691254277467423
15502,1,1.175577597368147
15503,1,2.118582284932691
15504,3,
15505,3,
15506,3,
15507,3,2.5429651782240636
15508,3,2.5429651782240636
15509,3,1.4062274608062668
15510,3,0.8912109616497853
15511,5,1.5660183326103676
15512,3,0.8778029838287598
15513,3,1.311614831225636
15514,3,1.4034019138378069
15515,3,1.7540352179122343
15516,3,1.529595899003945
15517,3,1.1095481125220847
15518,3,2.055916190437154
15519,3,1.6136672343169685
15520,3,2.055916190437154
15521,0,1.3484014205151378
15522,0,1.3076025098520803
15523,0,1.9278151613335908
15524,1,
15525,2,
15526,1,
15527,0,1.5595231089339545
15528,0,1.4817647457962417
15529,0,1.5480721118611784
15530,0,1.2422993222631693
15531,3,2.459710675137759
15532,3,1.844084272182829
15533,5,1.8553714387691744
15534,5,1.7493734775221812
15535,0,2.0957875252188543
15536,0,2.2465309159526083
15537,0,1.9724101860757701
15538,0,2.5757142094794685
15539,1,1.1730442017760554
15540,1,2.4438331094954493
15541,1,2.4438331094954493
15542,4,1.8052922953156327
15543,4,1.6792436747398107
15544,1,1.3469244862870666
15545,1,1.3305309661520597
15546,0,1.684005109222434
15547,0,2.5296819998909887
15548,1,2.189259614495459
15549,0,2.196286199668219
15550,1,2.0733308825411267
15551,0,1.0453513510540422
15552,0,1.5798594354683424
15553,1,1.8824784191412491
15554,0,2.215657766773297
15555,1,1.8824784191412491
15556,1,2.6882018630597164
15557,1,1.2303082576445772
15558,0,1.8264471208075512
15559,1,3.3854281619488003
15560,1,1.326326558145607
15561,1,1.3997936103853235
15562,1,1.544142298030221
15563,2,1.8266088637431808
15564,5,1.5309260767941035
15565,1,0.6225852802868602
15566,2,2.1880187514569736
15567,2,2.038032886130528
15568,2,2.0339459105143485
15569,2,1.8535281904573333
15570,5,1.4146457549266975
15571,2,2.0282268744605663
15572,5,2.2480101859882033
15573,5,2.13940741953167
15574,5,2.628578314458472
15575,5,1.3770367923983655
15576,5,1.9832040476673904
15577,5,1.729560670620235
15578,5,2.507445529070295
15579,5,2.2193742463229476
15580,5,2.2480101859882033
15581,4,0.8551609061241701
15582,4,
15583,4,1.2159880342539633
15584,4,1.675593494397708
15585,4,2.6003373377810775
15586,2,2.1143637352823377
15587,4,1.569616283874229
15588,4,2.640556979453325
15589,4,1.6681162899613844
15590,4,1.6681162899613844
15591,1,1.3850688050614024
15592,4,1.0087381519029652
15593,1,1.3289444476366044
15594,2,1.288485979650746
15595,4,1.4554244132050802
15596,4,3.957911982924137
15597,4,2.829653977496342
15598,4,2.829653977496342
15599,4,3.0900316880823353
15600,4,1.47589590618544
15601,4,1.604652181920864
15602,4,1.7800366517644837
15603,1,1.3463910924878775
15604,4,1.2413916743798084
15605,4,2.2607590688154255
15606,1,1.4492241064448443
15607,2,1.4489809658086312
15608,1,2.656621913010069
15609,2,1.5321175286380233
15610,4,1.4054656435385793
15611,1,1.9901313295476282
15612,1,1.711349086914371
15613,1,1.861594559435986
15614,2,2.2516433891406704
15615,5,2.042161807335516
15616,2,2.1816518982745103
15617,2,1.6464580177688122
15618,4,1.740990493373066
15619,4,1.5115250627212415
15620,5,1.6813188557493743
15621,5,1.7391012059471098
15622,5,1.4321017706100827
15623,3,1.560309925010804
15624,3,1.4400644900415016
15625,3,1.1390716656023965
15626,3,1.560309925010804
15627,3,1.4400644900415016
15628,5,1.644153972015151
15629,1,1.090007091062984
15630,1,2.399046284965799
15631,1,2.092365340682672
15632,1,2.4763930301086
15633,1,2.399046284965799
15634,1,2.4763930301086
15635,1,1.6392648895737223
15636,0,1.32860676995908
15637,1,0.9545660839912128
15638,0,2.136543026379224
15639,1,3.236724770082448
15640,1,0.8809349837290721
15641,0,1.540969750273004
15642,1,1.8672237724349954
15643,1,1.8196151554434028
15644,0,1.739893601208444
15645,1,1.9495928196238508
15646,1,1.582954677947194
15647,0,1.8967345809688818
15648,0,1.6573309747059914
15649,0,2.1884059972597516
15650,0,1.6068184904255562
15651,0,1.6649440698833677
15652,0,1.8883044110178469
15653,0,3.1110591992033556
15654,1,1.6172967520359367
15655,1,0.7490184882605528
15656,0,0.9190990709356002
15657,1,1.8166061698856957
15658,0,1.9447636500119982
15659,0,1.9757982284326863
15660,0,1.8432743115547254
15661,5,2.7444291683805986
15662,3,1.0798701779534834
15663,5,1.5778234465997527
15664,5,1.6421440017660431
15665,3,2.806205059000655
15666,5,1.7131971075748063
15667,5,1.5603542775223278
15668,5,1.7694227902245054
15669,3,2.4099059632828665
15670,5,1.8306219818592204
15671,3,2.5747487383107552
15672,3,2.313673290381833
15673,3,2.140355880082666
15674,3,2.427827427736332
15675,5,1.2545923116311541
15676,3,1.5168711083066793
15677,5,1.0904150278763607
15678,5,1.5393599615858609
15679,3,1.2835847119004145
15680,5,2.4303138512764852
15681,5,2.052008077697201
15682,3,1.1249427272656165
15683,1,3.074774657279722
15684,3,1.2755277916576848
15685,5,1.833200002311852
15686,1,3.074774657279722
15687,1,1.7372221109291603
15688,1,1.8902583705121154
15689,3,2.0788074607835783
15690,1,1.4337412917781287
15691,5,
15692,5,
15693,5,2.1469364578092747
15694,5,2.5272421403094225
15695,5,1.8813507585196858
15696,5,1.0085982950232713
15697,5,3.130813803031673
15698,5,2.1334398170792195
15699,5,
15700,3,1.040726445356376
15701,3,1.7449716778330033
15702,5,1.6004894663086562
15703,3,1.2438479558832782
15704,3,1.397271690974212
15705,3,1.2383393750592298
15706,2,1.431807691186559
15707,4,1.4445512176054829
15708,4,1.6307439976193532
15709,1,1.406140356921194
15710,4,1.1357910960024682
15711,1,1.1803056561105179
15712,1,1.0088090031828358
15713,1,1.2178094135607906
15714,1,0.678379738710254
15715,1,1.0064574772693986
15716,1,0.880475391328617
15717,3,1.9532454131209813
15718,3,1.8000076164551368
15719,3,1.7467135106227345
15720,3,1.9991990215087023
15721,3,2.092703439116106
15722,3,2.5088250634434495
15723,3,2.440704987013696
15724,3,2.0634731022726935
15725,1,1.921915160379363
15726,5,2.2817381304512074
15727,1,1.921915160379363
15728,2,1.891817817044951
15729,2,2.478834826379542
15730,4,2.111736808391994
15731,4,2.4789081883537216
15732,1,2.0939166009499535
15733,1,1.877722628277839
15734,1,2.0251117326162613
15735,1,1.0498722224093098
15736,1,2.4361328023209623
15737,1,2.324605984043869
15738,1,1.6158179794177128
15739,1,1.2056747104001773
15740,1,1.3349475955293821
15741,1,1.6572865402548087
15742,1,1.5956651831725548
15743,3,1.4598523074685357
15744,3,1.5029641141564254
15745,3,0.8925730446987721
15746,5,2.3014530142252
15747,2,1.5075499543215107
15748,2,2.189146779017566
15749,2,1.1967566691137508
15750,2,1.4128321328334936
15751,2,1.2369983102308473
15752,2,1.1896346381617506
15753,4,0.7038170401514
15754,4,1.32048850488275
15755,5,2.132283181175517
15756,5,2.8476044968030965
15757,5,2.7276523724136776
15758,5,2.132283181175517
15759,5,2.056192052295775
15760,5,2.8476044968030965
15761,3,1.2309986063215952
15762,3,1.353546762380381
15763,5,2.0352239596167805
15764,5,2.0352239596167805
15765,5,1.8276012303320908
15766,3,1.7552920608608629
15767,3,1.5807138546868154
15768,3,1.4381205509904844
15769,5,1.4551240703161525
15770,5,2.436209030634956
15771,3,1.510480322508148
15772,2,1.4006672677393022
15773,5,
15774,5,
15775,5,
15776,3,1.7573468798664034
15777,3,1.6710695961117574
15778,3,2.148125166182199
15779,5,2.2487500985627777
15780,5,2.2487500985627777
15781,3,2.1799207807111394
15782,3,1.3628565898447857
15783,5,2.092874936430686
15784,5,1.7478062401703829
15785,3,1.2074366445524671
15786,0,1.0565897531368664
15787,0,1.9512914469509592
15788,0,1.3314961203918045
15789,3,2.7831498224085327
15790,3,1.6248516968539617
15791,3,1.9856032731176114
15792,3,1.9856032731176114
15793,3,1.241096052664911
15794,5,1.7959867771927271
15795,5,1.876608030602238
15796,5,1.876608030602238
15797,3,
15798,3,
15799,3,
15800,3,
15801,3,1.424476622486375
15802,3,1.424476622486375
15803,3,2.4515224904976223
15804,3,2.4515224904976223
15805,3,2.3369596535480106
15806,5,1.8012596999736568
15807,3,1.1540771595091146
15808,3,2.1671585786148104
15809,3,2.1671585786148104
15810,3,2.124234336437512
15811,2,18.271144234155816
15812,1,1.624150311128816
15813,2,1.580972036212163
15814,3,1.302480933257984
15815,5,1.811455052724577
15816,4,1.6893190995594116
15817,4,2.0355175122116815
15818,4,1.54756225472496
15819,1,1.6215238664872447
15820,0,2.230055776956734
15821,1,2.53670768598786
15822,0,1.2562379361074658
15823,0,2.2867724115329686
15824,1,2.4729002015945785
15825,0,0.8312829613960984
15826,0,2.326750271937095
15827,0,2.513491999701992
15828,1,1.501208089396483
15829,1,1.4012718425614525
15830,1,1.9858666719823268
15831,1,1.641022024560478
15832,3,1.998778397381934
15833,5,2.660231521280321
15834,3,1.8983498783159785
15835,3,
15836,5,1.7178397538542354
15837,1,2.200004986482511
15838,1,1.632279636460744
15839,1,2.3635365031461584
15840,5,
15841,3,2.3406208421126533
15842,3,2.3406208421126533
15843,0,2.433926597423658
15844,1,1.4394177577908842
15845,0,2.433926597423658
15846,0,2.433926597423658
15847,1,1.107001439485734
15848,1,2.755257166486727
15849,1,1.2354638801293787
15850,0,1.2277500561856745
15851,0,1.5994309423840833
15852,0,1.1857619042857128
15853,1,1.2475860324361594
15854,5,2.021365174936511
15855,5,2.0146330522332287
15856,1,
15857,1,
15858,3,1.5395970244960218
15859,3,1.6338678101715771
15860,0,
15861,5,
15862,5,
15863,5,
15864,3,
15865,1,
15866,1,
15867,0,
15868,0,
15869,4,
15870,2,
15871,1,
15872,1,
15873,0,
15874,0,
15875,0,
15876,0,
15877,4,
15878,4,
15879,2,
15880,4,
15881,4,2.238331950717479
15882,4,2.3242661535016524
15883,5,
15884,1,1.6038633073189752
15885,1,1.4743441142857403
15886,0,1.7622897786826515
15887,1,2.4524850062600847
15888,0,2.266095256282458
15889,1,2.554587995351604
15890,1,2.1142578617004344
15891,1,0.8621328378092609
15892,1,1.324650907506082
15893,1,3.337201608912265
15894,1,3.337201608912265
15895,2,1.1656969865030475
15896,0,3.5173978608094756
15897,2,2.6694403369849105
15898,4,1.662411374976686
15899,4,0.811083944654797
15900,2,1.16999102851116
15901,2,1.7111919900099186
15902,2,1.1644278430790695
15903,2,3.5595185912863645
15904,4,
15905,4,
15906,2,1.3029703225031166
15907,2,1.3926832101268964
15908,2,3.5474393620957207
15909,4,1.578491239048763
15910,2,2.092640924037239
15911,2,2.8070312178524968
15912,4,1.569493457928703
15913,4,1.3498048474962554
15914,2,1.624281247124355
15915,2,3.3847310098663352
15916,4,1.324698244799979
15917,2,1.7878149174515434
15918,2,3.703360802555696
15919,4,1.2064135571788397
15920,2,2.6226576668159143
15921,4,1.8220700542411057
15922,2,1.5520736793651875
15923,1,1.3270821569972122
15924,1,1.8606267435976516
15925,5,2.116717761143614
15926,1,2.7843940490625028
15927,2,2.344222679649694
15928,5,1.5340416860591028
15929,2,0.9058900105132902
15930,1,1.901091887901531
15931,4,1.2721918235470802
15932,1,2.0697713247469056
15933,2,1.1244023393145406
15934,2,1.8670784730413628
15935,2,2.048934273576591
15936,2,1.2054789755328137
15937,4,0.8919790769186073
15938,4,1.0727828151219443
15939,2,3.353315272917883
15940,4,1.8917763690192602
15941,4,1.182482892721209
15942,2,2.725431670593416
15943,2,2.728786698282135
15944,1,2.2548102641480954
15945,1,1.0017571027199432
15946,1,1.3600092244852349
15947,3,1.6575470068643443
15948,3,2.001771645246178
15949,1,1.084172086539481
15950,5,1.7467454855347788
15951,1,1.5482067803389417
15952,3,1.8764053711888196
15953,3,1.36942014794575
15954,3,1.7242213485906703
15955,3,1.5374756652684696
15956,3,1.4765656740134931
15957,2,1.5841138229226153
15958,3,
15959,3,
15960,4,1.3543241143326088
15961,3,2.3715929407109564
15962,3,2.4544664616874705
15963,3,2.076817693457889
15964,3,1.9546130433008218
15965,5,1.068200211447044
15966,5,2.18453957329459
15967,4,1.0817856070073757
15968,0,1.8556314535465632
15969,1,1.5380678458983164
15970,1,1.5476048437008205
15971,3,0.93214102708307
15972,5,1.1300051949139058
15973,5,2.882851463936138
15974,1,2.741735362139224
15975,2,3.305185437331103
15976,4,2.108711898369131
15977,4,1.185449104257408
15978,4,2.0464937063442936
15979,5,3.1152432457563144
15980,4,2.3264767775186637
15981,3,2.2414544932138747
15982,5,1.0727941104352998
15983,5,1.434494251491815
15984,5,2.136233591459784
15985,5,1.6351524022194344
15986,3,1.1493932661033446
15987,3,1.2561734962737572
15988,5,1.773548519461419
15989,5,2.0591805763516513
15990,5,2.233079806844708
15991,2,2.62730371364254
15992,3,1.2874487573661813
15993,3,1.1647126874674012
15994,4,3.0452082380855097
15995,2,1.2782495196855672
15996,2,1.7815287917057523
15997,2,3.0460785282151237
15998,2,1.7074711305382189
15999,2,2.4291113003515092
16000,2,2.632760532273436
16001,5,2.716608653454524
16002,4,1.6291230458704566
16003,2,3.0460785282151237
16004,2,2.100507544379057
16005,4,1.45548868896413
16006,2,1.4678319234868493
16007,2,2.802832219464093
16008,4,1.459253548775037
16009,4,1.6375681125881032
16010,2,1.207978302662184
16011,2,1.6287988708535324
16012,2,1.5320801536903483
16013,1,1.5098363760588729
16014,1,1.26305686253439
16015,2,1.2041996899521585
16016,4,0.8926735811547565
16017,4,1.1140083307934454
16018,2,1.6875924997337168
16019,2,1.8705194298520442
16020,4,1.2352312709337014
16021,4,1.08141613786477
16022,2,0.9928357494306822
16023,5,1.1445472936722012
16024,0,1.555316154194951
16025,1,1.6028654028853642
16026,1,1.5119277078084437
16027,2,1.9323656328004837
16028,1,1.410883804714008
16029,1,1.4111411924661188
16030,4,1.2242789752762238
16031,1,1.2341838913434136
16032,2,1.6712955416047817
16033,2,2.1391265094975513
16034,4,1.7608232969993989
16035,2,2.074145992772186
16036,1,1.1399868007763965
16037,1,1.7061897709419618
16038,1,1.6599168830009174
16039,1,2.2931874182103367
16040,2,1.2965287478666663
16041,1,1.3207263454403917
16042,0,1.2740451992633395
16043,0,1.372751680707726
16044,0,5.006150251542552
16045,0,2.112874246793964
16046,0,
16047,0,
16048,0,1.0946891044348086
16049,0,1.1163375569233263
16050,0,1.6566153675418567
16051,0,1.5806357379595457
16052,0,3.5072309682398966
16053,1,1.638973078215904
16054,1,0.8399943028513401
16055,1,1.9363799721712172
16056,1,1.437652251505283
16057,1,2.284797698917352
16058,0,1.1184970037027577
16059,1,
16060,0,
16061,0,1.8545740579061734
16062,0,1.298912938306812
16063,0,1.9002583870995644
16064,0,
16065,0,1.8723796050819748
16066,1,1.5476541777117572
16067,1,2.1321648102965156
16068,1,2.464940108287155
16069,0,1.6496351767281907
16070,1,0.9395465213500525
16071,1,1.038675785174358
16072,1,2.077681539594722
16073,1,2.077681539594722
16074,4,1.3785817742179693
16075,4,1.033913041701421
16076,4,1.8853665239044306
16077,2,1.6395886272404292
16078,4,2.2059446637121845
16079,2,2.009973244526699
16080,2,1.9111620005343921
16081,4,1.6543521490358213
16082,4,1.233646822791373
16083,4,1.108889268611323
16084,4,2.030798035088196
16085,4,
16086,4,
16087,4,
16088,4,
16089,4,
16090,4,0.8255283100154017
16091,4,2.0467165527070788
16092,4,1.5600571183952565
16093,4,
16094,4,
16095,4,1.3518251723006702
16096,4,
16097,4,
16098,4,
16099,4,
16100,4,1.4687414847711173
16101,4,1.8642681763748898
16102,4,
16103,4,1.3022194743304962
16104,4,1.7960034569656045
16105,4,
16106,4,1.4456518811777928
16107,4,
16108,4,1.0993085066971942
16109,4,
16110,3,
16111,3,2.0298147852826234
16112,3,1.3135082270449567
16113,2,1.3133481273271894
16114,5,1.8555628190400224
16115,1,1.7386777009168057
16116,5,2.9262828967470234
16117,5,1.638337081204019
16118,1,1.8963218864227749
16119,1,1.6364163917779841
16120,1,1.507167389496565
16121,1,1.218561370574802
16122,4,2.50644937639877
16123,1,1.314943006326532
16124,4,1.4228994098314283
16125,1,1.433915608342367
16126,1,1.3643443633464096
16127,0,1.0141857196580428
16128,1,1.9061225808655722
16129,1,1.947450020210823
16130,2,1.9510878757221015
16131,1,2.1760207847046082
16132,2,1.470741655338075
16133,1,1.3706913365235158
16134,1,1.6226877317205561
16135,1,1.6302305130571968
16136,1,1.6302305130571968
16137,0,1.7781790144001028
16138,1,1.2145520102978766
16139,0,1.4881829235624817
16140,0,2.1991313086472437
16141,0,2.00738552233397
16142,0,1.52367510622554
16143,0,0.7253576531985513
16144,0,
16145,0,1.7774482797121816
16146,0,1.6694364394833034
16147,3,1.4780609873878
16148,2,2.5505790411349967
16149,1,1.1027332818231579
16150,3,1.2403160983202735
16151,5,1.392879113461578
16152,4,2.202045619923501
16153,2,2.2781267754593073
16154,4,0.7115230214003505
16155,4,0.8428462144984055
16156,0,1.3468205317462192
16157,3,1.051771333600694
16158,3,2.820799596862665
16159,1,2.1759478142216575
16160,5,1.8174189447114086
16161,5,1.7851501091385478
16162,5,1.6384562882689144
16163,3,2.2235627874859936
16164,3,2.4479533083757725
16165,3,0.8631554562252292
16166,5,1.5123648583882063
16167,3,2.350642135636214
16168,5,2.0776731949542233
16169,5,1.7343207943851437
16170,3,2.101090608444191
16171,3,2.134048639285421
16172,3,0.9277649020530779
16173,3,1.460317294595127
16174,3,1.7312063383560965
16175,3,2.49895156039951
16176,3,2.49895156039951
16177,1,2.1631458844488973
16178,1,1.6887042371113214
16179,1,1.7117305681294435
16180,0,1.3958249937081906
16181,1,1.6911728176501075
16182,0,1.5012612842960655
16183,0,2.1742040640127116
16184,0,2.0787048961794707
16185,0,1.4547392611018874
16186,0,1.4963408596199137
16187,1,1.9909789119077737
16188,1,1.5556169596460816
16189,0,1.3630146349418828
16190,1,1.975263171315468
16191,1,1.975263171315468
16192,1,1.3016217039760798
16193,1,1.8137378624311613
16194,1,1.6282141205648237
16195,0,
16196,1,1.6568076168986376
16197,1,
16198,0,
16199,0,1.9066566756054641
16200,0,2.0534891378944558
16201,0,1.3962800619996707
16202,0,2.281222611112259
16203,0,1.8163419947099124
16204,0,0.8951002068051466
16205,0,1.0147081449031137
16206,3,1.6635916081932476
16207,1,1.438475351367684
16208,0,1.2182016736893362
16209,0,1.3318840258380906
16210,2,2.2889072228150504
16211,1,1.174880789805079
16212,0,2.334839160934905
16213,2,2.2889072228150504
16214,4,2.3701991476017756
16215,2,2.8446342331092307
16216,0,1.931594115965732
16217,4,2.872206474838013
16218,0,1.6802769114538958
16219,0,2.074487013063181
16220,0,1.649334933888705
16221,0,1.9293810292253522
16222,0,1.7196759515665918
16223,4,0.942340678878308
16224,5,2.009153714936527
16225,1,1.0677914257242411
16226,5,2.9259876101003846
16227,5,2.5318794021080953
16228,3,3.220125839148144
16229,3,2.8540375952768646
16230,5,1.960647165517341
16231,3,1.599032111777063
16232,5,1.0018315647850866
16233,3,2.064376748781576
16234,3,1.6503010668457738
16235,3,1.6586699665374782
16236,3,2.064376748781576
16237,5,2.557185814283262
16238,5,1.9080434669148783
16239,3,1.5638477448926418
16240,3,0.9654899340097064
16241,1,1.849259525504859
16242,1,0.7608285177840444
16243,0,1.6538818753640083
16244,1,2.295669918879224
16245,1,1.4472273037261685
16246,4,1.6803540806814488
16247,4,1.4369662240307934
16248,2,1.3431142372838871
16249,4,1.6281719043089478
16250,1,1.4222763870267388
16251,1,1.4222763870267388
16252,2,1.3989265873441656
16253,2,2.3325702300298157
16254,2,2.837202557813028
16255,2,2.636915119530076
16256,2,3.3794818739985435
16257,2,2.5561064848964725
16258,2,1.3777839361383095
16259,2,1.123777206544272
16260,2,1.2222503358117116
16261,2,2.0334271722939024
16262,2,1.4027674513491324
16263,2,1.5314865884377522
16264,2,1.6369695810426947
16265,4,1.083016477689664
16266,4,1.338429319847915
16267,2,1.9808817061805861
16268,4,2.6783387718919736
16269,4,2.938283829492016
16270,4,2.170490516631361
16271,2,1.5078315887607212
16272,2,1.481600029197647
16273,4,1.0662088063458064
16274,4,1.121000006073432
16275,4,0.9484721870671636
16276,3,2.1693630365720673
16277,5,1.91196433963139
16278,3,2.347958507012879
16279,5,2.135347985718778
16280,3,1.7612109209844973
16281,3,1.8513476199470442
16282,3,0.9146668425683058
16283,5,1.544894115366943
16284,5,2.1224218874345517
16285,5,1.6766966182022602
16286,3,2.6182841801722287
16287,3,2.352506137985446
16288,2,1.046250632715904
16289,5,1.2841688085148542
16290,3,1.6163848343733376
16291,3,1.1785762761780996
16292,3,1.283441018752891
16293,1,1.2766855314994172
16294,0,2.190808759459779
16295,2,1.7333988161032565
16296,2,2.2673799500970424
16297,0,2.279515213691475
16298,1,3.115148365245773
16299,2,3.0895019260738277
16300,1,1.8220640308582323
16301,1,1.7546644698221234
16302,1,3.2081333820244775
16303,0,1.251522415254538
16304,2,1.3584666696343732
16305,1,1.780921997153749
16306,1,1.780921997153749
16307,1,0.9243667679656792
16308,1,1.6403009452088768
16309,4,1.385494232858781
16310,1,2.5972339580051202
16311,1,1.457896723079018
16312,0,1.3828896292164004
16313,0,1.6966603163208356
16314,1,1.0348056990096475
16315,1,0.9367137932596603
16316,1,1.0279822599749908
16317,1,1.4601316094716994
16318,1,1.4601316094716994
16319,2,1.8351898654603664
16320,1,1.9563845486158
16321,2,2.070531902161002
16322,1,2.176037014771527
16323,1,2.176037014771527
16324,1,1.2976620177553257
16325,4,1.516186721432941
16326,2,2.72161244515153
16327,4,1.640563297685792
16328,2,3.0928843847629164
16329,2,2.6256080974997342
16330,4,1.136970793759179
16331,2,1.719684202009419
16332,4,2.1067978091381176
16333,4,2.6077052383952513
16334,4,2.23118451111202
16335,4,1.3759186422208542
16336,2,1.9914467480646703
16337,4,0.8053608810228053
16338,2,2.1749970353285586
16339,2,1.5477820852951545
16340,4,0.8111504472702219
16341,2,3.1646938921644154
16342,4,0.8892899212012658
16343,2,1.9765948423159279
16344,4,2.921915206918339
16345,4,1.703461225846128
16346,4,2.5815230284066573
16347,4,1.0705898591924041
16348,2,1.3600704458812027
16349,2,1.6853245413151645
16350,4,2.9341014359983326
16351,1,0.8917647113638001
16352,2,1.2272849168465378
16353,2,1.6995881212565613
16354,1,2.225757095881742
16355,1,2.5842819413790847
16356,2,1.4688856798085865
16357,4,1.9635547882604367
16358,4,1.7116546210112022
16359,2,1.1810872744798915
16360,1,1.3281980288242279
16361,2,1.938472086104388
16362,4,2.162951161282448
16363,4,2.3331965206268035
16364,4,1.548355045583925
16365,4,0.7686265437093065
16366,4,1.2564986722896017
16367,2,1.7777573558582929
16368,2,1.9895786287755857
16369,2,1.8208257771497558
16370,5,1.3247282577341077
16371,4,1.252839788903828
16372,2,1.454739806560274
16373,4,1.5163340254302884
16374,4,1.626708043715802
16375,4,3.365504969668617
16376,4,1.265323555789036
16377,4,1.6342360179467623
16378,4,1.403541608914804
16379,4,1.6305135943046773
16380,4,2.107734189499256
16381,2,1.2041376717121064
16382,2,1.0936353790257765
16383,2,1.4669127823431694
16384,2,2.3075061530487457
16385,2,1.8697061457818536
16386,2,1.644081920922227
16387,4,1.1091535474100906
16388,4,1.002216830252763
16389,4,1.1328905470695783
16390,2,1.9904862847090685
16391,2,2.1240241728290177
16392,5,2.2974701864943214
16393,2,2.0268542525640303
16394,2,1.8175298130454798
16395,5,2.449507741913744
16396,2,1.6269325409724444
16397,2,1.2781096276331272
16398,2,1.553940268964811
16399,4,1.1087394418931025
16400,4,0.9093143946123636
16401,2,1.8971104858626213
16402,3,0.9980460792064195
16403,4,1.7088965600299573
16404,3,0.8853244143848502
16405,3,1.5825509839143639
16406,3,2.0517367646772238
16407,3,1.5825509839143639
16408,3,1.2043832466843052
16409,3,2.4446873664746795
16410,3,1.1502317271276516
16411,3,2.00992927524904
16412,3,2.4800498806778375
16413,3,2.19247047317668
16414,3,1.638590588301034
16415,3,2.019768372467555
16416,3,2.0392121342238636
16417,4,1.9230224700792
16418,5,1.979225665096668
16419,4,2.0006677777010244
16420,4,1.7751562972789037
16421,4,1.536826987403526
16422,2,1.4742265763656148
16423,4,1.6609468323336534
16424,1,1.9547021613875286
16425,2,1.6116784499281003
16426,5,2.379855570785335
16427,5,2.5762447895372564
16428,3,2.3087900377769692
16429,2,3.35399878268946
16430,3,1.6694980288596508
16431,3,0.8264627504772248
16432,3,0.8436799037044029
16433,4,3.120954783194467
16434,4,2.0296478513597838
16435,2,1.3453363641478109
16436,4,1.769009252157251
16437,4,1.769009252157251
16438,4,0.740064516853428
16439,4,0.6546451404350289
16440,2,2.1657156922190643
16441,4,1.1977814280502095
16442,1,1.4723917242515914
16443,5,1.5473998302633296
16444,5,0.7950225288114574
16445,5,2.6476344337731037
16446,5,2.6476344337731037
16447,5,1.2661565654386329
16448,3,0.9762773192793203
16449,5,2.3576029659571285
16450,5,1.9821602377870986
16451,5,1.7015830112740051
16452,5,0.9306245895383857
16453,5,1.8744970889912902
16454,5,1.3196327590890462
16455,4,1.0029440564401062
16456,5,1.9368315060061598
16457,5,1.6516242190466766
16458,4,1.058494098331321
16459,5,1.727643195629974
16460,2,0.8291077800773721
16461,5,1.3226732856435894
16462,5,1.0716312380372799
16463,3,1.2357879413542685
16464,3,0.8698716323656075
16465,2,1.3988339142544364
16466,4,1.2413338043517381
16467,1,2.5647337851363883
16468,1,1.7927969705631632
16469,4,1.3074656800110138
16470,2,1.3598837052585675
16471,2,1.3446125634011126
16472,2,1.9777981625028485
16473,5,1.4356630058757387
16474,5,2.3085610021880987
16475,4,
16476,4,0.7983387180982172
16477,4,0.5637171514448023
16478,4,0.7956459614164251
16479,2,1.7855169866236205
16480,4,1.0265090293098782
16481,4,1.2092244324871577
16482,5,1.470084109284687
16483,1,2.1573788050103686
16484,2,1.1874866118919083
16485,2,1.4644719993001192
16486,2,1.2576524472880006
16487,4,0.8129227466519097
16488,2,1.016110762757078
16489,2,1.0795827465731176
16490,2,1.144734071249929
16491,2,3.051924774726716
16492,2,2.1428182215726728
16493,2,1.8104288190295907
16494,2,2.785209623704723
16495,2,2.4786611129280094
16496,2,2.07165689711497
16497,4,0.9982230537653212
16498,4,0.7576880654988603
16499,4,0.920495318605486
16500,4,0.7744878233731617
16501,4,0.6222592829421102
16502,4,2.1856010522401133
16503,2,2.855827395543411
16504,2,2.855827395543411
16505,4,0.9792664751021661
16506,2,1.2081588348928336
16507,4,1.1454380639578523
16508,2,1.3841034654371083
16509,4,1.405842410289697
16510,1,1.5133264858529303
16511,4,2.542545128831658
16512,2,2.1145565076946142
16513,2,3.5319874204937083
16514,4,1.3986388863776065
16515,4,2.0520303740956902
16516,4,1.6260887423653831
16517,4,2.118111067758884
16518,4,1.2331980387642607
16519,2,2.6856445872945436
16520,2,1.7457802662347774
16521,4,1.259523805697142
16522,4,1.6026012775858514
16523,4,1.674226863075581
16524,4,0.9305718068824504
16525,4,0.9376674193000807
16526,4,0.8457820727008805
16527,2,1.9229383679849479
16528,4,4.128259602514013
16529,4,4.2640732661914
16530,4,1.2388733914511914
16531,4,1.506363522812098
16532,1,3.654892390882954
16533,5,2.038555186971758
16534,3,0.8925408634000143
16535,5,2.143902086102565
16536,5,2.1804266958683973
16537,5,1.0708711195960348
16538,3,2.510000304710584
16539,5,1.7462488170666557
16540,5,1.975658042083503
16541,5,1.5249409244583536
16542,3,1.233291917148388
16543,3,1.6907169098217005
16544,5,2.5540814149754745
16545,5,2.012751159817286
16546,3,1.8181576483203492
16547,3,
16548,5,
16549,3,1.447498279414862
16550,3,1.0520703551885453
16551,1,1.3041729910447228
16552,2,1.9578614785898283
16553,2,0.7512712689835089
16554,5,1.715507507964633
16555,5,2.102027005832307
16556,3,1.442335480331352
16557,2,2.259202594597116
16558,5,2.485420129505832
16559,5,
16560,3,1.3841052611964146
16561,5,
16562,2,1.6128362920683694
16563,4,
16564,2,1.0930954617730977
16565,4,
16566,3,
16567,3,
16568,3,1.202001549301553
16569,3,1.3013977673310215
16570,3,2.0060881800369685
16571,3,2.0060881800369685
16572,5,1.5417399140422972
16573,5,1.9047812609179837
16574,5,1.802687139128268
16575,5,1.9902979719932228
16576,5,1.3551668514725288
16577,5,1.5534412177579684
16578,5,2.8932282048650433
16579,5,2.198931343860714
16580,3,1.5408885927185847
16581,3,0.6574525677497051
16582,5,1.1105795391071696
16583,3,0.9551585957831377
16584,2,1.1150865342387626
16585,4,
16586,2,2.1359325882465443
16587,2,2.1143516379646625
16588,2,2.0110728785491956
16589,2,1.8327461210746403
16590,4,1.5057015303467003
16591,1,1.8691930481820036
16592,1,1.6154019857508393
16593,1,1.7720147378014632
16594,2,1.3701799794477392
16595,3,1.4205574320377143
16596,3,1.4205574320377143
16597,3,2.0922550062257623
16598,3,2.0922550062257623
16599,3,2.830965696748305
16600,3,2.4319753015003176
16601,3,1.591921819180235
16602,3,1.7358633460666995
16603,2,1.7062917451582345
16604,4,1.556396154066204
16605,4,1.8064079470922418
16606,2,1.6882124655019524
16607,4,1.129623428151655
16608,2,1.2488398452028975
16609,4,
16610,4,
16611,4,1.0045281830615205
16612,2,1.4871516490045111
16613,2,1.8484010426414001
16614,4,2.5749995664491685
16615,2,1.9972585201091106
16616,4,1.3660591133342248
16617,4,0.8711009248087165
16618,4,0.6997668010530708
16619,2,1.0999254155817955
16620,4,1.1903632304549538
16621,5,1.894186257414806
16622,3,1.6036662615758557
16623,3,2.682854856273846
16624,3,2.1198497601805117
16625,3,1.549413067496003
16626,5,1.7457782672236737
16627,3,2.7183534245041248
16628,1,2.947390229488686
16629,4,2.2700449946601817
16630,5,1.3463066485676347
16631,5,2.0141180309310096
16632,5,2.681518176469398
16633,5,2.681518176469398
16634,5,1.6456516687549285
16635,5,1.674663169182032
16636,3,1.533087315475064
16637,3,1.2293055731078233
16638,5,1.2214858558364736
16639,5,1.341346341462032
16640,5,2.135886946483632
16641,5,2.516446888303265
16642,3,3.133181841154929
16643,3,
16644,3,0.8799611803393927
16645,3,0.9261609027934916
16646,3,1.6784796718364106
16647,5,1.1654019928354484
16648,5,1.4862157999174346
16649,2,2.7223760803649166
16650,3,2.083942101189608
16651,2,3.3603909919295023
16652,5,2.476753140881739
16653,3,2.5193718287750433
16654,3,1.0135394984809478
16655,2,1.5906948670506351
16656,4,1.2399759538739432
16657,4,1.1307390294472295
16658,2,1.2485268979126647
16659,4,0.6823864025935166
16660,4,0.9346466764963883
16661,4,
16662,2,
16663,2,
16664,5,
16665,2,2.2196790010166683
16666,4,2.3373976205016818
16667,3,1.0175640651762181
16668,1,2.5021323836278504
16669,1,2.085070075832945
16670,1,3.000376476615088
16671,4,1.5314070061692373
16672,4,1.4357306194334885
16673,0,1.6645455670892488
16674,0,1.5056858600791305
16675,4,1.5224826088187118
16676,0,1.2984338593421663
16677,4,1.5769102232224363
16678,4,1.6180846077486795
16679,4,1.463562974319124
16680,4,2.534534168070362
16681,4,1.6587887129070595
16682,4,2.016751753815481
16683,4,1.7079773588217118
16684,4,2.2033847463315883
16685,4,1.1615110931296064
16686,0,1.366821635634759
16687,0,2.495819754388257
16688,0,1.1745493165595358
16689,0,4.031093787564077
16690,0,2.495819754388257
16691,0,3.626312433810702
16692,4,3.100966958855512
16693,4,3.100966958855512
16694,1,1.766585381258952
16695,1,2.612140811516483
16696,1,2.612140811516483
16697,4,1.038003121588676
16698,1,1.415140888513558
16699,4,1.792434217707824
16700,4,1.6928049228567421
16701,2,1.5880336917312667
16702,1,1.4113433329767022
16703,1,1.3960945433703613
16704,2,2.5176429920450456
16705,1,0.9020885907429803
16706,1,2.236843733702035
16707,1,2.236843733702035
16708,4,1.2125518102567385
16709,1,3.0536752099467708
16710,1,1.6633363646459591
16711,1,1.8271068306757043
16712,1,1.8554035123899413
16713,2,3.259199498193747
16714,1,2.0723128072158326
16715,2,1.5285025217487187
16716,4,1.6965003796116003
16717,1,1.4190690878226466
16718,1,2.3107260100747626
16719,1,2.412949183776708
16720,3,2.5029977396244045
16721,3,1.1454775612185208
16722,5,1.777015756573064
16723,1,3.220048250490797
16724,4,1.3726399014592308
16725,1,3.664069399329646
16726,5,2.1802101782023997
16727,1,1.5215437179448703
16728,1,1.3863409164367608
16729,3,1.787001053091959
16730,3,1.5051975380344378
16731,1,1.4803113031210053
16732,1,2.437346850917741
16733,1,2.741427776374759
16734,1,1.777249243416352
16735,1,1.6610000141141537
16736,2,2.1331528187796303
16737,1,2.58386920227333
16738,1,1.1486626882164164
16739,4,1.7267410138913317
16740,4,2.301075826575097
16741,4,1.8514670748755728
16742,4,1.3184795098251
16743,4,1.1192110702237166
16744,1,1.6259587355895422
16745,4,1.3205489147182963
16746,2,2.7024308399124752
16747,5,1.519611067115121
16748,4,2.237053117313751
16749,2,1.2358607170279619
16750,4,1.8127010883599377
16751,4,1.9589543305868187
16752,5,1.7704827334147701
16753,1,1.6623306720050743
16754,1,2.135908164727671
16755,1,3.5682378979599263
16756,1,2.0488604741589542
16757,1,1.4323799735973575
16758,5,1.2101627034794646
16759,3,0.8789688186616824
16760,2,2.7444517595577986
16761,2,2.1701525152420973
16762,4,
16763,2,1.9032957709267153
16764,2,0.8278435849474857
16765,2,1.5576706153497943
16766,2,0.8962662402239066
16767,4,2.834367687279853
16768,4,2.4756714692336557
16769,4,1.2358897927768728
16770,2,1.3632809829484962
16771,4,3.614980466286193
16772,2,3.0503009081055588
16773,2,1.473854981749745
16774,2,2.20757604819597
16775,2,1.060987067492632
16776,4,1.7954931490843582
16777,4,0.8591483887969699
16778,4,1.8493834801611757
16779,4,1.3593344625089547
16780,4,1.1348786320460713
16781,4,1.406478439421317
16782,4,1.1785451338315873
16783,4,1.437220733711231
16784,1,1.191671158457035
16785,0,2.7238530803691154
16786,0,2.7238530803691154
16787,3,1.2293646348449252
16788,3,1.1182555465397328
16789,5,2.67150993159831
16790,5,3.2329952637822714
16791,4,0.710010859371571
16792,4,0.603641338791754
16793,5,1.3420320398248669
16794,5,1.0048499672812858
16795,5,1.0038903451843233
16796,3,1.0527151079146124
16797,1,0.7279452790201065
16798,1,1.1979139732952502
16799,5,
16800,1,1.6478892152680926
16801,5,
16802,3,2.1616183522071624
16803,5,
16804,3,
16805,3,1.3324630649332547
16806,3,1.6223359027686326
16807,5,1.5114053847072337
16808,3,1.4873334035798078
16809,3,1.324450047743666
16810,3,1.9538252180005882
16811,3,2.379616878878923
16812,1,1.1775113115445703
16813,5,2.6346290997370785
16814,1,1.3122857554720755
16815,5,0.9066823291415476
16816,5,1.869111088562464
16817,5,1.8564372278488233
16818,5,1.8651497626081859
16819,3,1.103743121523114
16820,5,1.4811610313920385
16821,3,1.3600887305859004
16822,3,1.7203044991856808
16823,5,1.7975941302057659
16824,1,0.7075727747149014
16825,4,1.1726804691169153
16826,2,1.7464351734855186
16827,2,1.4203283580291708
16828,1,1.3208399382679432
16829,2,2.0532372286502865
16830,2,1.9459824245733814
16831,4,1.611778498576086
16832,2,1.7928282267728852
16833,4,1.5980570692314073
16834,2,2.0525545062614223
16835,2,1.2851024732734755
16836,2,1.6552337927169085
16837,4,1.515724855073791
16838,2,1.5734920400605723
16839,4,1.0797436229377
16840,4,1.550065753885035
16841,4,1.3783704706487472
16842,4,1.5467332952814645
16843,4,1.5467332952814645
16844,2,1.7721708766333972
16845,2,2.3085402064736686
16846,2,1.941404816967407
16847,2,1.2458295097024585
16848,2,1.2255410480054387
16849,2,0.9441824575302951
16850,4,0.744904537789739
16851,4,1.7793540498774174
16852,4,1.804831367920053
16853,4,1.8097787040213456
16854,2,2.134997959557509
16855,2,1.0460009343789993
16856,2,1.5507505691692347
16857,4,2.6299527911502216
16858,2,3.4144313473072243
16859,2,2.2060728491522963
16860,4,0.8681490800670657
16861,4,1.0015338501354178
16862,4,1.1819143985057474
16863,1,1.4837262483115954
16864,5,1.9298628668690807
16865,4,2.034138093449864
16866,5,2.1725461218747717
16867,4,2.169904779478821
16868,2,2.2727216490138145
16869,3,1.277457211752121
16870,4,1.19329503376547
16871,5,3.4246407861076213
16872,5,3.4246407861076213
16873,5,1.496830569672869
16874,3,2.1577104065092443
16875,3,2.1860947006217706
16876,3,2.291261420350657
16877,5,2.709843501194937
16878,3,2.355885715901833
16879,5,3.013823445183889
16880,5,1.3767042403695906
16881,5,2.4963067046825667
16882,3,1.5919425450267968
16883,3,0.7989888003907103
16884,5,2.2939756897675943
16885,1,2.7274578167149754
16886,5,1.9583262973836586
16887,5,2.3846744855839335
16888,1,1.1870691643607227
16889,5,2.6382651705036895
16890,1,1.1870691643607227
16891,0,1.435402607657695
16892,3,3.073691509159333
16893,5,3.5060893457731397
16894,3,3.103928289151095
16895,1,2.0934279083369085
16896,1,2.1180007457088874
16897,2,1.7081825361605043
16898,4,1.0545188371246428
16899,2,1.1558611953885833
16900,2,1.2016503456780507
16901,2,1.4613309740615799
16902,5,1.9221900034098538
16903,4,1.453994829156601
16904,5,1.5452134280536298
16905,2,1.3235694629625525
16906,5,1.702011621622665
16907,2,1.210701026421475
16908,1,2.320214540587932
16909,3,1.4870802921052149
16910,3,1.4870802921052149
16911,5,1.3524348521018044
16912,4,1.4536620189423566
16913,4,1.9017442803492564
16914,4,
16915,2,1.8041027074719387
16916,2,2.162631211630093
16917,4,1.337464684661318
16918,2,2.5329718426945735
16919,2,3.3286708187552057
16920,2,2.8198735460335036
16921,2,1.966773095998286
16922,2,1.3695556469998862
16923,4,1.0691131341067093
16924,4,1.1618455050759502
16925,4,1.9098273263784908
16926,4,1.6937370751700573
16927,4,1.8635405402333554
16928,4,2.0576767495073454
16929,4,1.8535941431676952
16930,4,1.2603854043495404
16931,4,3.2375575660999996
16932,2,1.4890267078909398
16933,2,1.2798297203377837
16934,4,3.4839217578929444
16935,4,1.9208429143418027
16936,2,1.805273039966695
16937,4,1.329400711836821
16938,4,1.4206886058156052
16939,2,1.5298755579087222
16940,2,2.0331336639133304
16941,1,1.7743009206296154
16942,1,2.0812935643443495
16943,4,0.9157293622791287
16944,1,2.784485542428491
16945,2,2.3747617299534247
16946,1,1.1216590231792616
16947,1,1.2124651583177455
16948,4,1.4586787938458914
16949,4,3.128005010600399
16950,4,1.4690653600673436
16951,2,2.0321674887940646
16952,1,1.6352493499723886
16953,1,1.7044482848939533
16954,3,1.4703110973466826
16955,1,1.6352493499723886
16956,1,1.7044482848939533
16957,1,1.77225372179543
16958,1,1.77225372179543
16959,3,1.4150565242328854
16960,3,1.1772591994598374
16961,5,1.2964939353564555
16962,5,1.1986219636442974
16963,5,1.669959906168079
16964,3,2.2167939148857507
16965,5,1.5891612663706716
16966,3,1.301525704124976
16967,3,1.9114419394955786
16968,3,0.918312334924552
16969,3,1.1232333237174168
16970,3,1.1304267644420638
16971,3,1.9559615147342804
16972,3,1.315216991181538
16973,3,1.550519739186361
16974,3,1.276622408133989
16975,3,2.645159373823248
16976,2,2.2744312677533673
16977,2,2.5486328736607406
16978,2,2.188794520103456
16979,1,1.7891641287688764
16980,1,1.0967976674697195
16981,1,0.9553402383190452
16982,2,2.51063004587059
16983,1,1.9074737404084736
16984,1,1.5819700680514208
16985,4,2.387799613164603
16986,1,4.006505875870782
16987,4,1.190299183422673
16988,4,2.244851162043674
16989,2,0.8787723247635301
16990,4,1.0255881747192834
16991,1,1.4693961838189757
16992,1,1.2998745245039343
16993,4,2.3239021781240994
16994,4,2.6702460586665024
16995,2,1.6610123547557207
16996,2,1.601427083749975
16997,3,1.6918934152129221
16998,3,1.815490632377355
16999,3,1.4645035113052023
17000,3,2.093626939570731
17001,3,1.7469941575676071
17002,3,1.6433006540877224
17003,3,1.3671834445089337
17004,5,1.8757924128303411
17005,2,1.5363196301983393
17006,4,1.1906232855700956
17007,1,1.6648994788299882
17008,1,1.4348488180749799
17009,1,1.578450511390534
17010,1,1.578450511390534
17011,0,0.8301225769239087
17012,0,2.7306475012902736
17013,0,2.125096936886712
17014,0,2.2592704112498376
17015,0,1.2229577313210813
17016,0,1.9200494582668979
17017,1,1.2996270085296944
17018,1,1.340574658854862
17019,4,1.4834379039585708
17020,4,0.8833109402841653
17021,0,1.914140417199729
17022,1,1.9261886845347995
17023,1,1.9261886845347995
17024,1,1.8588740814419422
17025,1,1.111505273509876
17026,0,2.4524639867060136
17027,1,2.4677057689306987
17028,1,1.3494642948828939
17029,1,1.548809185785801
17030,1,1.3617967327105749
17031,1,1.1867678703367224
17032,0,2.5447409687214697
17033,0,2.2217667362045335
17034,0,1.6265997919983337
17035,0,1.1143054469649154
17036,0,2.0361476447363587
17037,1,1.4311070437999405
17038,0,2.1128397867428914
17039,1,1.6639622874775841
17040,4,1.2526466372364096
17041,0,2.215644594609069
17042,0,2.435674059533706
17043,0,2.435674059533706
17044,1,2.356200410121596
17045,4,1.787596772322759
17046,4,1.6562408629799867
17047,2,2.811888729438871
17048,1,1.7990199149441597
17049,2,2.3875836687005125
17050,4,2.319627326661028
17051,4,2.319627326661028
17052,4,2.319627326661028
17053,1,1.0437113613198707
17054,1,1.0437113613198707
17055,2,2.3547013113472457
17056,2,2.3856332471348027
17057,2,2.024191724654816
17058,4,1.3920209332102769
17059,4,1.5815322703521235
17060,2,2.45021297229655
17061,2,1.4787508487978498
17062,1,1.7441597623489107
17063,0,1.9650177783618357
17064,1,0.9747103444844539
17065,2,1.1856738991635745
17066,4,1.1124772114321027
17067,2,1.2610586792828484
17068,4,2.5731686938435687
17069,4,2.7366133804052404
17070,4,0.6733195383052574
17071,2,1.373793514977755
17072,4,2.632489941048256
17073,4,1.30427526346931
17074,2,1.2672233406691322
17075,4,2.961382041901004
17076,4,1.3423743864180833
17077,4,1.5312167383143565
17078,4,1.1961130840541203
17079,2,1.7298388210979698
17080,2,1.7311698008363665
17081,2,1.3096501668974687
17082,2,1.6260542302820549
17083,2,1.6024430917281631
17084,4,2.5533910998384424
17085,2,2.7071886981852122
17086,4,1.1893285942074565
17087,2,1.9241090501286435
17088,2,2.217055166918116
17089,2,1.6199057195482265
17090,4,1.3263001321479924
17091,1,2.7729859265967267
17092,4,1.7299704246025127
17093,4,1.2041371495600581
17094,4,3.0191600369241547
17095,4,1.0380889640758344
17096,4,2.2274690834387045
17097,2,2.3425169954864242
17098,4,2.4547097563918383
17099,1,1.5020074502330185
17100,1,1.4588851144564237
17101,4,2.1074279511709504
17102,2,2.467665602227439
17103,4,2.27254156479732
17104,4,2.398989306627842
17105,4,2.7116514273362156
17106,1,1.6239635194935371
17107,4,1.8353184746800124
17108,4,1.5193436936627567
17109,2,1.4494567845894766
17110,4,1.2443282129374262
17111,4,1.3890473753517902
17112,4,1.5652314975381867
17113,4,1.4912282065632154
17114,2,1.500364130031925
17115,4,1.0930653215242976
17116,4,1.0913118407763422
17117,5,1.811343275775941
17118,3,1.4084774229053598
17119,3,1.7071042605762328
17120,5,1.0436431494702127
17121,4,1.6390876001840615
17122,4,1.8823648350930666
17123,4,1.8823648350930666
17124,4,1.5409410378319799
17125,2,2.943903520904148
17126,2,1.7025622773187907
17127,2,1.538960991449442
17128,2,2.943903520904148
17129,4,3.444615696051974
17130,2,1.9566459140106396
17131,2,2.024243427429059
17132,4,1.1403086420610984
17133,4,3.0503662332655392
17134,4,3.5864316112459385
17135,4,1.3495964670090987
17136,4,1.4437039469362376
17137,4,1.1184500928122314
17138,2,1.4640815974776873
17139,4,1.4004976323353246
17140,4,2.8260405666167143
17141,4,2.8260405666167143
17142,1,1.9128986780639643
17143,1,2.017196001305782
17144,2,2.319475192861285
17145,4,2.787663024460023
17146,4,2.660561873046956
17147,1,2.0299365369478743
17148,4,0.8707288391334573
17149,4,1.8086814589776148
17150,4,1.2780724858149632
17151,4,1.9733430685388247
17152,1,1.652295809807393
17153,4,1.1446822692662773
17154,1,2.8485168628706248
17155,1,1.5466676090924205
17156,0,1.454586396790846
17157,1,1.02662657751448
17158,1,1.0293955731618412
17159,0,1.9935541129020564
17160,0,1.6395087179082088
17161,0,
17162,0,
17163,0,
17164,0,
17165,1,1.2671250663941183
17166,1,2.230849494664795
17167,0,1.9397815596184211
17168,4,1.1468394972270792
17169,4,1.3737942407945616
17170,2,3.0866403250016816
17171,1,2.7455796053296195
17172,4,1.36267188852297
17173,1,0.612736882203468
17174,2,1.964586346205485
17175,2,1.964586346205485
17176,1,3.2624658074336175
17177,1,3.2624658074336175
17178,2,1.862508068867711
17179,1,2.26178961463695
17180,1,2.349043740727467
17181,2,2.241181108844989
17182,4,1.6971266195250239
17183,4,2.954992327315175
17184,4,2.549798720505029
17185,4,1.0211702129492484
17186,3,0.9446193804825781
17187,5,1.444375321496203
17188,3,1.5700772243138037
17189,3,1.3583927781774117
17190,3,1.5180468732243706
17191,5,1.4332871120658102
17192,3,1.541510265269491
17193,5,1.1643741495095021
17194,3,2.0256162910495785
17195,5,1.7577358661208118
17196,3,1.0286827552372315
17197,3,1.2191602132786918
17198,3,1.4861926939031862
17199,5,1.856094978670874
17200,5,1.4433268339223955
17201,5,10.555781454018314
17202,5,6.072232877926078
17203,5,1.4495526499726725
17204,3,1.888871675769017
17205,5,2.1500177790593007
17206,3,1.5358333162577569
17207,4,1.2762108446966574
17208,2,1.587912377221783
17209,2,2.5203880851788845
17210,2,2.1342298055996545
17211,4,1.3060146940647035
17212,4,1.7881160473589455
17213,1,2.393647278062332
17214,1,2.4631966633913778
17215,1,0.8746097446520356
17216,2,2.2662699284274574
17217,5,1.9251018447394277
17218,3,1.3919986991556306
17219,3,1.5880159111312366
17220,5,1.4229063025068842
17221,3,1.1761827735646797
17222,2,1.6752350548623236
17223,3,1.2546209240573865
17224,2,1.419804587281044
17225,3,1.3766260202229508
17226,4,0.9767797674264643
17227,4,0.8865740768955583
17228,2,1.4469508376225957
17229,1,1.0496562911134033
17230,1,1.1626510010718623
17231,4,1.3710163614443802
17232,1,1.515094015683656
17233,3,1.258095527808294
17234,1,1.785691788755451
17235,4,1.4517871901679207
17236,0,2.3397802641623633
17237,4,1.3529250030571378
17238,1,1.6485838596006057
17239,2,3.7489870801344827
17240,1,2.485844327820767
17241,1,2.485844327820767
17242,1,3.4231173858107575
17243,1,3.4231173858107575
17244,1,1.6452052374285533
17245,1,1.9697718209468895
17246,0,1.1551028650182322
17247,5,1.984937310009759
17248,1,3.0682530860069654
17249,1,2.660226460090066
17250,1,1.3740856835058846
17251,3,1.4597281036993357
17252,3,1.4425973748558358
17253,1,
17254,2,
17255,3,1.4432043491607405
17256,5,1.8743655314234609
17257,5,2.746816485258302
17258,1,1.3244941352093775
17259,1,2.7246439117858405
17260,1,2.3528180619688106
17261,5,2.6335052672474837
17262,3,
17263,4,2.717379084561351
17264,4,3.3850251377707457
17265,4,1.2604755345797634
17266,4,1.3391142994503353
17267,2,2.0056509597716135
17268,2,1.6478731163797742
17269,4,1.7294691342933304
17270,2,1.5542796907361829
17271,2,1.4460823855163278
17272,4,1.8217500055615474
17273,2,1.4355382613470702
17274,2,2.1066023335672917
17275,2,2.3417034774130046
17276,2,2.372303763259702
17277,2,1.8741574810802673
17278,2,3.21288782337872
17279,2,1.9667687395339923
17280,2,2.870630390964497
17281,2,1.2743874499446008
17282,4,0.9068961009975647
17283,2,2.147336421171819
17284,4,1.7022672126386065
17285,4,1.4704538031583683
17286,4,1.5594636878325798
17287,4,1.397031641678418
17288,2,1.7341914458603906
17289,4,2.97341000729745
17290,4,2.490872229317491
17291,4,1.8611650842316922
17292,3,2.9244187556653274
17293,3,2.3744465034493403
17294,3,1.936564218134247
17295,3,
17296,3,
17297,1,1.4965824874504312
17298,1,1.8215424870736856
17299,4,
17300,1,1.7274157595676205
17301,4,
17302,1,
17303,1,
17304,1,
17305,1,
17306,2,
17307,2,
17308,4,
17309,4,
17310,3,1.187813512732975
17311,2,
17312,3,1.1069293858039346
17313,4,
17314,4,
17315,4,
17316,2,
17317,4,
17318,2,
17319,2,
17320,4,
17321,4,
17322,3,
17323,5,2.0058321220024222
17324,5,1.4289159629598909
17325,3,1.2167678752817463
17326,3,1.7865592183385257
17327,3,
17328,3,2.4615965749256086
17329,0,
17330,0,
17331,0,
17332,0,
17333,0,
17334,2,
17335,0,2.5471262813158546
17336,1,1.5487661653507576
17337,1,1.461256431069365
17338,1,1.9484049688000813
17339,2,
17340,2,
17341,2,
17342,2,
17343,2,
17344,2,
17345,2,
17346,4,1.5549483524368242
17347,2,2.264386102752776
17348,4,1.4338788522045078
17349,4,1.7632201421115583
17350,4,1.7632201421115583
17351,4,0.818423198790405
17352,4,1.4384656954432669
17353,2,
17354,2,
17355,2,
17356,2,
17357,2,
17358,4,0.9237654284475996
17359,4,1.4518313660288065
17360,4,1.579044238461201
17361,4,1.579044238461201
17362,4,2.017012043010563
17363,2,1.8140784407599433
17364,2,1.6032890435044949
17365,5,2.342781155921743
17366,5,2.8351954744170578
17367,5,3.0893044625293364
17368,5,2.822865719807221
17369,3,1.7831942043765898
17370,3,1.7831942043765898
17371,2,1.1895846467388036
17372,2,1.4528408915681095
17373,5,1.5363448101941395
17374,2,1.1873989417070387
17375,2,1.1714128908308343
17376,4,1.845006003056854
17377,2,2.5815785071058897
17378,4,1.6028563770582729
17379,2,1.3524846808883957
17380,4,0.867987139029699
17381,2,1.68687410298631
17382,2,2.399589460006043
17383,2,2.4002187862361257
17384,2,2.7114438696473178
17385,1,1.1481894901835035
17386,1,2.068370339862543
17387,2,2.0157791728797094
17388,2,2.194028265803951
17389,4,0.9617339672039944
17390,2,2.326765939377736
17391,2,2.326765939377736
17392,1,2.616478304949269
17393,1,3.502533942780541
17394,1,1.4136476263881075
17395,4,1.2786171380614095
17396,1,2.0736533253388965
17397,4,1.4193970513774112
17398,1,1.395553376262278
17399,4,1.2197634360323788
17400,4,1.3742831011140482
17401,2,3.151236497642563
17402,2,2.917653679523336
17403,2,1.4268937680982925
17404,4,0.9202890108420834
17405,2,1.8774681063668184
17406,2,1.2523531256743146
17407,2,1.1806220828140839
17408,4,1.5358606841727198
17409,4,0.958753924116736
17410,2,1.3112723126051538
17411,2,1.6473909744870359
17412,2,1.8242283928213452
17413,2,1.6556627044318672
17414,2,2.2583864482537277
17415,2,1.7555263048511864
17416,4,1.659828631890968
17417,4,0.8646406114932156
17418,2,1.9253661980914518
17419,4,1.310744419516808
17420,4,2.7257616487470497
17421,4,1.8512642428870314
17422,4,1.7773598377846154
17423,4,2.727705022351009
17424,4,1.5993583598600423
17425,4,1.4266457643746788
17426,2,1.4059795995971236
17427,4,3.1457122295880247
17428,4,3.1457122295880247
17429,4,1.6120097240171376
17430,4,1.2019691420744432
17431,4,0.9435377018358884
17432,2,0.9335151774298871
17433,4,1.4099114464040226
17434,4,1.486208475269487
17435,2,1.1403572736429906
17436,0,1.4681745302713567
17437,2,1.4423181618344767
17438,2,0.8406029164609196
17439,4,1.659511070218923
17440,4,2.672542660400149
17441,4,2.4398207249417676
17442,4,1.3195258328166943
17443,4,1.6592484069935185
17444,4,1.74454186215748
17445,4,1.6416330434986177
17446,4,2.085102622778467
17447,4,1.1027669219150833
17448,2,1.6207052928930772
17449,4,1.5952364382557778
17450,1,0.982277139068842
17451,4,1.5099164209653368
17452,2,1.0663178880306317
17453,4,1.0884685890318346
17454,2,2.1765698257592314
17455,4,2.0775713555885256
17456,4,2.0775713555885256
17457,4,2.7813243740796025
17458,4,1.5700045714897712
17459,4,2.7200672777998247
17460,4,1.582426967961968
17461,4,1.113001036985801
17462,4,1.3274955712888248
17463,4,1.7233457069303395
17464,2,1.1853613524509299
17465,2,1.4400596062351734
17466,2,1.9791747657050809
17467,4,1.72795334232856
17468,2,1.466453426860797
17469,2,1.736304795031989
17470,2,1.6067438733110668
17471,4,2.5824873359556393
17472,2,1.5150405532631568
17473,4,0.5328417500316447
17474,4,0.888276278501554
17475,4,2.384049298809485
17476,4,0.9623971918655194
17477,4,3.5522965567017564
17478,4,2.3536412034599694
17479,4,3.53600968962311
17480,4,1.4814289844056658
17481,4,3.793127060926604
17482,4,2.0275943919518262
17483,4,2.2715059908748776
17484,1,1.528459951832013
17485,4,2.61505317226159
17486,2,2.249072108079736
17487,2,2.916316006004863
17488,1,0.8886708580244596
17489,2,1.8434930973716186
17490,4,0.8017021185841388
17491,4,1.1473940940991731
17492,5,2.2218802827185167
17493,4,3.0047760853567795
17494,2,3.2188535812331645
17495,2,3.098491107752479
17496,5,2.7215216804467017
17497,4,1.9540814011063805
17498,2,2.1226370424683068
17499,2,1.7962499473859446
17500,2,3.197958625092836
17501,4,2.565999162128651
17502,4,1.4942175450252813
17503,4,1.7164069128000359
17504,2,1.9193958337399462
17505,3,1.707930789974022
17506,3,1.7118812545948183
17507,1,
17508,1,4.1742199144067005
17509,4,1.227690735744795
17510,5,
17511,5,1.2998028707999778
17512,5,2.15183839714658
17513,5,
17514,5,
17515,1,1.972931595190629
17516,1,2.0814745774537
17517,5,
17518,3,
17519,3,
17520,3,0.8620038444056621
17521,2,
17522,2,
17523,1,
17524,1,
17525,1,
17526,2,
17527,4,1.1852470194112739
17528,1,1.740471974466864
17529,1,1.5106215813736497
17530,2,1.446721811084682
17531,2,1.6715459239174721
17532,2,1.5657592088939039
17533,4,0.7544212833017881
17534,2,1.7238270024600473
17535,3,1.1715386728509316
17536,2,1.8960394667465743
17537,5,
17538,3,0.7675091039069893
17539,4,1.4140885954116515
17540,2,
17541,1,
17542,1,
17543,1,1.594842983360093
17544,1,1.594842983360093
17545,3,2.938515574357816
17546,3,2.938515574357816
17547,3,
17548,3,2.6969103101653875
17549,3,1.9854531586878772
17550,3,1.9854531586878772
17551,3,1.99460079850183
17552,3,1.1101034604134947
17553,3,
17554,3,
17555,0,2.4568727493668066
17556,3,
17557,3,2.792733118627306
17558,5,2.6454271810721175
17559,3,1.4134040286284664
17560,3,3.0201197428510165
17561,2,
17562,1,
17563,1,1.0740284159214681
17564,1,3.012767279640222
17565,0,2.420592927820112
17566,0,2.33032215329189
17567,1,1.1112784754093357
17568,0,2.69830861940487
17569,2,2.1945294378257536
17570,1,1.2952968440125079
17571,0,2.4989158007369836
17572,0,1.8119136655542445
17573,0,2.5838604726010677
17574,0,3.0600142094076106
17575,0,2.7899828967072384
17576,0,2.3121767977488266
17577,0,1.5757944810449434
17578,0,3.058902833448558
17579,0,1.684082276632242
17580,1,2.42014308102267
17581,0,2.6479862169776243
17582,4,1.0651798151123606
17583,4,1.5913116218793946
17584,0,1.669668062222032
17585,1,2.047349843440161
17586,1,2.2136222936473304
17587,3,1.6216859052415424
17588,3,2.0478836946793053
17589,3,1.8396529033525695
17590,2,1.408627681682097
17591,4,3.367207190389388
17592,2,1.899428618371331
17593,2,
17594,1,2.4247106298299435
17595,1,1.8218020968792368
17596,1,1.9732514278252562
17597,1,1.7300112786507713
17598,1,1.8002647934361449
17599,1,0.9800794437096274
17600,2,
17601,2,
17602,2,
17603,2,
17604,4,
17605,1,1.29586382921012
17606,4,2.310451895605455
17607,4,2.3056660607276402
17608,2,1.9485433545244446
17609,4,2.310451895605455
17610,2,2.2604999388537594
17611,1,1.8934340258428992
17612,1,1.8934340258428992
17613,5,1.6758257899292948
17614,1,1.7768198152361623
17615,3,1.6182665112561774
17616,3,1.825193994817301
17617,3,1.5637928237450578
17618,3,1.9611200905191952
17619,3,1.2005351875967472
17620,3,2.050714428596478
17621,3,2.063715245032027
17622,5,2.005522418307991
17623,3,2.2878548451323564
17624,3,1.1041578419708502
17625,3,1.3916627016528273
17626,3,1.5587266372573132
17627,3,2.2994398690391886
17628,3,2.2994398690391886
17629,3,1.683074603396323
17630,1,1.9379611582207026
17631,3,1.940095556382266
17632,5,
17633,3,1.84511508314985
17634,1,2.0418339768713225
17635,3,1.3817488704928902
17636,3,
17637,3,
17638,4,
17639,4,
17640,1,1.4440159625318179
17641,4,
17642,1,
17643,4,
17644,2,
17645,5,1.5756802638612686
17646,5,1.3691433668977835
17647,5,
17648,4,1.4866182892695619
17649,4,1.4829906334449054
17650,2,1.0224027947900993
17651,4,1.0699186975068824
17652,4,
17653,2,1.97342290677112
17654,4,1.6269158608004095
17655,4,1.8003674222929271
17656,3,1.8403242397620574
17657,3,1.9407869175199273
17658,2,
17659,4,
17660,2,
17661,2,
17662,1,1.6238385867466973
17663,1,3.2471028066930074
17664,2,2.2823642031537883
17665,4,3.7831188442783694
17666,4,2.1706578615082694
17667,1,1.9947747582028563
17668,4,4.305342128657609
17669,1,2.2863083369558765
17670,2,1.7789285867775402
17671,4,1.3354700153326338
17672,2,1.9998568207048764
17673,1,2.0920955545131785
17674,1,2.118944568771069
17675,4,2.153173871095927
17676,2,1.9898270929230104
17677,5,1.6050028632162332
17678,4,1.1933600371002235
17679,4,1.7054532515302716
17680,4,1.427966598772734
17681,4,1.470546257979451
17682,4,1.1204842826304855
17683,1,1.4991634072272515
17684,1,2.780511708682267
17685,1,2.6899543399343617
17686,0,2.2762355908340384
17687,1,1.7067694551203698
17688,1,2.2668225362787715
17689,1,2.1482000414759246
17690,3,1.553323672227677
17691,5,1.7837014521758394
17692,4,2.43678493000314
17693,4,2.0989008008769905
17694,4,1.8132347928574857
17695,3,2.700616011230739
17696,3,1.4082055939647395
17697,3,1.3260851631626347
17698,3,0.821916790998783
17699,1,2.24076079157205
17700,1,
17701,2,
17702,2,
17703,2,2.3454808667084572
17704,2,
17705,4,1.7721490258641464
17706,5,2.244543178911471
17707,2,1.8840026520074828
17708,5,2.165655397509739
17709,2,2.4234668418802663
17710,5,2.1093999975826585
17711,5,2.229372983483274
17712,4,1.7105326300540167
17713,2,1.6361172396323083
17714,4,2.8895272147122606
17715,4,2.8895272147122606
17716,3,1.627871929168816
17717,5,2.0025778206869362
17718,3,1.5479509435984884
17719,3,1.9882386202135856
17720,3,1.4578391028969506
17721,3,1.233039630647335
17722,3,1.6274797785749169
17723,2,1.5368859185411892
17724,2,1.5883935446948132
17725,3,2.229155056669098
17726,3,2.4632431778621764
17727,2,1.1584040233306911
17728,5,1.386383296752749
17729,3,2.2099958567986455
17730,2,2.2867231324499717
17731,5,2.234988050423221
17732,3,0.8568671669360926
17733,2,
17734,2,1.408100005500721
17735,2,1.5519333196392198
17736,1,2.1446775146419217
17737,1,1.7690643107877595
17738,1,1.7690643107877595
17739,1,2.062524400638084
17740,1,2.060573801949151
17741,0,2.446790596836042
17742,0,2.723599890235965
17743,0,1.6172839517201985
17744,0,2.4759656233471827
17745,1,1.1775460648770972
17746,0,2.1816672404873994
17747,1,1.4388573642812057
17748,5,
17749,5,
17750,1,1.7595859004740917
17751,0,1.4165591493951981
17752,2,2.9660438061743544
17753,1,3.1297296350659125
17754,1,2.414055005603756
17755,4,3.3628380998551215
17756,4,0.9625274365761975
17757,4,0.6838005715818383
17758,2,1.0252430708378435
17759,2,1.974974581175183
17760,2,1.085046913946791
17761,4,2.9044188431551654
17762,4,2.7208281637819676
17763,2,1.7310706296871978
17764,4,1.3552636124334816
17765,4,1.4482843074829288
17766,0,2.95653944865493
17767,0,1.5612858732319936
17768,0,1.7045539994038927
17769,0,1.251223940976278
17770,0,3.5174550849574104
17771,0,1.2862891707288682
17772,0,2.0613107228157532
17773,0,2.0613107228157532
17774,0,0.9937024321977086
17775,0,1.067086779549618
17776,0,1.374088702316552
17777,1,1.1450605405615564
17778,1,0.9543376720259189
17779,5,
17780,5,2.13188899689863
17781,5,
17782,5,2.106309525634917
17783,5,2.176584697137123
17784,5,2.2195213989035203
17785,3,
17786,3,
17787,5,1.7663487811092382
17788,3,1.4842320846066965
17789,5,1.7996718756109016
17790,3,1.404979326551132
17791,3,1.1340438041196466
17792,5,
17793,5,
17794,3,
17795,5,
17796,5,
17797,5,1.5380726167931105
17798,3,1.0292093245777805
17799,3,1.5561978942819354
17800,5,2.0804145273464334
17801,2,1.4172903252891902
17802,3,1.1599892979466224
17803,5,
17804,2,1.362637213032887
17805,3,1.1685328953575154
17806,3,1.43399214117416
17807,3,1.1533380673646254
17808,2,1.7959222713678644
17809,3,1.3230735447757223
17810,1,1.2279896413491829
17811,2,1.6574434973335204
17812,2,1.85086229678089
17813,1,1.577973801211203
17814,4,1.3087686866181647
17815,4,1.385906648995128
17816,4,1.559351264371797
17817,4,1.7242265896213547
17818,4,1.1993876692443068
17819,1,1.419692500954874
17820,1,2.327055947893729
17821,4,
17822,1,2.327055947893729
17823,4,
17824,2,1.1378709076821751
17825,2,1.0918903082970293
17826,2,1.0681404960975098
17827,2,1.4480894600687897
17828,2,1.6832560756444586
17829,2,1.1547816529861388
17830,4,0.6909857194756714
17831,2,1.294662911607404
17832,1,3.234885384250058
17833,0,2.113346900651934
17834,1,3.609379151209982
17835,1,2.1700960965345737
17836,1,2.1700960965345737
17837,1,2.6272059524340157
17838,0,1.3169870516751063
17839,0,1.1813963574093107
17840,2,1.888305746022502
17841,2,1.1516029073269547
17842,1,1.6360132699382295
17843,2,
17844,2,
17845,2,
17846,2,
17847,4,
17848,4,
17849,4,
17850,4,1.6027005754116215
17851,4,
17852,4,
17853,2,1.4825875112271496
17854,2,1.786656063926037
17855,2,2.9621548839896072
17856,2,2.9621548839896072
17857,4,1.6164095494793236
17858,4,2.059886069628149
17859,4,2.1415058279961396
17860,3,2.9080089973703456
17861,3,2.550740441402729
17862,3,3.7892105917108987
17863,4,1.0517298792666756
17864,4,1.7618472139317993
17865,0,
17866,0,
17867,0,
17868,0,
17869,0,
17870,0,
17871,0,1.741655302099224
17872,0,1.4759546268746406
17873,1,1.586950204016713
17874,1,1.636905769980174
17875,1,1.487039769009478
17876,4,2.1476981050914845
17877,4,1.759985792914694
17878,4,0.977644816913738
17879,2,1.4603055848804614
17880,1,1.846478602838651
17881,5,1.3743995319071278
17882,2,1.5484618454262085
17883,2,2.1834745430531304
17884,4,1.3034928242012032
17885,4,1.8017991807642249
17886,4,1.0967206933503293
17887,4,0.6564428519300946
17888,4,1.284233247188864
17889,2,1.5665044757660642
17890,2,1.3105430948145813
17891,4,1.4465097554561928
17892,2,1.2933490134420524
17893,4,1.2150362329414046
17894,4,1.693438922139477
17895,4,1.0520266310448108
17896,4,1.693438922139477
17897,4,1.0520266310448108
17898,2,1.7897738364147833
17899,2,2.147643212044786
17900,2,1.7896497570873695
17901,4,1.4451219479691562
17902,4,2.293387705984106
17903,2,2.9901743659156534
17904,4,
17905,2,
17906,4,
17907,4,
17908,4,
17909,1,0.8396603774592418
17910,2,1.7191345580996247
17911,4,2.130658298782764
17912,3,1.767116546186666
17913,5,1.6606151429921696
17914,5,2.1463062196153793
17915,3,1.9812422764423525
17916,3,2.2250882913309273
17917,3,1.9812422764423525
17918,5,2.289562998736916
17919,3,1.1215400547112975
17920,3,1.223996324263917
17921,3,1.2583281131853636
17922,3,2.981790781357882
17923,2,2.939314177579774
17924,2,2.542766560342909
17925,5,1.7221502386819212
17926,2,1.8110572346129483
17927,3,1.2484159776519979
17928,3,2.1888740550959658
17929,2,3.3597521603281644
17930,3,1.1037503300644242
17931,3,1.4184119584803592
17932,3,2.028701259993229
17933,2,3.3597521603281644
17934,2,1.8827467230342967
17935,1,1.2789789107596063
17936,5,1.769958403810347
17937,5,1.7114334881576736
17938,1,0.6162166681039061
17939,4,2.3458949194030723
17940,4,1.9507173307736494
17941,4,1.4224959968202715
17942,2,1.3871628548834603
17943,5,2.2029418081128047
17944,4,2.6705655393597802
17945,5,2.2776509477471305
17946,4,4.140793655025133
17947,5,2.7914390941543292
17948,4,3.613752539040589
17949,4,1.758141140527771
17950,4,1.5966438435471018
17951,4,1.365374111122191
17952,4,1.3037515621570612
17953,4,1.1231209867479715
17954,1,1.3273501531952263
17955,4,1.1632636224913713
17956,2,1.2671280469929067
17957,2,1.6985544257267158
17958,3,2.370244830332397
17959,3,2.323421284497815
17960,3,2.167499440058397
17961,3,2.370244830332397
17962,3,2.1648225191471364
17963,3,2.6805764014194797
17964,5,2.1567225110741317
17965,3,0.9639974615452421
17966,3,1.0879498524336444
17967,5,2.602664182125758
17968,3,2.9780640478154417
17969,2,2.371367000591898
17970,5,3.4513067398237376
17971,5,3.093994167858091
17972,5,1.54550167803553
17973,4,0.6291077626511
17974,5,1.4871736756365388
17975,3,1.042467801411358
17976,3,2.0199159148254022
17977,3,1.7776332419781313
17978,5,2.043773329905902
17979,3,2.731623595376336
17980,3,1.8354645869799762
17981,3,3.4296159376268633
17982,5,2.2957079688296096
17983,3,1.8233704907195378
17984,5,2.2324189546230033
17985,3,1.8233704907195378
17986,3,1.5035937991442898
17987,4,1.0136510598709398
17988,2,1.9709693438008926
17989,2,1.2256968947965425
17990,2,1.5494290188858568
17991,2,1.958238134638151
17992,2,1.3141527452525772
17993,2,1.4988880345541387
17994,2,2.0602851918269303
17995,4,1.3895581705723348
17996,4,2.475225419480871
17997,2,1.5458088794907077
17998,5,1.5848237862529406
17999,5,2.831472480881238
18000,5,2.477298530896863
18001,5,
18002,5,2.4906387053050856
18003,3,1.5813814710621306
18004,3,1.5813814710621306
18005,5,1.831705323955057
18006,5,1.1906885302513412
18007,5,
18008,5,2.6688075138216147
18009,2,1.0055288076364552
18010,2,0.9040153961039382
18011,5,
18012,5,
18013,3,
18014,3,
18015,3,
18016,3,2.144549553596202
18017,1,1.3018580313182126
18018,3,1.2084136222222301
18019,5,1.854293806393482
18020,3,0.860983251798556
18021,5,1.4056598901935802
18022,5,1.9191005011817355
18023,3,
18024,5,1.2406959578087369
18025,5,1.4598022999977303
18026,3,2.08205387644453
18027,3,
18028,3,1.4923640052326028
18029,3,
18030,5,1.6224508370806487
18031,4,1.717364591075507
18032,2,1.3877962165857403
18033,1,1.2783381326229075
18034,1,1.3471518223814867
18035,4,0.8903386465289699
18036,2,1.9979380437379946
18037,2,1.9527643002492583
18038,2,1.3787861347548738
18039,4,2.5817280624543377
18040,1,1.7644599805541692
18041,4,2.5817280624543377
18042,4,1.7463150674922403
18043,5,1.8908448537433546
18044,1,1.9782774023668857
18045,1,1.2254514203935538
18046,4,2.5024449776104536
18047,3,1.0263963625126376
18048,3,1.2139348810641246
18049,1,0.7926041948650845
18050,1,0.9856494736470942
18051,5,2.2530436357246573
18052,3,2.2304432980111555
18053,5,0.9062074291699441
18054,3,0.8383140058262813
18055,5,1.4594000657557904
18056,5,1.6346938926871577
18057,3,1.3373619311521014
18058,3,1.3319917516633628
18059,5,1.4143667290551747
18060,3,1.46449615633885
18061,3,1.515233879784254
18062,3,1.3889861906668335
18063,5,2.075059614796282
18064,3,0.8143013830995943
18065,5,1.8450080183166273
18066,4,1.5458239166542036
18067,4,1.0314819101478925
18068,2,1.284908752060122
18069,2,1.8341763470796006
18070,4,2.326943671855667
18071,4,2.4826339840720784
18072,2,2.49227878418634
18073,0,2.5547911240528554
18074,2,2.3956188656890203
18075,4,0.8445386715094707
18076,4,1.2555784277064699
18077,2,1.8079352825465402
18078,2,1.5616629333216838
18079,4,1.4900249739469844
18080,4,1.5326447606334619
18081,5,1.5920125430229057
18082,1,2.062322370694655
18083,3,2.017119229092891
18084,3,1.8173907270125966
18085,5,1.6378795209751427
18086,5,1.4393124485909319
18087,3,1.5707540095282297
18088,5,1.523860999917905
18089,3,0.8248381020633299
18090,3,3.373817428893355
18091,3,3.558544336049951
18092,4,1.4225257014989479
18093,2,1.576569987292267
18094,4,1.758545112903704
18095,5,3.3449311501246406
18096,5,3.005282612581635
18097,4,1.5905254379945948
18098,4,1.4985838548687613
18099,5,1.8060746403461603
18100,3,2.554018658765399
18101,5,
18102,5,1.8986208139672414
18103,3,2.086453824418793
18104,3,0.840249507300699
18105,5,
18106,3,1.5472663528840067
18107,3,
18108,5,
18109,1,2.196715217129226
18110,1,1.2166532491090354
18111,0,1.0316035483659483
18112,1,3.2371759303407543
18113,1,2.4645826224659833
18114,1,3.0105619425375436
18115,1,1.2202642411885398
18116,1,1.6395972350983437
18117,1,1.7230929566237116
18118,1,1.8097919547288486
18119,0,
18120,1,
18121,3,
18122,1,1.1638396705740233
18123,1,1.602632577423863
18124,1,1.602632577423863
18125,0,1.5460130695900398
18126,0,2.077370363249949
18127,0,2.441576437485627
18128,1,1.9570457361680647
18129,0,1.366926308981154
18130,0,3.151143233050307
18131,0,3.356883620352437
18132,0,1.8532444543504738
18133,0,1.3285473019506384
18134,4,1.0413269731111536
18135,2,
18136,5,
18137,5,
18138,3,1.7215862487466715
18139,3,1.5974881090485447
18140,3,1.9184617385727878
18141,3,2.021453770983346
18142,5,0.9100904170998498
18143,3,1.3868836431337614
18144,5,1.2635132966818445
18145,1,1.9140351257286516
18146,0,2.4122281748817684
18147,0,2.1221877812757057
18148,1,0.953872347525108
18149,2,1.7065892885231184
18150,1,2.269921709948069
18151,1,1.302936003830588
18152,1,1.7525057170051475
18153,1,1.5178146040194411
18154,1,1.3991216596405396
18155,0,1.5534470661098518
18156,0,1.7651935624419117
18157,1,2.9610933037619356
18158,0,2.043784424302989
18159,2,2.0308394833555194
18160,1,3.0962846646070155
18161,1,2.7194891536814163
18162,2,1.5949866162018818
18163,4,1.5405183299606868
18164,4,1.245160882762265
18165,5,1.7025635753970745
18166,1,3.057486973330622
18167,4,2.4920994390367777
18168,1,0.8752236021165496
18169,5,1.8835672909927252
18170,2,1.9169224258876867
18171,5,1.8587234741514171
18172,1,2.314221081936602
18173,1,1.9836010676214306
18174,2,2.1163183879062335
18175,2,2.2572674688615253
18176,0,2.0434967468643688
18177,1,2.4972175965817365
18178,2,1.847285592616123
18179,2,1.8773739671303589
18180,1,0.8054333415995593
18181,2,1.5728635816448389
18182,2,1.9112480491508643
18183,2,1.7794263348870396
18184,1,1.616219518670089
18185,1,1.127937756211908
18186,1,1.6431640988146907
18187,1,2.638596765627901
18188,1,2.638596765627901
18189,1,1.6431640988146907
18190,3,1.3968847767397725
18191,5,2.431644922688804
18192,5,1.0295918521721035
18193,5,2.2115192668903147
18194,3,0.7384114018176806
18195,3,1.206257214815215
18196,2,1.6100878390973858
18197,2,2.4066327920288053
18198,4,0.9638041952997958
18199,4,1.8545069188871286
18200,2,1.2077070590187862
18201,2,2.042336738480307
18202,2,1.521983797652986
18203,4,3.1717049816638925
18204,4,2.9308354216870938
18205,2,1.768725596746663
18206,4,2.6260235881522793
18207,4,2.6260235881522793
18208,2,1.3650925647403842
18209,2,0.8464729107723066
18210,4,0.89320842748933
18211,4,1.7731043742064174
18212,2,2.3527206765645317
18213,5,2.293224635228987
18214,4,2.9462046392251815
18215,4,3.3682282365207916
18216,4,3.0985444073331916
18217,2,2.1331819428368504
18218,4,3.280179699419133
18219,4,1.621022185997518
18220,4,1.1907748540278493
18221,4,1.203126454448777
18222,1,1.1164033872034393
18223,1,1.7207736104701545
18224,1,1.8626239336002777
18225,4,1.442904702540005
18226,4,1.2679785644857224
18227,3,0.7188602010590466
18228,3,2.1253940509019036
18229,3,1.434702051468647
18230,5,1.650425358868143
18231,5,1.4468301763899454
18232,3,1.262348472028379
18233,3,0.6033234881210809
18234,5,1.4660585646533257
18235,3,1.5007533881923714
18236,5,1.2134320766461377
18237,5,1.6135162310972857
18238,5,1.8843829865391781
18239,5,1.5351128695483722
18240,5,1.4688292917705263
18241,5,1.3252081622527576
18242,4,1.26116762200239
18243,5,2.6421400628939007
18244,4,1.9282318963396674
18245,2,1.0100246259649919
18246,0,2.874306675698247
18247,5,2.5767124499017164
18248,1,2.6603329747454856
18249,1,
18250,1,2.3492554342883354
18251,0,2.744927578853013
18252,1,2.0023160510981812
18253,1,
18254,2,1.926270485017423
18255,2,1.8091589105382107
18256,1,1.0115588716235453
18257,1,2.8494146454720544
18258,2,1.8733384632381636
18259,2,1.4091550798146268
18260,4,2.025155177143769
18261,4,1.4989587916750808
18262,4,1.3695264175519053
18263,2,2.519678041271844
18264,2,1.664594509655366
18265,1,1.712176084422862
18266,1,1.712176084422862
18267,2,1.904819211037491
18268,1,1.0190870402039935
18269,2,1.1968665957684304
18270,1,1.7016063431500943
18271,1,1.6866609908971089
18272,1,1.7016063431500943
18273,2,1.756978344593293
18274,4,2.245405583733703
18275,4,1.9697773633780027
18276,4,1.2975889478211702
18277,5,1.4218757624130813
18278,5,2.5049483851023475
18279,3,1.21339907069897
18280,3,1.7783067736337241
18281,5,2.375202548822046
18282,5,1.3683050146283704
18283,3,0.973024756755375
18284,3,1.1421776764355058
18285,5,0.9395039737577034
18286,5,2.2961777345607564
18287,5,1.3736806538031523
18288,5,2.1085029787423606
18289,5,1.4288617267029118
18290,5,2.5754667923968846
18291,3,0.8293185433949726
18292,5,1.8779191735333087
18293,3,2.007628151011065
18294,5,2.139168946102551
18295,5,1.3917258985516388
18296,2,2.5336067889616847
18297,5,1.906591881629484
18298,1,1.3639986407853266
18299,4,1.4655714556704615
18300,1,1.1439637901420991
18301,1,1.0931970993431557
18302,5,2.612067024521074
18303,1,1.1038312997975421
18304,4,0.9507467236846169
18305,4,2.5907046039208437
18306,4,3.0365882687593797
18307,1,1.496528373406147
18308,5,2.138687706287982
18309,5,2.520624632335271
18310,5,2.9974344042493084
18311,1,1.8913591847494478
18312,1,1.1659287942008143
18313,2,1.4528872584530836
18314,3,1.5280314442340346
18315,3,1.537007418780434
18316,3,1.636205469621567
18317,5,1.479774506556362
18318,4,2.578064873300204
18319,5,1.634329577587915
18320,4,3.2712100092200576
18321,4,3.2712100092200576
18322,5,2.2057250701929716
18323,2,1.2681921466309867
18324,2,1.452183804079276
18325,4,1.0062153089104364
18326,4,1.3017766800442678
18327,4,1.9619046504935982
18328,4,0.9331986553344971
18329,4,0.8133556349746329
18330,2,1.4804342731844053
18331,1,1.0724158857400734
18332,1,1.0564612946779648
18333,5,1.7085807931579224
18334,4,1.3716507069674586
18335,4,1.7606567943054245
18336,4,1.0083552986534348
18337,4,1.5716007602439095
18338,4,1.9354606308075801
18339,2,1.9637786294733646
18340,2,1.2934145248546207
18341,4,2.785867836272468
18342,4,1.9325347238442705
18343,4,3.538680734062435
18344,4,2.289401074069019
18345,2,1.24475249328606
18346,4,0.716414028096166
18347,5,1.7261297037876544
18348,5,1.8853611662109138
18349,3,1.4524404171133776
18350,3,0.8944632721986168
18351,5,1.162678277083844
18352,3,1.121781564053609
18353,5,1.5231488824299713
18354,5,1.5176122744627185
18355,3,1.7552692163188022
18356,3,1.7309593606290408
18357,3,2.994487651189369
18358,4,1.478829219429397
18359,3,1.395426027317753
18360,0,
18361,1,
18362,1,
18363,0,2.3789389241768046
18364,4,2.2165743240576887
18365,4,2.2165743240576887
18366,1,1.0294123942265427
18367,0,3.5030069611900485
18368,1,1.4931441919432857
18369,1,1.3933005031209098
18370,1,1.6202776706004816
18371,1,2.2168588517320615
18372,1,2.325854619355945
18373,1,2.250591930685873
18374,4,1.321255391058739
18375,1,1.836654725740592
18376,1,1.940704110482532
18377,1,1.837330275098258
18378,0,1.2252067457624733
18379,1,1.7470325999850287
18380,0,1.6065611806700153
18381,1,1.6483892661415183
18382,1,1.384461455937997
18383,1,1.6570309881753538
18384,5,2.497726795317228
18385,5,2.497726795317228
18386,3,1.8643403915402037
18387,3,1.5087408200937804
18388,3,1.5418530980388394
18389,3,1.9495615719501673
18390,3,1.2460619791870757
18391,2,1.7150856919078274
18392,4,
18393,2,1.0394611267538458
18394,2,2.6417643631826637
18395,1,1.9618415128549405
18396,1,1.9628199502090213
18397,1,2.260411488412306
18398,1,2.077679022754715
18399,1,1.9753171377934986
18400,4,1.3194262222078565
18401,5,2.5038317140494897
18402,5,3.1126141255640065
18403,5,1.842848223408826
18404,4,1.593340497815588
18405,4,2.1403804380809963
18406,2,1.5401445491186856
18407,5,1.5495615465319634
18408,2,1.9351988370835673
18409,1,3.2074212220221674
18410,5,
18411,5,1.7021062607575441
18412,3,0.9824824906204113
18413,3,
18414,3,
18415,5,1.9393080408746481
18416,3,1.236870336512965
18417,3,2.2451205852001905
18418,3,3.7567345008279713
18419,2,1.7575259817768583
18420,4,1.6073513347012367
18421,4,2.833389187832706
18422,4,1.4017872581809476
18423,4,1.494596623996646
18424,2,1.8650312387881478
18425,4,2.0408873947678785
18426,2,1.5672529471148442
18427,1,1.6591924142458379
18428,1,0.9133563008386284
18429,1,3.103706379698451
18430,1,2.531642152320037
18431,1,1.1766552381178597
18432,1,1.456446426381292
18433,1,1.2749237440377401
18434,1,1.1606781183863446
18435,1,1.149995287191891
18436,1,1.7990294949518468
18437,1,1.624438865984864
18438,4,1.1877689467018504
18439,2,1.5933010000255345
18440,4,1.3429602289558014
18441,4,1.307151081177011
18442,2,2.2856486622208623
18443,2,
18444,3,1.230064386485496
18445,4,2.1597622172001416
18446,4,2.0230652985424107
18447,4,1.7803875609199056
18448,4,1.8605374579792548
18449,4,1.0864930777188453
18450,4,1.6155206410557497
18451,2,1.5920479732607933
18452,4,1.423732636348187
18453,4,1.9554209274930594
18454,4,1.5468043933523756
18455,2,1.9645878018047727
18456,2,2.1627159776305565
18457,4,2.036416247529187
18458,2,1.4005516076459108
18459,1,2.3286303278933045
18460,1,2.5950658240171953
18461,1,1.3896666896405574
18462,2,2.1210801741862535
18463,5,2.700702918477834
18464,2,3.1706176679362787
18465,2,1.0748001508574305
18466,5,1.702785604008259
18467,2,2.4334520853720476
18468,4,1.4550460894055226
18469,4,1.4580295086323807
18470,3,2.3966851985789437
18471,3,2.3397794612012834
18472,3,0.8283877123531708
18473,3,2.7130480611468775
18474,1,1.0508829127220312
18475,3,
18476,3,
18477,3,1.2833937641697006
18478,3,
18479,0,1.639234994131038
18480,0,1.294513042124896
18481,0,1.8152817937712147
18482,0,1.8676788663785902
18483,1,1.1702712385654939
18484,0,1.343425401374484
18485,1,0.8917249616978602
18486,1,0.677204431373471
18487,3,0.9956570253775271
18488,3,1.1380315556809941
18489,4,2.4250039450844154
18490,4,2.265660883472616
18491,5,2.2693700666808114
18492,5,1.1355209463496405
18493,5,2.4826168396320583
18494,5,2.0081236070173594
18495,3,1.630632054933538
18496,2,2.2813684961879184
18497,3,3.0127696074744916
18498,3,3.0127696074744916
18499,1,1.649755631990783
18500,1,1.5091199641708595
18501,3,1.6551441967230571
18502,1,1.776326720139634
18503,1,1.2886508090797901
18504,1,1.851539322421349
18505,2,3.2045255740363277
18506,0,1.6842598527855845
18507,1,2.939801640590248
18508,5,1.1014207059253978
18509,1,1.9639985248825678
18510,1,3.587585287122741
18511,1,2.01593285375194
18512,0,1.5444488430760854
18513,1,1.3529892557621526
18514,0,1.8048644264607017
18515,1,1.3677506870698426
18516,4,0.9701307831627338
18517,1,1.1865654180376133
18518,1,1.7664485092975122
18519,5,
18520,2,
18521,5,
18522,3,
18523,2,
18524,2,
18525,4,
18526,4,
18527,4,
18528,2,
18529,4,2.203815778380668
18530,4,1.633293879967175
18531,4,0.9870614548810539
18532,4,0.8632146177095643
18533,2,2.6890533939237375
18534,2,1.994685950575119
18535,5,1.6604891023941752
18536,5,1.4892307310490145
18537,4,1.3961039197322618
18538,5,2.2504851213391013
18539,5,1.5428426260490988
18540,1,2.008156632091783
18541,1,1.942315623228207
18542,1,1.093008860797461
18543,1,2.646971510457604
18544,0,2.4406732556761987
18545,0,1.9435085765368272
18546,0,1.3831841198754884
18547,0,2.209186581556469
18548,0,1.0265897841706775
18549,0,
18550,0,
18551,1,
18552,0,1.4199530022726772
18553,1,1.831929382154193
18554,2,2.603651964898923
18555,1,1.7927919619531492
18556,1,2.1814484599033195
18557,5,1.7944854546216393
18558,1,2.172233439007333
18559,1,2.3856253355501305
18560,1,2.294847752726206
18561,1,1.1764436746401254
18562,3,2.388790218148255
18563,3,2.027424495115946
18564,3,0.9861532025307158
18565,1,2.872530681665841
18566,1,1.5074354502436635
18567,1,2.872530681665841
18568,3,1.2318888861654407
18569,5,
18570,1,2.8412375477846092
18571,3,
18572,3,
18573,3,1.9079223766676388
18574,3,2.082873342642147
18575,3,
18576,3,2.403118275670869
18577,3,
18578,1,
18579,1,
18580,5,1.5793433334228781
18581,3,2.1040066064538103
18582,5,3.3722259801570784
18583,5,3.3722259801570784
18584,3,3.848159598486031
18585,3,3.848159598486031
18586,3,1.6038111270522812
18587,3,1.4871258451723373
18588,4,0.8511935893186939
18589,3,2.2715734110213694
18590,2,1.7071084115046458
18591,2,2.1771920131557385
18592,2,2.1771920131557385
18593,2,1.417394146494517
18594,2,1.4689727238056332
18595,2,3.0260508169985876
18596,4,1.859472917773856
18597,2,1.6399459414258273
18598,4,1.859472917773856
18599,2,1.5814451952716693
18600,1,1.8152004234156343
18601,1,1.0612631037061464
18602,1,2.135096452228586
18603,1,2.6983581656790863
18604,4,1.201182013575613
18605,2,3.081007954788666
18606,2,3.081007954788666
18607,4,1.5003185358873257
18608,2,2.1994181703269065
18609,1,1.2697615446933812
18610,1,1.2697615446933812
18611,1,3.8392623853930377
18612,1,3.027174069499261
18613,1,1.38096534293382
18614,1,1.4852481945980374
18615,1,1.0586131103437015
18616,1,1.4852481945980374
18617,4,1.5548083446601202
18618,4,1.6171973965671473
18619,4,3.070155710518662
18620,4,2.0326504349289487
18621,4,3.7398010963978474
18622,4,3.2249746058439337
18623,4,3.070155710518662
18624,4,1.2944098118608351
18625,2,1.3619926396573505
18626,4,0.9115384884437828
18627,1,1.105183543481669
18628,1,3.0559348488021048
18629,1,1.332052397813826
18630,1,1.4462293607064736
18631,1,1.3062262824586373
18632,1,1.8812282896557981
18633,5,2.442498389391947
18634,5,2.3355226285941897
18635,1,1.7849547083808728
18636,1,2.5571988072038376
18637,1,2.616233765755845
18638,3,2.2335262874117854
18639,3,1.9425831758042504
18640,3,2.0808262584373236
18641,3,2.0808262584373236
18642,3,1.7723929729666743
18643,3,1.5893907031946284
18644,3,1.8678023555230328
18645,3,1.7727436567726171
18646,3,1.2293600410622503
18647,3,1.7308148121056388
18648,3,1.84592877741387
18649,3,2.6525430465719784
18650,1,1.1566091985046247
18651,0,1.4305875793290788
18652,0,2.2406521994160427
18653,0,1.3818674589021887
18654,5,1.5614025107371339
18655,1,0.7319566153059651
18656,0,1.6673528676941771
18657,0,1.972240118011677
18658,3,1.5340811026321943
18659,3,1.6783819977672985
18660,1,1.2782250793603365
18661,1,1.6053923351183643
18662,2,1.8434178647178754
18663,1,3.8699188769238586
18664,0,0.7055338633703404
18665,5,1.6945833061869764
18666,1,1.7820685255398714
18667,4,2.1031623999892703
18668,4,1.7097655850153035
18669,4,1.5090972671315468
18670,1,2.2831277144585598
18671,1,2.2831277144585598
18672,4,1.4895859804397176
18673,4,1.4156382647326549
18674,1,1.7989321618662908
18675,1,1.5408689674857552
18676,1,0.9535972570625079
18677,3,1.4614492959950478
18678,5,1.7897126253510465
18679,3,1.4614492959950478
18680,3,1.2952719334299585
18681,3,2.057711456898288
18682,3,1.5583920377436813
18683,3,1.6793289380554142
18684,1,1.058244718301946
18685,3,2.1156436677904953
18686,5,2.165296001939672
18687,5,2.2792722593162233
18688,1,1.772279967014194
18689,1,1.9877403208736384
18690,3,1.3412603546477022
18691,3,1.2023037121739577
18692,3,1.634057207427742
18693,1,2.030915026446773
18694,0,2.4883231585095045
18695,1,1.4017578386667504
18696,0,2.052019663956627
18697,3,2.239679260591692
18698,3,0.832734797517167
18699,5,2.330675444916875
18700,3,2.4193373039140944
18701,3,2.577773582129514
18702,3,2.2501626050749524
18703,3,0.7184588808598974
18704,3,1.3029123483453824
18705,1,0.840533013819545
18706,0,3.103670144692855
18707,0,2.5950744299210005
18708,3,0.8091996486738309
18709,5,1.685354461751566
18710,1,1.111346601948053
18711,0,2.114445892082443
18712,1,1.7060382424810832
18713,1,1.6402872118762517
18714,0,3.7211790083855494
18715,0,1.755369191122209
18716,1,2.809815695532024
18717,0,2.234292675316266
18718,0,2.1959365771294848
18719,4,1.280183586954648
18720,4,1.5133323714225821
18721,0,2.295514560117943
18722,1,1.937869767443656
18723,2,1.4476890489660932
18724,1,2.2696975317983115
18725,0,3.183399138836521
18726,0,2.153620921021169
18727,0,2.218073413968678
18728,1,1.5982906300620154
18729,1,3.0657491649395943
18730,0,2.249473652208888
18731,1,1.586839618582254
18732,1,1.3285765076027607
18733,1,0.8069338624837128
18734,1,1.827996891638548
18735,1,1.827996891638548
18736,1,1.8578119396597879
18737,1,1.1945674033896754
18738,1,
18739,1,1.1537367514173331
18740,1,3.0115261130821374
18741,1,1.6828089697531958
18742,1,
18743,2,1.8682184581217398
18744,2,2.3414900336518443
18745,1,1.4732678756194375
18746,4,1.5380416856459418
18747,4,2.2349212692073803
18748,4,1.5244595514603556
18749,3,2.5751978078417874
18750,1,0.8894146477742678
18751,2,2.4294650540840412
18752,5,1.087122572336218
18753,2,1.5668815581560283
18754,2,1.4445640475816934
18755,2,1.4405742672440736
18756,2,2.0179560116266573
18757,2,1.5020647918351377
18758,2,1.739316439980831
18759,2,2.072713678486869
18760,2,3.692148403647887
18761,2,3.2597174863609415
18762,4,2.3414730130454027
18763,4,1.988174895740217
18764,4,1.876658623061024
18765,4,1.9341702022239242
18766,2,1.5791191438263965
18767,2,1.3085552999588095
18768,2,3.5058738081422445
18769,2,1.368358503758815
18770,5,1.6254171858994027
18771,4,0.9242897209207405
18772,3,1.2947309525349102
18773,2,1.9845094213345962
18774,2,1.8378716323495703
18775,2,3.910151989843451
18776,2,3.6132268366550533
18777,3,1.567685916061884
18778,2,1.8182778383075522
18779,2,1.2051500627282574
18780,2,1.5273847064844537
18781,2,2.4326166896292034
18782,5,2.714543575544502
18783,3,1.0487143916710866
18784,5,2.21401206481157
18785,5,2.21401206481157
18786,3,1.0806678629662827
18787,5,3.1511611977419482
18788,3,1.223029800394443
18789,1,0.7153374520481638
18790,0,1.8815520273634996
18791,1,0.9975142587516719
18792,1,3.2816948787148013
18793,1,3.5316609696767536
18794,0,1.1269847789920784
18795,0,0.729315115880536
18796,0,1.3769231200739636
18797,1,1.3713604703436924
18798,0,1.5774514747990018
18799,0,1.7929051837967611
18800,0,1.6996944224994015
18801,1,1.6481431504410224
18802,1,1.3973595531731573
18803,0,1.4793131329062748
18804,0,1.439455192702822
18805,1,2.011613896020219
18806,0,3.328455142851887
18807,1,1.3033850670367757
18808,0,3.752335829839668
18809,0,0.8103271670337833
18810,1,2.302539545260738
18811,1,2.4161606999300917
18812,1,1.0409512217600563
18813,2,1.6464625084644924
18814,2,1.9143407790064362
18815,4,1.4723597758641667
18816,4,1.434355103526343
18817,2,2.1179133586873213
18818,4,0.732259953662843
18819,2,1.4458902392570374
18820,1,1.0732018622602517
18821,2,1.30583314951367
18822,2,1.9272273959880535
18823,1,1.9614493373543558
18824,1,2.18078505242162
18825,4,1.2607815820214399
18826,4,1.9564594704064147
18827,4,1.7522979799079907
18828,4,1.3419403231677158
18829,0,1.9376285077628341
18830,1,1.569765183185931
18831,1,1.322149838742566
18832,1,1.2163408186175824
18833,5,2.069271886236241
18834,4,1.2135806397157933
18835,1,1.9912495677184938
18836,1,1.0619330240260823
18837,1,1.3683820076914281
18838,1,1.9559214979468051
18839,1,1.917501737502269
18840,2,1.8623332747922048
18841,1,2.3184979225339104
18842,1,2.0114103045206635
18843,1,2.0270373965022928
18844,1,0.6219549062407691
18845,0,1.3644300256384794
18846,2,1.587299705257424
18847,2,2.3210550696140393
18848,0,2.388087586009901
18849,2,2.3320440821579798
18850,2,2.8079810863994923
18851,1,1.2970005493650227
18852,1,1.2912990578511045
18853,4,1.8141813668782412
18854,2,2.149468339382735
18855,1,0.6577149158638619
18856,1,1.461888869735442
18857,4,1.0342840964043427
18858,4,2.0702489582294397
18859,4,1.6595675675767338
18860,4,1.623667596528218
18861,4,1.997342006683146
18862,4,
18863,4,
18864,4,
18865,4,0.8163132980796598
18866,2,1.0090780328687075
18867,2,1.6826241249920229
18868,2,2.198432416646872
18869,2,1.746010569170296
18870,4,1.2772249123644646
18871,2,1.7797599232792614
18872,4,1.24435741225356
18873,2,1.7205912399868082
18874,1,0.7365163031534966
18875,2,1.5210197725119794
18876,2,1.3941352953627741
18877,4,2.013303979477693
18878,4,1.3578303771791949
18879,1,2.139145308405987
18880,4,1.4715799095739004
18881,4,1.0403196691769627
18882,4,1.0763579931766118
18883,3,2.8226506832558393
18884,3,1.0672438832873763
18885,1,2.703234748513148
18886,2,1.1514574446878725
18887,2,3.8196816559008306
18888,2,1.772264489564902
18889,4,0.729992941582602
18890,4,2.4193159487236895
18891,4,2.506798190670105
18892,4,1.955644784663022
18893,2,1.262599803944503
18894,5,0.9826079879582
18895,5,1.6247962217943355
18896,5,1.7594742505276713
18897,3,3.0043976431035757
18898,3,2.569790626547584
18899,2,1.8439743248380676
18900,2,1.839852142612188
18901,1,1.8947922027188246
18902,1,1.8031460905894787
18903,2,3.565269921426858
18904,2,1.525097699213364
18905,2,1.4083357939067418
18906,2,2.313444457840596
18907,2,2.4891284552991646
18908,2,3.565269921426858
18909,2,2.9688886411612416
18910,2,1.8661338459700727
18911,2,1.5151238613063172
18912,4,
18913,2,1.6139211139147664
18914,2,1.6255659822772461
18915,2,1.8486130456263195
18916,4,1.211355522647783
18917,4,1.9795386043384724
18918,4,1.8601318892419167
18919,4,0.7872792010697297
18920,5,0.9778875134962602
18921,3,1.6395539805896968
18922,3,0.9369451921910872
18923,5,2.362049027715013
18924,2,2.726914585067875
18925,4,0.945352525567297
18926,4,1.1612796704065833
18927,1,1.5292260102575375
18928,1,1.3883882514432064
18929,5,2.0367105239548358
18930,3,1.853965421670893
18931,3,1.5960117030969436
18932,3,2.0209351410282226
18933,3,1.8968872908724628
18934,3,1.7420713618018424
18935,1,1.6481558829705811
18936,2,2.6314390936255796
18937,1,1.6475421035207776
18938,2,1.1068878456572655
18939,1,1.283367804754764
18940,2,1.412334741063352
18941,2,2.6359040920317067
18942,2,1.6538633702854073
18943,2,1.7097712861723517
18944,2,1.5845979171961653
18945,2,2.2272005840250824
18946,2,2.2272005840250824
18947,4,1.3755469275782755
18948,4,1.474335252902478
18949,4,2.2885108156577845
18950,1,1.3119189776026903
18951,4,2.06881020607551
18952,1,1.3119189776026903
18953,4,2.06881020607551
18954,5,1.724696452935329
18955,2,1.175025909475951
18956,2,2.0208961850825222
18957,5,2.0740121319068083
18958,5,1.678393970764997
18959,4,1.143446081344652
18960,2,2.69153145837759
18961,5,2.224397139100548
18962,2,1.8095183981575536
18963,4,
18964,4,2.357542566581369
18965,4,2.334948551633697
18966,4,0.8593104885533639
18967,3,2.4095334178161947
18968,3,2.494930636902114
18969,3,1.2475449526739275
18970,3,1.2475449526739275
18971,4,1.7241962169627538
18972,2,2.082630472187264
18973,2,2.0333792638500743
18974,1,2.3218042932614886
18975,1,2.177022844404752
18976,1,1.9012389410345785
18977,1,1.6919755243325407
18978,4,0.8333786755773945
18979,1,0.9499612478043413
18980,3,1.6826434215634207
18981,3,1.4922881278429487
18982,3,1.2352052775111808
18983,5,1.8177563398846235
18984,4,0.7791717112773615
18985,2,1.7255577813826455
18986,2,2.172933436054363
18987,2,1.1355392914800775
18988,2,2.3343362131521923
18989,4,1.0457667077466737
18990,1,1.4351649356094665
18991,1,1.4360458310357536
18992,2,2.558765418450964
18993,3,1.4146853419666754
18994,5,2.4860297966963034
18995,5,0.7788120302583319
18996,5,3.57846228000125
18997,5,3.9849536778897825
18998,3,1.0718251685346734
18999,3,0.9677063939267144
19000,3,1.9906866733988147
19001,5,2.085110864922586
19002,3,1.933523463796314
19003,3,0.4482529802674611
19004,3,2.7536898318262764
19005,3,2.1675850965844288
19006,3,2.1675850965844288
19007,4,0.5733302488610639
19008,5,1.6148446637613556
19009,5,2.308862951931616
19010,5,2.668788651478769
19011,5,1.5123527106080596
19012,5,1.536234366515803
19013,3,1.1689604324053475
19014,5,1.4062180751158038
19015,3,1.1689604324053475
19016,3,1.7224471424677115
19017,3,1.9772023203747415
19018,3,1.860583586161085
19019,3,0.8464772629712998
19020,1,1.5835295951905775
19021,1,1.5252141096624345
19022,5,2.1531344917287116
19023,2,1.3807967448330996
19024,5,1.3168855714505598
19025,2,1.4669442054782715
19026,2,2.2959069007301243
19027,2,1.9522539741461291
19028,2,1.6521926815412005
19029,2,1.5271373193255633
19030,2,1.8114998510323892
19031,4,0.8157663620140648
19032,3,0.94008065836915
19033,3,0.9549303761568788
19034,3,0.7254192765575521
19035,3,1.158933265489916
19036,5,
19037,5,1.7159980783475826
19038,5,1.2190065759062718
19039,5,1.3208217481747873
19040,5,2.9598477794783333
19041,3,1.742373051585296
19042,3,1.742373051585296
19043,3,2.645734941891492
19044,5,2.346877801696313
19045,5,1.7501052759514535
19046,5,1.9442140018378775
19047,2,1.7013390044974073
19048,5,2.8631414718563817
19049,5,2.876542194386854
19050,3,2.5240329046942445
19051,4,1.553025040619026
19052,4,1.4353838710919367
19053,4,3.3398005085310043
19054,2,2.0411541748298814
19055,5,1.4159156857502302
19056,5,1.6001570093823585
19057,5,1.0885459622686473
19058,3,2.065538547946901
19059,5,1.6781907092647754
19060,5,1.6636144927530108
19061,5,2.078504649916939
19062,5,1.8720221391725882
19063,5,1.8187602623798262
19064,5,1.5340243748289182
19065,5,1.1647035588799972
19066,3,2.094951940615755
19067,3,2.094951940615755
19068,3,1.1937495861509826
19069,3,1.3358996157513159
19070,3,3.0348975986043514
19071,3,1.2009658896122697
19072,3,0.6758028959089623
19073,3,1.3429889293722514
19074,3,2.5983303601067487
19075,3,2.5983303601067487
19076,3,0.9543013911613188
19077,3,1.505187100675925
19078,3,1.4277913600044934
19079,3,2.7168277397090943
19080,3,2.487605594594228
19081,3,0.7346683324863469
19082,5,1.2418975893450215
19083,3,1.5794977192281343
19084,1,1.7711477631125154
19085,1,1.606628308858834
19086,2,1.375412302627613
19087,4,1.4759163309081622
19088,4,1.5291074549742756
19089,4,2.3136105927005155
19090,4,2.0755839361013257
19091,4,1.99654946291072
19092,2,2.7233290578448552
19093,2,2.3820941679458687
19094,5,1.947616081717428
19095,1,2.0663427145777273
19096,1,2.8547743407855166
19097,1,1.5846754874327342
19098,1,1.191900512839129
19099,3,0.6733270482423138
19100,5,1.0540877456678996
19101,2,1.9642359255006132
19102,3,3.062954618946402
19103,2,0.7483421734754689
19104,3,0.9881414699813096
19105,2,1.5850669597490086
19106,2,1.1208631765225896
19107,2,1.5533127761646497
19108,2,1.2451318831481824
19109,2,2.6765975269932527
19110,2,1.9967010729017207
19111,2,2.696852118780942
19112,4,1.0661148787630297
19113,2,3.0300927220283658
19114,2,1.8137451825149367
19115,2,1.7478226978330036
19116,4,1.6877027236334194
19117,2,1.3805044930468355
19118,3,1.27021202917853
19119,3,2.498892194712967
19120,5,2.1821295809572603
19121,3,2.498892194712967
19122,5,2.4101127670662645
19123,5,2.179085032977392
19124,1,2.0913041042410456
19125,5,1.6631157367921434
19126,1,2.0913041042410456
19127,1,1.1348677316792106
19128,2,2.284829295589114
19129,2,1.7169264721545348
19130,1,1.9805036176194348
19131,1,2.0670094947516433
19132,1,1.3938383287614955
19133,2,1.4463958423043397
19134,2,1.2764543234777619
19135,1,2.554270441343728
19136,1,1.5609013880524296
19137,1,2.806158118794028
19138,2,1.6966121112722765
19139,2,1.0924322636704284
19140,4,2.2923637348562225
19141,4,1.2893763171812946
19142,2,2.832202795428228
19143,2,2.6081785227437204
19144,2,2.4115503699357532
19145,4,1.2070013491715763
19146,1,2.212618631528567
19147,1,1.6665284361082642
19148,1,2.5791568762527453
19149,4,1.1313004968670073
19150,3,1.4788095052196448
19151,1,1.5600828212944198
19152,2,2.5782237080974415
19153,4,1.4384763828896194
19154,4,1.8032735824415358
19155,4,1.4384763828896194
19156,4,1.8032735824415358
19157,2,1.9990502484428834
19158,2,2.135912560945965
19159,4,
19160,2,1.9947280614416623
19161,2,2.60184324774019
19162,2,2.3598738943421926
19163,4,1.9528168857945643
19164,5,1.144888609724945
19165,3,2.1472331388863046
19166,3,1.114306466704719
19167,3,1.463640321802477
19168,3,1.114306466704719
19169,3,2.580092695962004
19170,3,4.946346795084138
19171,3,1.6986599977868087
19172,4,
19173,5,1.4700915704317834
19174,2,2.2925676207041827
19175,1,1.3124182318798572
19176,1,2.2050214238430925
19177,1,2.2050214238430925
19178,3,1.2333397463521338
19179,3,1.2333397463521338
19180,5,3.0023713303680495
19181,2,1.749385602019855
19182,2,2.2661911135021504
19183,2,
19184,2,
19185,2,1.5160696249225363
19186,2,1.3503908854094033
19187,2,1.4785965238893057
19188,4,0.8406375030708095
19189,2,2.146300805047349
19190,2,1.4910128053208531
19191,2,1.153603044938877
19192,2,2.0535849761347182
19193,2,2.1794842070810434
19194,2,1.139549201327462
19195,4,0.8501683273884141
19196,2,2.0592027348432924
19197,4,1.9680953562840289
19198,2,1.091557228570627
19199,4,2.0637570651827155
19200,4,1.269876265221205
19201,4,1.2834020579873147
19202,2,0.7757958471486083
19203,4,2.258492165182044
19204,5,2.294235369944765
19205,4,2.4964696620982503
19206,5,1.5992672414261049
19207,1,1.721441030444927
19208,5,1.8299803989497385
19209,5,1.1484871780392472
19210,2,2.216795128957164
19211,2,2.0929726522618983
19212,5,1.5518670548240607
19213,5,1.5423531062354385
19214,3,1.6000931957543794
19215,5,2.0382853154472858
19216,5,2.3499574645752817
19217,5,1.9750443960950885
19218,3,1.0053003554511923
19219,3,1.0053003554511923
19220,5,1.602583639623345
19221,5,2.3684981691304454
19222,5,2.5250554591830165
19223,5,2.1831296271281118
19224,5,1.5238229772229563
19225,5,1.84030153660441
19226,3,1.2160200744516345
19227,1,3.229761125103121
19228,1,2.511841983232347
19229,2,1.8932143064675875
19230,1,1.7036474142861289
19231,1,2.342822841500449
19232,2,1.6909712793000897
19233,0,2.1015124367525857
19234,1,2.0360358714223086
19235,1,2.0360358714223086
19236,1,1.9670293173096607
19237,4,1.2783141775377387
19238,1,1.2914499136567408
19239,4,1.8674860779254419
19240,4,2.6354246443062683
19241,2,2.4200771100145695
19242,0,1.4651393207469738
19243,5,
19244,1,1.3500231718389657
19245,1,1.368898477674461
19246,5,1.2475807682475035
19247,3,
19248,3,
19249,3,
19250,3,1.7454600301701535
19251,3,1.8253759803917513
19252,3,0.8743522670541282
19253,2,1.6545712267128236
19254,0,2.967315914961768
19255,2,1.6043565319388382
19256,2,1.7391241434894766
19257,2,1.8120911499443386
19258,2,3.002082740044456
19259,4,
19260,4,
19261,2,1.1741764862374342
19262,2,1.4032325909978502
19263,4,1.284773660396218
19264,4,2.172658516155972
19265,1,1.2117680474406713
19266,1,1.3255788145960552
19267,1,1.233132033995024
19268,4,2.164365989085267
19269,2,2.682021607335985
19270,2,2.0707998416892797
19271,4,2.164365989085267
19272,4,1.5133178304754065
19273,2,1.3148571611136768
19274,2,1.2089867034362702
19275,4,
19276,2,
19277,2,
19278,2,
19279,4,1.508690298703596
19280,4,1.1170927617841038
19281,4,1.3826271763816018
19282,2,2.2566658750999444
19283,4,1.4877187684067075
19284,4,0.6933957202211103
19285,4,2.072552593856857
19286,4,1.7516955256231208
19287,4,1.69245425220999
19288,2,1.3928603563004671
19289,2,1.497163089901432
19290,2,1.4996774520626148
19291,2,1.4998915947810243
19292,4,1.2551634162238612
19293,4,1.7692551052437782
19294,1,2.7685612586966903
19295,1,3.1518379379785424
19296,0,1.0756907105245648
19297,0,1.9176292889632154
19298,1,1.4644227965342416
19299,1,1.6417071460015185
19300,1,1.6417071460015185
19301,0,3.449740036101563
19302,0,3.449740036101563
19303,0,2.264825054335954
19304,1,1.383530781079538
19305,0,3.340065890723065
19306,0,1.4238950974584557
19307,0,1.2617770448116803
19308,0,3.340065890723065
19309,0,1.3821819374726443
19310,0,2.1809390652252563
19311,0,1.1970139997917997
19312,0,3.7039103868272067
19313,2,2.2246011776202073
19314,0,3.2830920560130084
19315,1,1.9532429913348688
19316,1,
19317,2,1.1346222022205585
19318,0,2.2455177424898265
19319,1,
19320,4,
19321,4,
19322,4,
19323,0,2.967043507823602
19324,0,1.4945587687955026
19325,0,1.451741839122685
19326,0,1.2666645652447686
19327,1,1.1701792791715302
19328,3,1.3973414493437342
19329,3,1.3301604644237652
19330,3,1.4586676470534343
19331,3,2.1320212000183023
19332,3,0.8483467495300583
19333,3,1.4586676470534343
19334,3,2.1320212000183023
19335,3,1.3390143976257114
19336,3,0.901838975471363
19337,3,1.3856230472793027
19338,3,0.9785635303374761
19339,3,1.4013085285799944
19340,3,0.8897709354457198
19341,3,2.381280503516604
19342,3,1.8138752168735224
19343,3,3.253190208465975
19344,3,2.0653322552087308
19345,3,1.4698480692373894
19346,3,1.2886723477776358
19347,4,1.0402316054066818
19348,4,1.002547273436208
19349,1,1.1929481985784853
19350,1,1.2209916129110598
19351,3,2.644164074143756
19352,3,2.4619137707877656
19353,5,1.1197069053812052
19354,3,2.480784010409402
19355,3,2.138867000251758
19356,3,2.1197866254737083
19357,2,0.8670982717718813
19358,3,1.2768160392623036
19359,5,1.0922554710333314
19360,4,1.3110665636208343
19361,2,1.4971527182842133
19362,5,1.9838080511403542
19363,4,1.5652957465359654
19364,2,1.8404391326771787
19365,2,1.3928474754352933
19366,4,2.2367677701179587
19367,4,1.755096361037415
19368,4,1.278790572921545
19369,4,1.6097141119142468
19370,4,1.5929062496468227
19371,4,1.9228015722370224
19372,4,1.5929062496468227
19373,4,1.5998734329820359
19374,2,1.5881785459922213
19375,5,2.4251935113885397
19376,5,2.4251935113885397
19377,2,1.5897986830082806
19378,2,1.542508744603118
19379,4,1.6681514610483068
19380,2,2.2515238970924463
19381,4,1.311824690020301
19382,4,1.4565118290547554
19383,4,
19384,3,1.2808274868861085
19385,3,1.3683059924364587
19386,5,2.2598822731437394
19387,5,2.2526036297977283
19388,3,1.192650828841441
19389,5,2.2306885378549564
19390,3,2.7941481324996302
19391,3,1.166309315107729
19392,5,0.929212983453929
19393,5,1.3189752667173025
19394,3,1.3837687718037008
19395,5,1.2982603619716182
19396,2,1.6323643887319177
19397,5,1.3538504342666133
19398,4,2.210514373927689
19399,2,1.6728586310519866
19400,4,2.3700434950703664
19401,2,2.6330016069486226
19402,0,1.1937628864495866
19403,0,4.108511135909404
19404,1,3.461695495379423
19405,1,1.9497787104736843
19406,1,1.6997193567141424
19407,1,1.1525077612215493
19408,1,3.0210784476723016
19409,0,1.1886690118578969
19410,0,1.5784652058481725
19411,0,2.0403861816127127
19412,4,0.8237912506290468
19413,2,1.440046967872503
19414,2,2.64806765860449
19415,1,2.48637432721484
19416,4,0.9182971284801841
19417,1,1.5739192476581527
19418,2,1.1275933512859058
19419,2,1.9326427555769254
19420,2,1.6583953867704204
19421,2,1.821248447238632
19422,2,1.4792816954650045
19423,2,1.240501300253115
19424,4,0.7022243195626987
19425,4,2.0650099353160924
19426,2,1.6226429822999737
19427,2,2.0508068663485446
19428,2,3.0857444132873657
19429,4,2.49898714481561
19430,2,2.8489936382802936
19431,2,1.7099170291937003
19432,4,1.5797338316303537
19433,4,1.4686098363202331
19434,2,1.202098517280062
19435,4,2.158739230454062
19436,4,2.158739230454062
19437,2,1.5411061228241238
19438,2,2.3290623482275086
19439,4,2.2198951951263863
19440,4,2.3889090140097395
19441,4,0.6171302903705199
19442,4,1.264417636263358
19443,5,2.1637136386288587
19444,4,2.301423454700604
19445,5,1.5113571413767588
19446,3,1.4399679802121876
19447,5,1.73345320905838
19448,5,2.1251127160238465
19449,5,3.1314500083128523
19450,2,2.2426695910001864
19451,2,2.2426695910001864
19452,5,3.1314500083128523
19453,2,1.9257357048589006
19454,2,2.754834600074678
19455,2,1.9406517895036568
19456,4,2.528889769132642
19457,1,0.9392707836873798
19458,2,2.501306803360646
19459,1,0.9748512811866517
19460,2,1.564568298831775
19461,1,1.6587746191530068
19462,1,1.7037160211250408
19463,3,2.057735678924823
19464,3,1.7396217235284357
19465,3,1.4169059012826195
19466,5,1.7457793670740251
19467,5,1.7164734421498258
19468,3,2.5146773161920133
19469,3,1.4113011545911525
19470,1,
19471,3,2.5146773161920133
19472,1,
19473,1,0.945927612090709
19474,3,
19475,3,
19476,3,
19477,5,
19478,4,1.487623439135163
19479,3,1.2934101672137266
19480,4,1.5765276526825571
19481,5,2.1348466545330984
19482,2,1.8634920605939949
19483,1,2.494112616601363
19484,2,1.9128771928948967
19485,5,2.4178442481480733
19486,3,1.5899547620617416
19487,3,1.6348035987281437
19488,2,2.092404884888969
19489,3,1.901536555716213
19490,4,2.8759067865570698
19491,4,0.9579583720517961
19492,4,1.6221193526597288
19493,4,0.7525769098271408
19494,2,1.935132024678514
19495,2,1.936933231137119
19496,2,1.8076168241261357
19497,4,1.6821791256041971
19498,4,1.04205159713373
19499,2,2.3048004181980866
19500,2,1.9173647992684422
19501,4,1.9604214946546386
19502,2,1.5095197851357696
19503,2,1.9383886227554783
19504,4,1.6286971822278924
19505,2,2.094944962328182
19506,2,1.4581746325583784
19507,4,1.3257346569531214
19508,2,1.1604450074488342
19509,2,1.6551940074695495
19510,4,1.4563225523284755
19511,4,1.034552834438109
19512,2,1.5417837573341613
19513,2,1.9407194750871066
19514,4,1.3139485996271991
19515,2,2.3094604492847077
19516,2,2.531846814882407
19517,4,1.3015005720805775
19518,2,1.4531128652570098
19519,2,1.5986751651269793
19520,1,1.0957119706818765
19521,4,1.1651220037490395
19522,1,2.0040928875536097
19523,4,1.9324267267173092
19524,4,1.9324267267173092
19525,1,1.4626959028467894
19526,2,1.4987621388989616
19527,1,1.3232441404968476
19528,1,2.341747847019189
19529,1,1.4859050961368059
19530,0,1.4298148250225935
19531,0,1.1412227634233807
19532,0,1.5997383622433157
19533,1,
19534,1,
19535,1,
19536,0,
19537,0,1.814504794274198
19538,0,1.814504794274198
19539,1,2.240561364960294
19540,1,2.240561364960294
19541,1,1.750340426833189
19542,4,1.7775675235886443
19543,1,
19544,1,1.8804859312032696
19545,4,1.9801502559737474
19546,2,1.653248376065539
19547,0,
19548,1,1.2362774711968527
19549,1,1.3223464359184176
19550,1,
19551,1,
19552,5,1.3869362765144053
19553,5,1.3485714744473782
19554,3,1.0882522232823653
19555,3,1.0024387238670702
19556,3,1.097346186735831
19557,3,1.0359000955260174
19558,5,2.0613011950490385
19559,3,1.1149403724191604
19560,3,
19561,5,
19562,5,1.2069977489237704
19563,5,1.3631037243390536
19564,2,1.393232641883891
19565,2,1.8606054780160637
19566,2,2.295749943444758
19567,5,3.565549007385543
19568,5,2.899683350640595
19569,2,1.8442819728534734
19570,4,0.9406603363477583
19571,1,1.451226325483618
19572,2,2.047089058634396
19573,0,2.3480631754682193
19574,1,1.5338262950058494
19575,0,1.7822308397772924
19576,0,1.5111258575055384
19577,0,1.9059823869911783
19578,1,1.344970211505028
19579,1,1.4418573865637268
19580,0,1.555296114218534
19581,1,0.9467574946083143
19582,0,0.9417611479354235
19583,2,1.7013770696900352
19584,2,2.7874060932285385
19585,0,1.0401223226806335
19586,2,2.7874060932285385
19587,0,1.1988334784297032
19588,5,
19589,5,1.5578884687334464
19590,5,1.9108871843689204
19591,3,1.4969367858791358
19592,3,1.7813819140892484
19593,3,2.03993940618967
19594,3,0.8318105049589282
19595,2,0.9585870339522455
19596,1,1.8365385025523098
19597,0,1.620358429656197
19598,1,1.0579196998433773
19599,4,1.0037175318334364
19600,4,1.3394792559246282
19601,2,2.106063841469332
19602,4,1.0786754288009524
19603,4,2.20018413288908
19604,4,2.20018413288908
19605,4,1.742347082629656
19606,4,1.742347082629656
19607,4,0.9395303891374333
19608,5,1.3284001064947724
19609,3,0.9118909451223917
19610,5,1.8029943064308542
19611,3,0.8317992758010667
19612,5,1.4737663119742597
19613,5,2.1016999943435497
19614,3,1.053346565289741
19615,5,2.0797456890134036
19616,5,1.7991266331635738
19617,3,2.258142534668468
19618,3,2.2179129298358844
19619,3,2.308932647710618
19620,5,2.365491150352207
19621,3,2.2442853010691626
19622,5,2.365491150352207
19623,5,1.593413878152413
19624,3,1.9459895941446055
19625,3,1.6664519612100845
19626,3,1.9459895941446055
19627,3,1.7098038906678559
19628,3,1.319052562238945
19629,3,1.203438057848725
19630,3,1.263984381494795
19631,2,3.505222241359051
19632,1,3.4127979567203814
19633,1,2.8195451125382616
19634,1,2.9055222586238596
19635,1,3.2790601073511834
19636,1,1.0616200424882827
19637,5,1.5543744316100205
19638,5,1.8053349804909078
19639,1,1.2297488654927096
19640,3,1.6478513440795355
19641,2,2.7315044721926727
19642,5,1.6888036349410405
19643,4,1.2026740212257054
19644,1,1.4537847559512764
19645,1,1.5087405404561671
19646,5,1.597417744899809
19647,5,2.6791856935439666
19648,5,3.5971149653996024
19649,2,2.302687478100429
19650,2,2.5910156252013268
19651,2,3.2388865480758775
19652,3,3.0610250227013873
19653,3,1.0590837774640731
19654,3,1.8289723090502654
19655,3,1.851699758179072
19656,3,2.120427447633217
19657,3,1.937093767206767
19658,3,2.144037352432574
19659,3,1.5377882075253584
19660,3,1.208122551502945
19661,5,2.083672327611203
19662,3,1.7119834522264126
19663,2,3.2137289982337554
19664,3,2.2071376736748536
19665,3,2.0039034718527446
19666,3,2.361707341812809
19667,3,1.7615100301865352
19668,4,1.2951053160989896
19669,1,2.130852548845073
19670,2,1.7827723587299575
19671,0,2.29145212816437
19672,2,
19673,0,2.755932123580618
19674,0,2.1270027182915046
19675,0,2.190588843070845
19676,1,1.0386800128285005
19677,0,3.207704997897238
19678,0,2.911690437223691
19679,0,2.167259443864279
19680,0,1.3993215011632743
19681,0,
19682,0,
19683,1,0.854129210621742
19684,1,1.7078379122005516
19685,1,1.7412390874630255
19686,1,3.449611561544133
19687,1,2.104903319216941
19688,1,0.8164170487161521
19689,5,1.4262464002506583
19690,5,
19691,5,
19692,5,
19693,3,0.8328880327684413
19694,2,1.3968812980934757
19695,5,2.490056100657572
19696,5,1.9933702724341602
19697,5,2.802673034440439
19698,3,1.172315617167692
19699,3,1.1454770272154222
19700,4,1.2053646986311708
19701,5,2.1135683484098604
19702,5,1.78951230480692
19703,2,1.2415241276693114
19704,2,1.6500499115881402
19705,2,1.3440772611445135
19706,4,1.3720312130773402
19707,4,2.279818972625804
19708,4,0.8658644493294698
19709,2,1.9454163128642017
19710,2,1.3450005312605506
19711,4,1.0163826398046065
19712,1,1.5869182333741594
19713,2,2.115032428147275
19714,1,1.268598231738845
19715,1,1.877205958605682
19716,2,1.7649224736327742
19717,2,1.4152415614659721
19718,2,2.7270156440887696
19719,1,1.754082746506812
19720,2,2.1660828266414915
19721,2,3.0075191013375817
19722,1,1.4546183855670867
19723,2,1.7565533180871498
19724,2,1.5298673940091772
19725,2,1.5281640531827363
19726,2,1.9122730391646459
19727,4,2.2254567949621404
19728,2,2.031887714144267
19729,1,0.8412417028093174
19730,1,1.0427092822439001
19731,2,1.6788408233547525
19732,4,1.43673445942363
19733,2,
19734,2,2.153799896660331
19735,2,1.4510107588215753
19736,2,1.8278133905271359
19737,1,1.4463832321136494
19738,1,
19739,1,2.248931933075046
19740,2,1.7098441533215893
19741,2,2.071939407531475
19742,1,2.737400894863608
19743,0,1.6969166964235196
19744,1,2.737400894863608
19745,1,1.6067286127312927
19746,1,1.1455021895004354
19747,4,1.2163188887930518
19748,2,1.8653211907807332
19749,2,1.8596094266490502
19750,4,1.8943603181608006
19751,4,2.002380975217522
19752,2,1.8084501920690208
19753,2,1.64839477592737
19754,2,2.0116555607169415
19755,2,2.0442907412751787
19756,2,2.46585235321191
19757,2,1.5130447026741478
19758,4,1.4485200294180933
19759,5,1.7746879690620692
19760,5,1.2973738750202517
19761,5,1.2377878257980484
19762,3,1.264439358419176
19763,5,1.5258494315827869
19764,2,2.1172636457412017
19765,5,2.3192360454493146
19766,5,2.086035727609353
19767,3,1.663877254707616
19768,3,2.6396623703557247
19769,5,2.066101741040144
19770,3,2.6396623703557247
19771,1,1.9821334051429171
19772,3,1.2135503595413384
19773,5,1.097852520137126
19774,5,1.8421838394844545
19775,3,0.8613359849082726
19776,5,1.601973035529439
19777,3,1.7054403258952477
19778,5,1.684915709269942
19779,3,1.3398346499494576
19780,3,3.439403516020821
19781,3,2.263520575445123
19782,3,2.0001423429797827
19783,3,1.448893951495948
19784,3,3.8907590389970745
19785,3,2.0753067283651907
19786,3,1.2542428167876225
19787,5,1.6243996463607617
19788,3,2.1718745788037794
19789,1,1.3838824071281373
19790,1,1.3171727375585778
19791,2,1.9497847652636646
19792,3,1.2700702034926732
19793,2,1.5751641292122867
19794,2,1.5163285944502265
19795,4,2.0845850401060457
19796,4,2.0496217377268664
19797,4,2.314514883194156
19798,4,1.11281891372004
19799,4,2.017061884971375
19800,4,0.8817368822099005
19801,2,1.8923537182390135
19802,4,2.017061884971375
19803,2,2.0841814173367084
19804,4,1.7440486566579876
19805,4,2.7237961496644876
19806,4,0.7923186338860445
19807,4,0.8721577139866833
19808,2,3.0756551075387266
19809,2,1.972575431934545
19810,1,2.2840048051756
19811,2,3.6437331101803285
19812,1,1.1381946643768384
19813,4,2.9142409521734756
19814,4,2.7770645181052553
19815,2,2.103448091146941
19816,2,2.4742661388740794
19817,4,1.0535545982726167
19818,2,1.1574863957214523
19819,1,1.2719836756935998
19820,1,1.4991535449342377
19821,2,1.7684917172925645
19822,1,1.6152841546982184
19823,4,2.999775751515541
19824,4,1.2925128742156924
19825,4,1.1250801669465305
19826,4,1.2438412782639308
19827,1,1.998024954896931
19828,4,1.358090683157992
19829,1,1.998024954896931
19830,1,1.4383621311486035
19831,3,1.277469782036567
19832,3,
19833,5,
19834,3,
19835,2,1.3770566399660198
19836,0,1.4305557782425922
19837,2,2.293408267670749
19838,5,2.773123716616057
19839,5,2.2555365636762694
19840,0,1.8588656673650623
19841,4,1.215336331529518
19842,2,1.6688211859805844
19843,4,2.7509759938729577
19844,1,1.0775351247470475
19845,0,1.6652815016938107
19846,0,1.6652815016938107
19847,2,2.314559815772682
19848,1,1.957459984142412
19849,0,1.6662291324656484
19850,1,2.0896798866580335
19851,2,1.1299921013543623
19852,4,1.1216899245493608
19853,3,2.085921429013286
19854,3,1.2983174101143256
19855,3,1.5436297420435339
19856,3,2.5805522779755368
19857,3,2.6727256772110666
19858,3,1.0241179135001313
19859,1,1.8831850455624437
19860,1,2.863372020534114
19861,1,1.2750208433976213
19862,1,2.168957207327527
19863,3,2.1229480742634266
19864,3,3.036859864651871
19865,5,2.0855214517452505
19866,1,1.2117130741876518
19867,1,2.283027936996069
19868,0,2.7210755793368206
19869,3,3.7166080613521104
19870,3,1.6625500958853983
19871,1,1.8837141223680887
19872,1,1.4178697620028395
19873,5,1.2330787877686753
19874,3,1.162345973467168
19875,3,1.7293170647992406
19876,5,1.8449873606485272
19877,3,0.8098602263237394
19878,2,1.9103132202000268
19879,2,2.68958234027579
19880,2,1.3755712669272073
19881,2,1.8702622045737987
19882,4,0.8753391084217297
19883,4,1.6163891198695273
19884,3,2.6863412955031754
19885,5,2.0056076171649293
19886,1,2.3473056077272076
19887,1,1.1140443490590637
19888,1,1.0608207691201608
19889,1,2.379340649720388
19890,1,2.238978192530087
19891,5,1.3351519676081132
19892,5,1.992217067500613
19893,3,1.547772485373366
19894,5,1.6608942582121138
19895,5,0.7119768312834445
19896,3,1.0058968936312473
19897,2,1.272465321797733
19898,4,0.8335836602954876
19899,4,0.8593580804339975
19900,4,0.9571978399995762
19901,4,1.178845760126492
19902,5,1.563649010835918
19903,5,1.439657359866602
19904,3,0.7106133337056634
19905,1,2.083927824040188
19906,5,3.118735113354251
19907,5,3.118735113354251
19908,1,1.4620013597191706
19909,0,2.34225912363347
19910,3,3.3061292132019338
19911,0,1.5402401316263172
19912,0,1.2695639202357403
19913,0,1.3557182639427185
19914,0,1.747393176533326
19915,0,
19916,0,1.2360936627682488
19917,1,1.173836391953556
19918,1,1.1358436381313937
19919,1,1.393217784650989
19920,5,
19921,3,1.2845245438283657
19922,3,2.035582940051016
19923,3,1.5063038260835468
19924,5,1.485825533971174
19925,0,1.855388875362812
19926,0,1.843792485475772
19927,4,1.4393669596387013
19928,4,0.9139820850189126
19929,0,0.978734959520994
19930,0,1.007004982439658
19931,0,0.8338904400228746
19932,0,1.1498187428214173
19933,0,2.077865845692516
19934,1,0.9184580806560609
19935,1,1.6897623195533846
19936,1,2.4548201433015358
19937,1,1.3515032854258255
19938,1,1.112264256895955
19939,3,1.3638686426981563
19940,3,1.2993198630861624
19941,3,1.4860476493133126
19942,0,2.0340488354786266
19943,0,2.1679232066945175
19944,1,1.021915531172109
19945,3,1.8240878785425296
19946,3,1.2940374338908829
19947,1,1.6960895966219132
19948,1,2.0300271170409507
19949,0,2.499291493122941
19950,0,1.3302911305597929
19951,1,1.7574411529835796
19952,0,1.9683682688695385
19953,0,1.2198496797897564
19954,0,1.459944244165006
19955,0,1.2416037897908923
19956,1,2.868449040643983
19957,1,2.3592200283567233
19958,4,1.384788227592645
19959,1,1.6203828845598938
19960,1,1.536087596114033
19961,1,1.5496631575738868
19962,2,1.623015984236169
19963,1,2.1123989036990394
19964,4,
19965,4,
19966,4,
19967,4,
19968,3,1.5810733664711336
19969,3,1.5267222421765843
19970,3,1.9441613768018176
19971,1,1.6718235828719175
19972,1,1.4240624838390854
19973,4,
19974,1,1.7990297266705166
19975,2,3.159010133793663
19976,2,3.159010133793663
19977,2,2.455215737528858
19978,4,1.507339592685683
19979,1,1.5648876922653197
19980,4,1.498948303623402
19981,4,2.531886556693169
19982,4,2.531886556693169
19983,1,1.571204876247834
19984,1,1.4366012360277098
19985,2,2.0659474256765233
19986,2,2.2370149429499433
19987,4,2.2925030055052673
19988,4,2.360965215423715
19989,2,2.3646411031134145
19990,4,1.3281502129981295
19991,2,1.8952942667735975
19992,4,1.0174401175318208
19993,4,1.3457413658380002
19994,4,1.2496944877488148
19995,2,1.9047709139950042
19996,2,1.6524096678627809
19997,4,0.8915995372060358
19998,4,1.1136617751063695
19999,2,1.2469996168959032
20000,1,1.76503490983492
20001,1,1.8929592462963682
20002,1,2.3296551226418694
20003,1,2.1295771414869797
20004,0,2.1055133146748846
20005,0,2.353668778109926
20006,2,2.2327478505940928
20007,2,2.0392049044155747
20008,1,2.5877900291758746
20009,2,2.0347120657471525
20010,4,4.145187161356067
20011,4,1.4077021662865639
20012,1,2.6955444241986695
20013,1,2.6955444241986695
20014,1,1.7537424984833232
20015,1,1.7537424984833232
20016,4,1.2240154260731901
20017,2,2.141646516824067
20018,1,1.3322436454742599
20019,1,1.7234752103799895
20020,1,1.610298700874628
20021,1,1.4710356025501843
20022,2,2.5574219122305966
20023,4,1.2111142372831771
20024,4,2.125743043228878
20025,2,0.9688183232339185
20026,2,2.4987393657311485
20027,5,2.2100653699818666
20028,2,1.945671742928318
20029,5,1.4652721946801903
20030,4,2.180157982004036
20031,4,2.135390325600051
20032,4,0.9528684933402101
20033,4,2.692637878628586
20034,2,2.6244792480879884
20035,2,2.507748412572914
20036,2,1.347486971008471
20037,5,1.3870109102705674
20038,5,1.239176951246123
20039,3,0.9850806513438104
20040,1,2.400434149988924
20041,2,1.376540283241544
20042,5,1.4628864464878653
20043,1,1.4390918918796345
20044,1,2.3277176253415757
20045,1,2.699011429711526
20046,5,1.4618164910278177
20047,5,2.0096810367687588
20048,3,2.0452140000335426
20049,5,2.1353707261096013
20050,3,1.7955071479687397
20051,5,1.898220422495739
20052,3,1.088777774868849
20053,5,1.1115701131999034
20054,3,1.3198090640986515
20055,1,2.61562135192773
20056,1,1.3971288043830867
20057,5,1.5869378277019444
20058,1,2.3712577071730907
20059,3,2.2379645313723886
20060,3,1.1053226238150913
20061,2,1.289884041625728
20062,2,2.0581991043568917
20063,2,2.161521874016243
20064,4,2.0472061858818753
20065,2,2.131022884444368
20066,4,1.7494312320250176
20067,2,2.3520704036862017
20068,1,1.6290127031393906
20069,2,1.467069425098464
20070,2,1.467069425098464
20071,2,1.8381516989073423
20072,4,1.9505978688753693
20073,4,1.6588587451748593
20074,4,1.9505978688753693
20075,4,1.2221934973332576
20076,1,1.2823889071735315
20077,1,1.415722445437306
20078,1,1.3611425634023393
20079,2,1.4394384151084136
20080,2,
20081,2,
20082,2,
20083,2,
20084,4,
20085,2,
20086,2,
20087,2,1.2794827120308772
20088,2,1.3017367605105759
20089,2,1.489625777009067
20090,2,1.9158008811407776
20091,2,2.0894988628848337
20092,2,1.156903133035778
20093,2,2.5187029060416877
20094,2,2.4889174507072997
20095,4,1.0083814751059084
20096,4,0.9765307233757586
20097,4,1.290652640728449
20098,2,1.8375457058785492
20099,2,1.6968582951590587
20100,2,1.2935979022134623
20101,4,1.6371220230390675
20102,4,1.377223977469597
20103,4,1.1713906989207359
20104,4,1.2613004946674156
20105,1,1.193632932282106
20106,1,2.2598850762150864
20107,1,2.7838913807597483
20108,1,2.0941797131302025
20109,1,2.9328603702397156
20110,1,1.4511953142560692
20111,2,1.3738468338041554
20112,2,2.2696254265847293
20113,2,2.3997852745668444
20114,4,1.3995869236584726
20115,2,2.1072126553980532
20116,4,1.4211669873323969
20117,2,1.6474383697439154
20118,2,1.8157854533774673
20119,4,1.2826480087006868
20120,4,2.1682529389305008
20121,4,2.6413321936928087
20122,4,2.6413321936928087
20123,2,1.7270870542641747
20124,2,1.2718725886351971
20125,1,1.2000843461928987
20126,1,1.3015724793114969
20127,4,1.0685624094904356
20128,2,1.3686437799084914
20129,2,2.2108581014890887
20130,4,1.148413766310783
20131,2,1.2289883739765677
20132,4,2.371877550483614
20133,2,1.2804940676328107
20134,1,1.3117525333303572
20135,4,1.5008514985394197
20136,2,1.7194959006778434
20137,4,3.5431640789141676
20138,5,1.8483832695632096
20139,3,1.403669690460629
20140,3,1.1312532021964088
20141,3,1.2167266377928185
20142,4,0.8682563235468436
20143,1,2.9925435642849054
20144,1,2.5003305731861136
20145,4,0.9852925744640091
20146,1,1.0975609624002267
20147,4,2.381478601755332
20148,4,1.4793529491704225
20149,4,1.6669265038899743
20150,4,2.3191976353821877
20151,4,1.1275251423185892
20152,4,1.3614948004886276
20153,1,0.6033490730834598
20154,1,1.6769101034193041
20155,1,1.5749750894534875
20156,3,4.098911609756304
20157,3,1.7208715908996162
20158,1,4.442877248746548
20159,3,1.5099197762939047
20160,2,1.7424891502125945
20161,2,1.7829106419629315
20162,2,1.7718537306686186
20163,4,1.8949498840049044
20164,4,1.5946941777391737
20165,2,1.262430628916377
20166,4,2.585142502761935
20167,2,1.8671495502624629
20168,2,1.7341129183034465
20169,4,3.21713037721642
20170,1,2.5409247518205804
20171,4,1.0469640788149053
20172,1,1.1256446601417078
20173,0,2.750504658296009
20174,1,2.8553772828961566
20175,4,1.1612397888111845
20176,1,0.9434271458498049
20177,0,
20178,0,1.8776061994183726
20179,1,
20180,2,1.7926335978562828
20181,1,2.2817869979744194
20182,1,1.7111675142097025
20183,1,
20184,1,
20185,0,1.8884321326878957
20186,0,1.5653809683025208
20187,1,2.546761542947207
20188,1,2.6624534023848745
20189,1,1.3608806406234946
20190,1,1.922501177139512
20191,1,1.922501177139512
20192,1,1.2773952329497544
20193,4,1.1824008359217282
20194,4,1.1499887982733152
20195,0,1.5036453042288573
20196,1,0.9061908195389694
20197,0,1.7390946701122505
20198,0,1.8821201324724601
20199,4,2.451229361274499
20200,4,2.451229361274499
20201,1,1.4817372877192225
20202,1,
20203,2,
20204,1,
20205,2,
20206,1,1.3632845196213716
20207,1,2.1386307718199387
20208,0,2.291846804582481
20209,0,1.6387422061370611
20210,0,1.845153112479884
20211,0,1.845153112479884
20212,3,1.2246027006538798
20213,3,2.101072533913846
20214,3,2.101072533913846
20215,1,1.5698728312075838
20216,0,2.083536342686989
20217,1,1.7542083490058826
20218,0,2.5684304455119347
20219,5,1.336938092593193
20220,2,1.4050059759550169
20221,2,1.4593130781841255
20222,2,2.313270122758243
20223,2,2.278279879102395
20224,5,1.8861791194964732
20225,2,1.3708753211319908
20226,4,2.095321853759063
20227,4,2.140818607548523
20228,2,1.8529335908917157
20229,4,2.2084590396916486
20230,4,1.2950356227373476
20231,4,1.368111169734349
20232,2,1.1984642284286122
20233,4,1.9308249094218224
20234,2,1.839932399770898
20235,2,2.0955330514178323
20236,2,1.3214398975259176
20237,2,1.2646471001298432
20238,2,1.2420404254648394
20239,2,1.763323345361598
20240,2,1.0402360877170704
20241,2,1.763323345361598
20242,3,1.0646373186076454
20243,2,2.520756538681762
20244,4,1.954772678697683
20245,4,2.2929738733228335
20246,4,1.2177407242410263
20247,5,1.347005146290137
20248,5,1.4714732872250935
20249,3,0.916422721142058
20250,3,0.7784335943519508
20251,5,1.9172202917516497
20252,5,1.4941849060678003
20253,4,0.6332979909905179
20254,2,2.4334017530744902
20255,5,1.7856682934823767
20256,5,1.0929433204968462
20257,5,1.280363305997813
20258,2,0.760070509686634
20259,2,1.290140296061367
20260,2,1.9325260719747792
20261,2,1.3917216665025325
20262,4,1.499273639278329
20263,5,1.9140667516148437
20264,2,1.2905396937214035
20265,4,2.3808711238443787
20266,2,1.3277104848540924
20267,2,0.8426213749299661
20268,4,1.7752315913198788
20269,2,2.125068903344768
20270,4,1.625465682434632
20271,4,2.045878384823618
20272,1,2.0593967017032733
20273,4,2.0732684758309206
20274,1,2.0593967017032733
20275,4,2.548700434689385
20276,4,1.905728372810066
20277,4,2.5797052794109026
20278,4,2.1645089329174843
20279,4,1.171686119924114
20280,4,1.2089432989058155
20281,5,1.4909634799717928
20282,2,1.5690634476285743
20283,4,0.7690096891129821
20284,2,1.319488759751147
20285,5,1.4449111551490341
20286,5,1.2490855191288228
20287,5,2.3798441205423155
20288,3,0.8258075386316321
20289,1,1.2911569531773497
20290,0,
20291,0,2.0573384031034
20292,4,2.3471357755248254
20293,4,1.8232667033698495
20294,0,1.2012150577682141
20295,0,1.0144470384835989
20296,0,
20297,0,2.4729646451052756
20298,0,2.593928989244666
20299,0,3.1421105007466634
20300,0,1.3667553605021079
20301,0,2.0532670235005304
20302,0,1.3667553605021079
20303,2,1.516598422131237
20304,2,1.4177509727543707
20305,0,1.1839517013887737
20306,0,
20307,0,
20308,0,2.7750293129823937
20309,4,1.6572319831307476
20310,1,
20311,1,
20312,0,1.528505387041429
20313,0,1.7882350347139289
20314,2,1.5071289826855203
20315,4,1.3411751778854981
20316,1,1.350371891746034
20317,1,1.3961957139827064
20318,0,1.4977388324466783
20319,1,2.587017059452333
20320,1,2.587017059452333
20321,1,1.369317167312611
20322,1,1.369317167312611
20323,1,1.29590841013657
20324,1,0.7781051139975425
20325,1,1.9040421489019255
20326,1,2.2042185850297464
20327,1,1.7655878405726257
20328,4,2.2847444722811443
20329,4,0.9457735548531869
20330,4,
20331,2,1.3024658092399224
20332,4,1.2828143809386618
20333,2,1.7737924220841452
20334,4,1.2545017090826571
20335,4,1.365629930490681
20336,4,3.0269021071221354
20337,4,3.264948417254966
20338,4,1.254263088634141
20339,4,1.2672599059149785
20340,0,1.9959631029804599
20341,0,1.9959631029804599
20342,2,2.6511343050776883
20343,1,3.341980881617081
20344,1,3.341980881617081
20345,4,1.5305263193970897
20346,1,1.1362041956086453
20347,0,1.9850855478328997
20348,0,1.371600381387546
20349,1,1.732621573083686
20350,1,2.6622430275360647
20351,1,2.212565152568674
20352,1,1.4770379897726829
20353,1,1.4849679741567947
20354,2,1.0992907378423642
20355,2,1.3667003423867907
20356,4,1.3139789928133863
20357,1,1.7879162871370873
20358,1,1.0735507855193582
20359,1,1.0735507855193582
20360,1,2.7279641717116467
20361,5,1.953752745974131
20362,3,1.4246725880378541
20363,3,1.625922506762848
20364,1,1.6392892569308948
20365,0,
20366,0,
20367,1,1.6058458019188178
20368,1,1.7051644202755156
20369,2,2.079004572160305
20370,1,2.232729772350329
20371,1,1.7309293659507112
20372,1,1.762327689463451
20373,0,1.7947526835099568
20374,1,2.596820450000113
20375,0,3.2581249346310712
20376,0,2.33265387963765
20377,0,2.0184267496035773
20378,1,1.8118018345639557
20379,1,2.5035594333248894
20380,1,2.289728233328776
20381,1,2.7987083970838675
20382,0,2.4884271261763824
20383,1,2.289728233328776
20384,2,1.7385333017925653
20385,2,0.8945698608797434
20386,4,2.179661899111729
20387,4,2.179661899111729
20388,4,1.574513860800783
20389,3,2.5167994049713043
20390,2,2.2616684330555503
20391,2,2.1131601097926263
20392,2,2.1131601097926263
20393,5,2.7428891643513684
20394,5,1.8599958342654261
20395,3,1.9250432925092722
20396,5,1.8711772657133197
20397,3,1.3644633133684672
20398,5,1.0691553902118462
20399,4,1.6655872591407628
20400,4,1.8175661840818582
20401,4,1.8175661840818582
20402,2,2.522451874019755
20403,2,2.5461662689666023
20404,2,2.498825358653129
20405,2,1.8889533263071563
20406,4,1.6655872591407628
20407,1,1.0683955649883168
20408,4,2.2491087955870825
20409,2,1.16068433138738
20410,2,1.5181745693962725
20411,4,2.2491087955870825
20412,2,2.0949600554846137
20413,5,2.289738169123527
20414,2,1.7019914113431747
20415,5,2.5148876585689526
20416,3,1.3467910621445636
20417,0,2.07217989124268
20418,2,1.4608667442068652
20419,2,1.5653958707190558
20420,4,2.0072828066836834
20421,4,2.487434804862636
20422,1,2.4809285067669897
20423,0,1.880648451065926
20424,2,2.647872294343296
20425,1,2.4809285067669897
20426,4,1.3657049094814429
20427,2,2.3226688672192912
20428,4,1.3978270285408603
20429,1,2.3818406971347406
20430,1,2.1603315095195392
20431,3,1.3197257116715952
20432,3,1.984831705285798
20433,3,1.345651045751629
20434,1,1.8942358550087903
20435,1,1.3983585114709993
20436,1,1.7434796273382942
20437,1,1.7751642839471404
20438,5,2.8643575531011205
20439,1,1.8967125456475846
20440,1,1.8967125456475846
20441,3,2.4920527574603506
20442,1,3.7846380395859516
20443,1,3.0581289726947647
20444,3,2.1518180597048375
20445,5,2.7963370916173758
20446,0,1.9366230901467796
20447,4,1.1902335802359187
20448,4,1.055896810704929
20449,1,1.832500765256613
20450,0,2.632857069008046
20451,0,2.1665468032200246
20452,1,2.8728581850666193
20453,4,
20454,4,2.844577127377357
20455,1,1.9159410070766327
20456,1,1.1157408865237295
20457,0,1.319807468454495
20458,1,1.7897364227402894
20459,1,1.3647222635009315
20460,1,1.0292695120424935
20461,0,1.9542745816692006
20462,0,2.761406869213282
20463,0,1.773516281886601
20464,0,1.5642892012564376
20465,4,0.871690187770444
20466,5,2.541815459971064
20467,4,1.7255911473736092
20468,5,3.03609137563826
20469,5,1.645082504144116
20470,2,2.1925370774129083
20471,4,1.9506211858235525
20472,3,0.7655245558564334
20473,1,1.3877344791935047
20474,1,1.723389798870036
20475,5,1.4851652069326793
20476,5,1.9594874539551246
20477,3,
20478,1,
20479,0,
20480,1,
20481,0,1.635153733346646
20482,1,1.5617717365914936
20483,0,1.5614547561649421
20484,0,
20485,0,
20486,0,
20487,0,
20488,0,
20489,4,2.3837904292802947
20490,1,0.9057834388623465
20491,1,1.740295203465284
20492,4,2.3837904292802947
20493,1,1.8536163067791869
20494,1,1.1600260631106196
20495,0,
20496,1,1.856019612040274
20497,1,
20498,1,2.650881262061953
20499,1,1.2645022810496866
20500,1,
20501,0,2.870031513286954
20502,1,1.3479461860278408
20503,1,2.151080177469357
20504,3,1.7290775478023497
20505,3,2.1779024801396836
20506,3,1.1950698751157467
20507,3,1.683111758699909
20508,3,2.3287731290373244
20509,3,1.7708492015716581
20510,3,1.3152241438104177
20511,3,2.689083942784413
20512,3,1.402406195123849
20513,3,1.4236436439341142
20514,3,
20515,3,1.4467628698008823
20516,4,1.5064791933313832
20517,4,0.7477339923722047
20518,4,
20519,4,
20520,4,1.62370620464718
20521,4,1.4740907807046102
20522,2,
20523,2,2.7182532173207457
20524,1,1.2390865514884937
20525,4,
20526,4,2.173490133687796
20527,4,
20528,4,2.593964691376092
20529,4,2.6483298610907515
20530,2,
20531,2,1.7442165580600342
20532,2,0.5647446203052843
20533,2,2.5280646849328785
20534,5,2.693319052383344
20535,4,1.1386607736699401
20536,5,1.7180332580353903
20537,5,3.359588062645522
20538,4,2.158703459033638
20539,4,2.158703459033638
20540,2,1.7293067507365742
20541,2,
20542,2,1.2080288262874592
20543,2,1.3866700880336542
20544,2,105.41369204176603
20545,5,1.621818055971584
20546,3,0.6669034576996752
20547,2,1.7057675693876235
20548,4,1.6724797692172286
20549,1,1.081998829350866
20550,2,2.427612185886196
20551,2,2.0367515286744897
20552,4,1.3996260298034968
20553,4,2.419573713126378
20554,2,2.7299595983324365
20555,2,1.6730754453863497
20556,4,1.5132049401754863
20557,2,2.117995823841377
20558,4,1.3328002404409345
20559,4,1.6637902518049863
20560,4,1.8397153608224524
20561,4,1.6511410902296835
20562,2,2.167167871318006
20563,2,1.834195519613092
20564,2,1.7386137314275907
20565,4,2.293632826674991
20566,4,1.6893888956687793
20567,4,1.1994814681583685
20568,4,1.765737993338585
20569,4,1.830337585761092
20570,4,2.296528379552717
20571,4,2.830160896477847
20572,4,1.3831064306925722
20573,1,0.8437148091720376
20574,4,1.2467648300780831
20575,2,1.863116116598884
20576,4,2.705242600214016
20577,2,2.388323089739225
20578,2,46.55270194460679
20579,4,1.2910887554010742
20580,4,1.538805820943059
20581,4,1.8715113631081368
20582,4,2.884064863973927
20583,4,2.45207065925235
20584,4,
20585,4,
20586,4,
20587,4,
20588,4,1.6534750126405744
20589,4,2.115038626255725
20590,1,1.3033977363417562
20591,4,1.6309767434224929
20592,4,1.0044879587919529
20593,2,1.6095451101585758
20594,2,1.5768421037291829
20595,4,1.6496836819253669
20596,1,2.0557399988346123
20597,1,1.7427354382253886
20598,1,1.7427354382253886
20599,4,1.399703601009944
20600,4,2.507672480159001
20601,4,2.2195794656711345
20602,4,2.864742126163405
20603,4,1.5428287119773898
20604,1,1.174046178092384
20605,4,2.0393212696836818
20606,5,2.1662546173768544
20607,2,3.356795449332485
20608,4,2.7828131682715136
20609,2,4.315357857042167
20610,4,2.4249145083121397
20611,4,2.7441892737193307
20612,4,1.3237352240498852
20613,4,1.1617638207106356
20614,2,2.6317613322059827
20615,2,2.2818124993224336
20616,2,1.4121950376726784
20617,2,2.532728062522671
20618,4,2.3643082878001738
20619,1,1.3670590007001908
20620,1,1.3670590007001908
20621,1,2.1241373008809235
20622,2,2.65560534407808
20623,4,1.6663614839847258
20624,5,2.044127920529873
20625,2,1.5294220872246902
20626,5,1.7336088264328746
20627,5,2.1640672921228346
20628,2,1.7611596181861353
20629,2,1.8715551185666948
20630,2,2.022362349149785
20631,4,2.195133020992079
20632,4,2.195133020992079
20633,4,0.9796525663284875
20634,4,1.1121360236463114
20635,1,2.816966606504049
20636,1,0.9452638695632001
20637,2,2.3399309411809233
20638,1,0.9990524811140243
20639,4,1.4388613446019856
20640,2,1.9206077061148923
20641,2,1.9944282255425214
20642,1,1.5335789165775833
20643,1,1.5335789165775833
20644,4,2.286353901441445
20645,4,1.3540358897611646
20646,4,2.681569843155845
20647,4,1.1036817966175367
20648,4,1.9838686185131222
20649,4,2.0191155643578704
20650,4,1.3756021361127913
20651,4,1.3623893125945574
20652,4,1.9420937206281461
20653,4,1.6452885187168422
20654,4,1.8314847158981207
20655,4,1.911028772579916
20656,4,0.707907437160229
20657,4,2.0766983760822764
20658,2,1.4692765546839135
20659,4,2.5002053743636314
20660,4,2.5002053743636314
20661,4,1.3380548481332708
20662,4,1.3380548481332708
20663,4,1.192588818576374
20664,2,2.137755893774716
20665,4,0.9836672508450183
20666,4,1.710069095274925
20667,4,1.4213073294650374
20668,4,2.7337897474763952
20669,4,1.9046666471376834
20670,4,2.0335680558381597
20671,2,1.8412544869892515
20672,4,1.1444728036075051
20673,4,0.7320773207964159
20674,2,
20675,2,1.3758405464377303
20676,2,2.5744601666920723
20677,2,2.878621095298584
20678,2,2.400535261755539
20679,2,1.8240603602368848
20680,4,1.817011467891706
20681,2,1.7232791651392683
20682,2,1.408806124810394
20683,4,1.0045537885642837
20684,4,1.692928162459976
20685,2,2.876748268942995
20686,4,2.1936809195554883
20687,4,1.3272643699910154
20688,4,3.0321091279104655
20689,1,2.846148298672278
20690,4,1.6066079838994776
20691,4,1.7257018863776927
20692,4,1.8433229671923252
20693,4,1.5440723984293054
20694,4,1.712592182165784
20695,1,1.9060166934181126
20696,4,2.15813635196832
20697,4,2.1079782548935038
20698,4,2.361360483133158
20699,4,1.194155966772886
20700,4,2.295869652769016
20701,4,1.2190022434707761
20702,2,1.677839001434105
20703,2,1.8787070606782417
20704,4,1.789068843093087
20705,4,1.7796140795955853
20706,4,2.136705014934704
20707,4,1.669008899919272
20708,4,2.203298932055311
20709,4,2.0005775751116195
20710,4,1.7758441574353592
20711,4,1.136771104244209
20712,2,2.1420937099119333
20713,1,1.2142212823747096
20714,1,1.4771642882502216
20715,2,2.416172834031187
20716,0,2.7923577513795332
20717,0,2.0154214760099056
20718,0,2.9215966917183573
20719,0,1.015562021594149
20720,4,1.7412858459511114
20721,4,1.5680987958674577
20722,4,1.3877385471354626
20723,1,1.700158475479045
20724,1,2.195922470624044
20725,4,
20726,4,
20727,1,
20728,4,1.4919646417589
20729,5,2.051551131260208
20730,5,1.898756245270037
20731,1,1.2079389901194806
20732,1,1.8502528420016564
20733,1,2.0291987759498484
20734,3,2.0239540525644264
20735,2,
20736,4,
20737,1,1.1857339193101464
20738,2,
20739,4,
20740,4,
20741,1,1.6748241592389168
20742,4,1.4331128289359516
20743,2,2.023120340441086
20744,2,3.7490465094315173
20745,2,1.980229439848917
20746,4,
20747,2,2.1043730018931366
20748,4,
20749,4,1.9905071733566975
20750,4,4.931564997484874
20751,4,4.882349026261045
20752,4,0.7668349300902366
20753,2,1.4068556483516048
20754,4,1.5934492021389992
20755,4,1.0519706794257313
20756,4,1.0522217573100723
20757,4,2.831731193097123
20758,2,4.191585333900689
20759,2,2.95971614558091
20760,4,1.4817705441501006
20761,2,1.9877547539223215
20762,4,1.5891160644550935
20763,4,1.328002558424266
20764,2,1.8941267659933796
20765,2,1.141213722102062
20766,2,2.1542088041152545
20767,4,
20768,4,
20769,4,
20770,4,
20771,4,
20772,2,
20773,4,1.1823370020492365
20774,4,1.4931684349663104
20775,4,1.736283028797193
20776,5,2.361963818218269
20777,4,2.816548867164669
20778,4,1.3175826450178045
20779,4,1.9192332874560933
20780,4,2.3643208791668364
20781,4,2.365720944543224
20782,4,1.3266586501742783
20783,4,1.9925828913482773
20784,4,2.03116358546121
20785,4,
20786,2,1.7915846100701767
20787,2,2.3246742740000492
20788,4,1.4694404805817385
20789,4,2.1238322078037912
20790,3,
20791,5,
20792,2,1.1816288270335602
20793,4,1.798834684749381
20794,1,1.7244398480496919
20795,4,3.238759218027727
20796,4,2.8591354792289594
20797,4,2.6423606424437773
20798,1,1.8994831634996825
20799,4,1.885053010967569
20800,2,1.3424231172557517
20801,4,2.0099637882136596
20802,4,1.2873638359511521
20803,4,1.5655170263443594
20804,2,2.192620738301066
20805,2,2.355213080041711
20806,4,1.265511852049944
20807,2,3.3526552731062984
20808,2,
20809,4,1.377445619575141
20810,4,1.8743396944870832
20811,4,2.384806143410152
20812,4,1.5912002933563276
20813,4,1.4865512212845282
20814,2,1.6372098712759129
20815,4,0.7202613604315343
20816,4,1.1806104997095144
20817,2,2.05218734139894
20818,2,1.854945374632177
20819,2,1.8973518622493981
20820,4,1.7287042028762711
20821,4,2.90995196011998
20822,4,3.02843505942281
20823,4,1.0577098444727022
20824,4,0.6639270735358671
20825,4,1.4231064371203601
20826,4,1.8921153109658415
20827,5,1.8454131273034289
20828,2,2.4236985715180346
20829,2,2.9298932370156696
20830,4,0.9348729851064278
20831,4,1.086353545080785
20832,4,2.7685532501237073
20833,4,2.5732973531012333
20834,2,1.3069854498385767
20835,2,1.8897042064095817
20836,2,1.69611961527662
20837,4,3.027093907066284
20838,2,1.0160223660747885
20839,2,2.681957867268608
20840,2,2.037490711081392
20841,2,2.273165254802467
20842,4,2.8090517705537628
20843,4,1.3774731214149027
20844,4,1.6007981182039588
20845,4,1.483603603817783
20846,4,1.8517545292227384
20847,1,1.9475103382638632
20848,1,1.9077273278414784
20849,1,2.2654662767691773
20850,1,1.8571560777282976
20851,3,2.271972257056048
20852,1,1.2139803177952362
20853,1,2.6383996434287607
20854,1,2.4425134425149544
20855,1,1.66802553891487
20856,3,
20857,4,0.8985380239096482
20858,2,2.235054508645964
20859,4,1.5236100753937798
20860,4,1.280079148739581
20861,2,1.3058963192119748
20862,1,1.4965444797350298
20863,3,2.5574119348889295
20864,1,1.8485192542184494
20865,4,1.2248101298650604
20866,4,1.846002998103329
20867,4,2.1981036423321587
20868,4,2.73310668538378
20869,4,2.73310668538378
20870,3,2.058961130222531
20871,3,2.058961130222531
20872,2,1.9097608331864495
20873,2,1.7822066248712578
20874,5,2.1512865283747744
20875,1,1.5233061938759807
20876,4,1.321420146446236
20877,4,1.9350881798071031
20878,1,1.9386686660985657
20879,5,2.285010547599149
20880,2,
20881,1,3.0092640513754128
20882,1,3.5216164389439246
20883,4,1.1488796010789293
20884,3,
20885,3,1.5848854561950083
20886,3,1.4748214014336487
20887,2,1.8329419298796854
20888,4,1.4601311490608695
20889,4,1.3253162133421386
20890,4,
20891,4,1.6288733574415295
20892,4,1.663296023205742
20893,4,2.6571083141190437
20894,4,1.5708353129947357
20895,1,2.9651015791565607
20896,4,1.756401958465496
20897,1,1.9008167493481027
20898,1,3.3856803965434143
20899,4,1.5359460378026182
20900,2,
20901,4,1.2188030990289005
20902,4,1.2664240932367616
20903,2,1.6857959130993196
20904,1,2.3307083030405455
20905,1,2.3387776492697996
20906,4,1.8276046292851202
20907,1,2.0457025845850825
20908,1,1.593999179727478
20909,1,2.2610051476981305
20910,1,2.0633437572558084
20911,4,2.1168647123138697
20912,2,2.246270144367962
20913,4,2.247177730698359
20914,4,1.935178351180217
20915,4,2.7474945994107465
20916,2,2.8381121338232704
20917,2,2.8018914944656235
20918,2,2.3524609073097733
20919,3,1.1007564334293396
20920,3,1.0611969855328875
20921,4,1.791398592398084
20922,2,4.081665717909265
20923,4,1.3932865836633748
20924,4,1.521584798640007
20925,1,1.0878876472056376
20926,2,1.979463335502409
20927,4,2.2810246305384103
20928,4,3.1223469122700465
20929,1,2.3418923228357547
20930,4,2.6572459089304097
20931,3,
20932,3,1.3266069221085788
20933,3,2.8663440399678066
20934,2,1.7697455578524586
20935,4,1.493939298524451
20936,4,1.9422910694304323
20937,4,1.5673070408898184
20938,4,3.109759016511124
20939,4,0.9024332444452826
20940,2,2.0618972991327547
20941,4,2.0639673129352074
20942,4,1.899325448464314
20943,4,2.0862276969736824
20944,4,1.5540809450431492
20945,2,2.2309529421364274
20946,4,1.448679356985993
20947,1,0.7085813551448801
20948,2,1.4354274137496403
20949,4,1.9790463337806121
20950,4,1.7680367442178975
20951,4,1.8190523502908176
20952,4,1.9202922407333851
20953,1,1.2724823531103662
20954,4,1.5690349859859882
20955,1,1.4707508793895723
20956,1,1.5190231787383284
20957,5,2.3611282057472534
20958,4,1.7403295086727624
20959,4,2.5925588612779547
20960,4,1.9251383131820958
20961,4,1.878731303925632
20962,2,1.5588192360760318
20963,4,1.1132728178892541
20964,2,3.9476837462317382
20965,4,
20966,2,1.8427800965926007
20967,2,2.621748211047465
20968,2,2.254881951849456
20969,2,3.3365909518609906
20970,2,2.6502195837422287
20971,4,1.0867408296020815
20972,4,2.7249744388036046
20973,4,2.5702728777174015
20974,3,2.6711155698243476
20975,3,2.980215336098574
20976,3,1.4298418055648427
20977,5,
20978,3,3.5608846331804913
20979,3,3.622662202681613
20980,1,1.2032848651791406
20981,2,2.1223917530956706
20982,4,1.1970379210763327
20983,4,1.1970379210763327
